ISO-10303-21;
HEADER;
FILE_DESCRIPTION (( 'STEP AP214' ),
    '1' );
FILE_NAME ('User Library-MS5607-02BA03.STEP',
    '2025-05-20T16:30:36',
    ( '' ),
    ( '' ),
    'SwSTEP 2.0',
    'SolidWorks 2022',
    '' );
FILE_SCHEMA (( 'AUTOMOTIVE_DESIGN' ));
ENDSEC;

DATA;
#1 = SURFACE_STYLE_FILL_AREA ( #2956 ) ;
#2 = VERTEX_POINT ( 'NONE', #1784 ) ;
#3 = FACE_OUTER_BOUND ( 'NONE', #1710, .T. ) ;
#4 = LINE ( 'NONE', #3341, #4214 ) ;
#5 = PRESENTATION_STYLE_ASSIGNMENT (( #228 ) ) ;
#6 = CARTESIAN_POINT ( 'NONE',  ( 0.9300000000000000488, 1.930000000000000382, 0.9500000000000000666 ) ) ;
#7 = DIRECTION ( 'NONE',  ( -0.0000000000000000000, 1.000000000000000000, 0.0000000000000000000 ) ) ;
#8 =( NAMED_UNIT ( * ) SI_UNIT ( $, .STERADIAN. ) SOLID_ANGLE_UNIT ( ) );
#9 = ORIENTED_EDGE ( 'NONE', *, *, #373, .F. ) ;
#10 = CARTESIAN_POINT ( 'NONE',  ( -0.5000000000000000000, -2.549999999999999822, 0.0000000000000000000 ) ) ;
#11 = EDGE_CURVE ( 'NONE', #2352, #2525, #2912, .T. ) ;
#12 = PRESENTATION_STYLE_ASSIGNMENT (( #997 ) ) ;
#13 = DIRECTION ( 'NONE',  ( 0.0000000000000000000, -1.000000000000000000, -0.0000000000000000000 ) ) ;
#14 = ORIENTED_EDGE ( 'NONE', *, *, #2062, .F. ) ;
#15 = CARTESIAN_POINT ( 'NONE',  ( -1.229999999999999982, -2.230000000000000426, 0.9499999999999999556 ) ) ;
#16 = DIRECTION ( 'NONE',  ( 0.0000000000000000000, 0.0000000000000000000, -1.000000000000000000 ) ) ;
#17 = FACE_OUTER_BOUND ( 'NONE', #254, .T. ) ;
#18 = VERTEX_POINT ( 'NONE', #4025 ) ;
#19 = PLANE ( 'NONE',  #4719 ) ;
#20 = VECTOR ( 'NONE', #2700, 1000.000000000000000 ) ;
#21 = CARTESIAN_POINT ( 'NONE',  ( -1.500000000000000000, 2.500000000000000000, 0.0000000000000000000 ) ) ;
#22 = CARTESIAN_POINT ( 'NONE',  ( 0.5999999999999999778, -1.625000000000000222, 0.0000000000000000000 ) ) ;
#23 = VECTOR ( 'NONE', #1310, 1000.000000000000000 ) ;
#24 = STYLED_ITEM ( 'NONE', ( #3519 ), #173 ) ;
#25 = DIRECTION ( 'NONE',  ( -0.0000000000000000000, 0.0000000000000000000, 1.000000000000000000 ) ) ;
#26 = FILL_AREA_STYLE ('',( #2523 ) ) ;
#27 = APPLICATION_CONTEXT ( 'automotive_design' ) ;
#28 = DIRECTION ( 'NONE',  ( 0.0000000000000000000, -1.000000000000000000, 0.0000000000000000000 ) ) ;
#29 = COLOUR_RGB ( '',0.8470588235294117530, 0.6901960784313725394, 0.2196078431372548989 ) ;
#30 = MECHANICAL_DESIGN_GEOMETRIC_PRESENTATION_REPRESENTATION (  '', ( #2921 ), #3155 ) ;
#31 = ORIENTED_EDGE ( 'NONE', *, *, #1295, .F. ) ;
#32 = PRESENTATION_LAYER_ASSIGNMENT (  '', '', ( #647 ) ) ;
#33 = MANIFOLD_SOLID_BREP ( 'Imported1', #1026 ) ;
#34 = CARTESIAN_POINT ( 'NONE',  ( -0.5000000000000000000, 2.232000000000000206, 0.1000000000000000056 ) ) ;
#35 =( LENGTH_UNIT ( ) NAMED_UNIT ( * ) SI_UNIT ( .MILLI., .METRE. ) );
#36 = SURFACE_STYLE_FILL_AREA ( #3352 ) ;
#37 = EDGE_LOOP ( 'NONE', ( #2969, #617, #415, #3114 ) ) ;
#38 = SURFACE_STYLE_USAGE ( .BOTH. , #3370 ) ;
#39 = VERTEX_POINT ( 'NONE', #2537 ) ;
#40 = DIRECTION ( 'NONE',  ( 0.0000000000000000000, 0.0000000000000000000, 1.000000000000000000 ) ) ;
#41 = PRESENTATION_STYLE_ASSIGNMENT (( #466 ) ) ;
#43 = EDGE_CURVE ( 'NONE', #4546, #2987, #1981, .T. ) ;
#42 = CARTESIAN_POINT ( 'NONE',  ( -1.500000000000000000, -0.8800000000000000044, 0.0000000000000000000 ) ) ;
#44 = ORIENTED_EDGE ( 'NONE', *, *, #1937, .T. ) ;
#45 = DIRECTION ( 'NONE',  ( 1.000000000000000000, 0.0000000000000000000, 0.0000000000000000000 ) ) ;
#46 = CARTESIAN_POINT ( 'NONE',  ( 1.500000000000000000, 0.8749999999999998890, 0.09999999999999999167 ) ) ;
#47 = UNCERTAINTY_MEASURE_WITH_UNIT (LENGTH_MEASURE( 1.000000000000000082E-05 ), #2215, 'distance_accuracy_value', 'NONE');
#48 = VECTOR ( 'NONE', #3712, 1000.000000000000000 ) ;
#49 = VERTEX_POINT ( 'NONE', #1491 ) ;
#50 = DIRECTION ( 'NONE',  ( 0.0000000000000000000, 0.0000000000000000000, -1.000000000000000000 ) ) ;
#51 = FILL_AREA_STYLE ('',( #3414 ) ) ;
#52 = CARTESIAN_POINT ( 'NONE',  ( 1.500000000000000000, -2.234999999999999876, 0.09999999999999989453 ) ) ;
#53 = DIRECTION ( 'NONE',  ( -0.0000000000000000000, -0.0000000000000000000, -1.000000000000000000 ) ) ;
#54 = PRESENTATION_LAYER_ASSIGNMENT (  '', '', ( #2177 ) ) ;
#55 =( LENGTH_UNIT ( ) NAMED_UNIT ( * ) SI_UNIT ( .MILLI., .METRE. ) );
#56 = ADVANCED_FACE ( 'NONE', ( #748 ), #3653, .T. ) ;
#57 = VERTEX_POINT ( 'NONE', #2219 ) ;
#58 = AXIS2_PLACEMENT_3D ( 'NONE', #3122, #1205, #3830 ) ;
#59 = CARTESIAN_POINT ( 'NONE',  ( -0.5000000000000000000, -0.9749999999999999778, 0.1069999999999999979 ) ) ;
#60 = VERTEX_POINT ( 'NONE', #3677 ) ;
#61 = CIRCLE ( 'NONE', #375, 0.3000000000000000444 ) ;
#62 = COLOUR_RGB ( '',0.8470588235294117530, 0.6901960784313725394, 0.2196078431372548989 ) ;
#63 = ORIENTED_EDGE ( 'NONE', *, *, #3969, .F. ) ;
#64 = CARTESIAN_POINT ( 'NONE',  ( -0.5999999999999999778, -1.620000000000000107, 0.0000000000000000000 ) ) ;
#65 = CARTESIAN_POINT ( 'NONE',  ( -1.500000000000000000, 1.625000000000000222, 0.1090000000000000135 ) ) ;
#66 = VECTOR ( 'NONE', #2476, 1000.000000000000000 ) ;
#67 = ORIENTED_EDGE ( 'NONE', *, *, #2093, .F. ) ;
#68 = ORIENTED_EDGE ( 'NONE', *, *, #784, .F. ) ;
#69 =( GEOMETRIC_REPRESENTATION_CONTEXT ( 3 ) GLOBAL_UNCERTAINTY_ASSIGNED_CONTEXT ( ( #561 ) ) GLOBAL_UNIT_ASSIGNED_CONTEXT ( ( #4411, #3233, #325 ) ) REPRESENTATION_CONTEXT ( 'NONE', 'WORKASPACE' ) );
#70 =( NAMED_UNIT ( * ) SI_UNIT ( $, .STERADIAN. ) SOLID_ANGLE_UNIT ( ) );
#71 = DIRECTION ( 'NONE',  ( 0.0000000000000000000, 0.0000000000000000000, -1.000000000000000000 ) ) ;
#72 = CARTESIAN_POINT ( 'NONE',  ( -0.5000000000000000000, -1.518000000000000016, 0.1069999999999999979 ) ) ;
#73 = ADVANCED_FACE ( 'NONE', ( #721 ), #1829, .T. ) ;
#74 = CARTESIAN_POINT ( 'NONE',  ( 1.500000000000000000, 2.500000000000000000, 0.3499999999999999778 ) ) ;
#75 = CARTESIAN_POINT ( 'NONE',  ( 0.9299999999999998268, 1.929999999999999938, 0.9500000000000000666 ) ) ;
#76 = CARTESIAN_POINT ( 'NONE',  ( -1.105735931288071461, -2.032943725152287051, 0.9500000000000001776 ) ) ;
#77 = EDGE_CURVE ( 'NONE', #1648, #2393, #3490, .T. ) ;
#78 = DIRECTION ( 'NONE',  ( 0.0000000000000000000, 1.000000000000000000, 0.0000000000000000000 ) ) ;
#79 = CARTESIAN_POINT ( 'NONE',  ( 1.250000000000000000, 2.350000000000000089, 0.3999999999999999667 ) ) ;
#80 = ORIENTED_EDGE ( 'NONE', *, *, #1578, .F. ) ;
#81 = VERTEX_POINT ( 'NONE', #79 ) ;
#82 = AXIS2_PLACEMENT_3D ( 'NONE', #1949, #1197, #4140 ) ;
#83 =( NAMED_UNIT ( * ) PLANE_ANGLE_UNIT ( ) SI_UNIT ( $, .RADIAN. ) );
#84 = ADVANCED_FACE ( 'NONE', ( #3045 ), #1989, .T. ) ;
#85 =( LENGTH_UNIT ( ) NAMED_UNIT ( * ) SI_UNIT ( .MILLI., .METRE. ) );
#86 = LINE ( 'NONE', #4515, #1589 ) ;
#87 = EDGE_LOOP ( 'NONE', ( #2109, #3604, #1145, #129 ) ) ;
#88 = ORIENTED_EDGE ( 'NONE', *, *, #4127, .T. ) ;
#89 = CARTESIAN_POINT ( 'NONE',  ( 1.350000000000000089, -2.250000000000000444, -0.7062500000000000444 ) ) ;
#90 = PRESENTATION_LAYER_ASSIGNMENT (  '', '', ( #4753 ) ) ;
#91 = FILL_AREA_STYLE ('',( #1950 ) ) ;
#92 = CARTESIAN_POINT ( 'NONE',  ( -1.510000000000000009, 0.3750000000000000000, 0.1000000000000000056 ) ) ;
#93 = ORIENTED_EDGE ( 'NONE', *, *, #1364, .F. ) ;
#94 =( LENGTH_UNIT ( ) NAMED_UNIT ( * ) SI_UNIT ( .MILLI., .METRE. ) );
#95 = FILL_AREA_STYLE_COLOUR ( '', #3151 ) ;
#96 = PLANE ( 'NONE',  #4722 ) ;
#97 = DIRECTION ( 'NONE',  ( 0.0000000000000000000, 0.0000000000000000000, 1.000000000000000000 ) ) ;
#98 = VECTOR ( 'NONE', #2545, 1000.000000000000000 ) ;
#99 = CARTESIAN_POINT ( 'NONE',  ( -0.6500000000000001332, -1.649999999999999911, 0.9499999999999999556 ) ) ;
#100 = ORIENTED_EDGE ( 'NONE', *, *, #3937, .F. ) ;
#101 = EDGE_CURVE ( 'NONE', #655, #2539, #2366, .T. ) ;
#102 = VECTOR ( 'NONE', #151, 1000.000000000000000 ) ;
#103 = STYLED_ITEM ( 'NONE', ( #3351 ), #1036 ) ;
#104 = VECTOR ( 'NONE', #266, 1000.000000000000000 ) ;
#105 = CYLINDRICAL_SURFACE ( 'NONE', #3071, 0.2999999999999999334 ) ;
#106 = VERTEX_POINT ( 'NONE', #1618 ) ;
#107 = EDGE_CURVE ( 'NONE', #4143, #1839, #4510, .T. ) ;
#108 = ORIENTED_EDGE ( 'NONE', *, *, #2953, .T. ) ;
#109 =( GEOMETRIC_REPRESENTATION_CONTEXT ( 3 ) GLOBAL_UNCERTAINTY_ASSIGNED_CONTEXT ( ( #1407 ) ) GLOBAL_UNIT_ASSIGNED_CONTEXT ( ( #1750, #503, #1323 ) ) REPRESENTATION_CONTEXT ( 'NONE', 'WORKASPACE' ) );
#110 = CARTESIAN_POINT ( 'NONE',  ( -0.9299999999999998268, 1.930000000000000160, 0.6500000000000001332 ) ) ;
#111 = EDGE_LOOP ( 'NONE', ( #3491, #3399, #2407, #4396 ) ) ;
#112 = LINE ( 'NONE', #4482, #2725 ) ;
#113 = CARTESIAN_POINT ( 'NONE',  ( 1.550000000000000266, 0.9749999999999997558, 0.0000000000000000000 ) ) ;
#114 = CARTESIAN_POINT ( 'NONE',  ( 0.9300000000000000488, 1.930000000000000382, 0.6500000000000001332 ) ) ;
#115 = FILL_AREA_STYLE ('',( #2665 ) ) ;
#116 = DIRECTION ( 'NONE',  ( 0.0000000000000000000, -1.000000000000000000, -0.0000000000000000000 ) ) ;
#117 = VECTOR ( 'NONE', #4453, 1000.000000000000000 ) ;
#118 = DIRECTION ( 'NONE',  ( -0.0000000000000000000, -0.0000000000000000000, 1.000000000000000000 ) ) ;
#119 = DIRECTION ( 'NONE',  ( 0.0000000000000000000, 0.0000000000000000000, -1.000000000000000000 ) ) ;
#120 = SURFACE_STYLE_USAGE ( .BOTH. , #478 ) ;
#121 = DIRECTION ( 'NONE',  ( 0.0000000000000000000, 1.000000000000000000, 0.0000000000000000000 ) ) ;
#122 = ORIENTED_EDGE ( 'NONE', *, *, #1324, .F. ) ;
#123 = VERTEX_POINT ( 'NONE', #4583 ) ;
#124 = CARTESIAN_POINT ( 'NONE',  ( 1.500000000000000000, -0.8750000000000000000, 0.0000000000000000000 ) ) ;
#125 = CARTESIAN_POINT ( 'NONE',  ( -1.500000000000000000, -2.500000000000000000, 0.0000000000000000000 ) ) ;
#126 = UNCERTAINTY_MEASURE_WITH_UNIT (LENGTH_MEASURE( 1.000000000000000082E-05 ), #921, 'distance_accuracy_value', 'NONE');
#127 = ADVANCED_FACE ( 'NONE', ( #4151 ), #2651, .T. ) ;
#128 = LINE ( 'NONE', #1598, #3154 ) ;
#129 = ORIENTED_EDGE ( 'NONE', *, *, #365, .T. ) ;
#130 = ORIENTED_EDGE ( 'NONE', *, *, #288, .F. ) ;
#131 = CARTESIAN_POINT ( 'NONE',  ( 1.500000000000000000, 1.625000000000000222, 0.09999999999999999167 ) ) ;
#132 = ORIENTED_EDGE ( 'NONE', *, *, #1476, .T. ) ;
#133 = PRESENTATION_LAYER_ASSIGNMENT (  '', '', ( #3801 ) ) ;
#134 = DIRECTION ( 'NONE',  ( -1.000000000000000000, 0.0000000000000000000, -0.0000000000000000000 ) ) ;
#135 = DIRECTION ( 'NONE',  ( 0.0000000000000000000, -0.0000000000000000000, 1.000000000000000000 ) ) ;
#136 = STYLED_ITEM ( 'NONE', ( #1689 ), #4199 ) ;
#137 = AXIS2_PLACEMENT_3D ( 'NONE', #2376, #2758, #544 ) ;
#138 = ORIENTED_EDGE ( 'NONE', *, *, #1706, .T. ) ;
#139 = EDGE_LOOP ( 'NONE', ( #3143, #2457, #2626, #1963 ) ) ;
#140 = DIRECTION ( 'NONE',  ( 0.0000000000000000000, 0.0000000000000000000, 1.000000000000000000 ) ) ;
#141 = CARTESIAN_POINT ( 'NONE',  ( -0.9299999999999990496, 2.230000000000000426, 0.3999999999999994671 ) ) ;
#142 = VECTOR ( 'NONE', #1419, 1000.000000000000000 ) ;
#143 = AXIS2_PLACEMENT_3D ( 'NONE', #723, #376, #1874 ) ;
#144 = PRESENTATION_STYLE_ASSIGNMENT (( #788 ) ) ;
#145 = EDGE_CURVE ( 'NONE', #4573, #3611, #4627, .T. ) ;
#146 = DIRECTION ( 'NONE',  ( 1.000000000000000000, -0.0000000000000000000, 0.0000000000000000000 ) ) ;
#147 = PRESENTATION_LAYER_ASSIGNMENT (  '', '', ( #1724 ) ) ;
#148 = FACE_OUTER_BOUND ( 'NONE', #4516, .T. ) ;
#149 = DIRECTION ( 'NONE',  ( -1.000000000000000000, 0.0000000000000000000, 0.0000000000000000000 ) ) ;
#150 = FILL_AREA_STYLE ('',( #2390 ) ) ;
#151 = DIRECTION ( 'NONE',  ( -0.0000000000000000000, 1.000000000000000000, 0.0000000000000000000 ) ) ;
#152 = ORIENTED_EDGE ( 'NONE', *, *, #784, .T. ) ;
#153 = ORIENTED_EDGE ( 'NONE', *, *, #667, .F. ) ;
#154 = LINE ( 'NONE', #2419, #1542 ) ;
#155 = CARTESIAN_POINT ( 'NONE',  ( 1.500000000000000000, -2.549999999999999822, 0.2999999999999999889 ) ) ;
#156 = DIRECTION ( 'NONE',  ( 0.0000000000000000000, 1.000000000000000000, 0.0000000000000000000 ) ) ;
#157 = VERTEX_POINT ( 'NONE', #3574 ) ;
#158 = ORIENTED_EDGE ( 'NONE', *, *, #3191, .T. ) ;
#159 = CARTESIAN_POINT ( 'NONE',  ( 1.508999999999999897, 1.625000000000000222, 0.0000000000000000000 ) ) ;
#160 = ORIENTED_EDGE ( 'NONE', *, *, #2945, .F. ) ;
#161 = DIRECTION ( 'NONE',  ( 0.0000000000000000000, 0.0000000000000000000, 1.000000000000000000 ) ) ;
#162 = ADVANCED_FACE ( 'NONE', ( #1671 ), #248, .T. ) ;
#163 = DIRECTION ( 'NONE',  ( 0.0000000000000000000, 0.0000000000000000000, -1.000000000000000000 ) ) ;
#164 = DIRECTION ( 'NONE',  ( 0.0000000000000000000, 0.0000000000000000000, -1.000000000000000000 ) ) ;
#165 = ORIENTED_EDGE ( 'NONE', *, *, #1351, .F. ) ;
#166 = AXIS2_PLACEMENT_3D ( 'NONE', #3528, #161, #2056 ) ;
#167 = DIRECTION ( 'NONE',  ( -1.000000000000000000, 0.0000000000000000000, -0.0000000000000000000 ) ) ;
#168 =( LENGTH_UNIT ( ) NAMED_UNIT ( * ) SI_UNIT ( .MILLI., .METRE. ) );
#169 = CARTESIAN_POINT ( 'NONE',  ( 0.5999999999999999778, 1.514999999999999902, 0.1000000000000000056 ) ) ;
#170 = DIRECTION ( 'NONE',  ( 1.000000000000000000, -0.0000000000000000000, 0.0000000000000000000 ) ) ;
#171 = FILL_AREA_STYLE_COLOUR ( '', #3627 ) ;
#172 = ORIENTED_EDGE ( 'NONE', *, *, #2998, .T. ) ;
#173 = ADVANCED_FACE ( 'NONE', ( #3923 ), #926, .T. ) ;
#174 = SURFACE_STYLE_FILL_AREA ( #3522 ) ;
#175 = CARTESIAN_POINT ( 'NONE',  ( 0.4899999999999999911, -1.524999999999999911, 0.09999999999999979738 ) ) ;
#176 = UNCERTAINTY_MEASURE_WITH_UNIT (LENGTH_MEASURE( 1.000000000000000082E-05 ), #4354, 'distance_accuracy_value', 'NONE');
#177 = ORIENTED_EDGE ( 'NONE', *, *, #3020, .F. ) ;
#178 = DIRECTION ( 'NONE',  ( 1.000000000000000000, 0.0000000000000000000, 0.0000000000000000000 ) ) ;
#179 = ORIENTED_EDGE ( 'NONE', *, *, #4671, .F. ) ;
#180 = DIRECTION ( 'NONE',  ( -0.0000000000000000000, 0.0000000000000000000, -1.000000000000000000 ) ) ;
#181 = VECTOR ( 'NONE', #156, 1000.000000000000000 ) ;
#182 = LINE ( 'NONE', #2827, #4643 ) ;
#183 = STYLED_ITEM ( 'NONE', ( #2071 ), #162 ) ;
#184 =( NAMED_UNIT ( * ) PLANE_ANGLE_UNIT ( ) SI_UNIT ( $, .RADIAN. ) );
#185 = CARTESIAN_POINT ( 'NONE',  ( -1.500000000000000000, 0.3750000000000000000, 0.1090000000000000135 ) ) ;
#186 = ORIENTED_EDGE ( 'NONE', *, *, #1002, .F. ) ;
#187 =( GEOMETRIC_REPRESENTATION_CONTEXT ( 3 ) GLOBAL_UNCERTAINTY_ASSIGNED_CONTEXT ( ( #4560 ) ) GLOBAL_UNIT_ASSIGNED_CONTEXT ( ( #3603, #3999, #4024 ) ) REPRESENTATION_CONTEXT ( 'NONE', 'WORKASPACE' ) );
#188 = SURFACE_STYLE_USAGE ( .BOTH. , #1282 ) ;
#189 = VECTOR ( 'NONE', #2210, 1000.000000000000000 ) ;
#190 = ORIENTED_EDGE ( 'NONE', *, *, #195, .T. ) ;
#191 = CARTESIAN_POINT ( 'NONE',  ( 1.229999999999999982, 2.230000000000000426, 0.6500000000000001332 ) ) ;
#192 = LINE ( 'NONE', #1315, #3678 ) ;
#193 = PLANE ( 'NONE',  #4180 ) ;
#194 =( GEOMETRIC_REPRESENTATION_CONTEXT ( 3 ) GLOBAL_UNCERTAINTY_ASSIGNED_CONTEXT ( ( #3009 ) ) GLOBAL_UNIT_ASSIGNED_CONTEXT ( ( #4050, #303, #1870 ) ) REPRESENTATION_CONTEXT ( 'NONE', 'WORKASPACE' ) );
#195 = EDGE_CURVE ( 'NONE', #780, #634, #4524, .T. ) ;
#196 = DIRECTION ( 'NONE',  ( 1.000000000000000000, -0.0000000000000000000, 0.0000000000000000000 ) ) ;
#197 = VECTOR ( 'NONE', #1613, 1000.000000000000000 ) ;
#198 = DIRECTION ( 'NONE',  ( 0.0000000000000000000, 0.0000000000000000000, 1.000000000000000000 ) ) ;
#199 = LINE ( 'NONE', #2863, #2254 ) ;
#200 =( GEOMETRIC_REPRESENTATION_CONTEXT ( 3 ) GLOBAL_UNCERTAINTY_ASSIGNED_CONTEXT ( ( #2546 ) ) GLOBAL_UNIT_ASSIGNED_CONTEXT ( ( #2884, #4723, #4076 ) ) REPRESENTATION_CONTEXT ( 'NONE', 'WORKASPACE' ) );
#201 = ADVANCED_FACE ( 'NONE', ( #1287 ), #3888, .T. ) ;
#202 = DIRECTION ( 'NONE',  ( 0.0000000000000000000, -0.0000000000000000000, 1.000000000000000000 ) ) ;
#203 = PRESENTATION_STYLE_ASSIGNMENT (( #2442 ) ) ;
#204 = COLOUR_RGB ( '',0.8470588235294117530, 0.6901960784313725394, 0.2196078431372548989 ) ;
#205 = CARTESIAN_POINT ( 'NONE',  ( 1.230000000000000426, -1.930000000000000604, 0.8257359312880717672 ) ) ;
#206 = EDGE_CURVE ( 'NONE', #4081, #3092, #1979, .T. ) ;
#207 = DIRECTION ( 'NONE',  ( -1.000000000000000000, -0.0000000000000000000, -0.0000000000000000000 ) ) ;
#208 = PRESENTATION_LAYER_ASSIGNMENT (  '', '', ( #734 ) ) ;
#209 = ORIENTED_EDGE ( 'NONE', *, *, #2100, .F. ) ;
#210 = ORIENTED_EDGE ( 'NONE', *, *, #3462, .F. ) ;
#211 =( NAMED_UNIT ( * ) SI_UNIT ( $, .STERADIAN. ) SOLID_ANGLE_UNIT ( ) );
#212 = ORIENTED_EDGE ( 'NONE', *, *, #712, .T. ) ;
#213 = DIRECTION ( 'NONE',  ( 0.0000000000000000000, -1.000000000000000000, 0.0000000000000000000 ) ) ;
#214 = VECTOR ( 'NONE', #2209, 1000.000000000000000 ) ;
#215 = ORIENTED_EDGE ( 'NONE', *, *, #3407, .T. ) ;
#216 =( LENGTH_UNIT ( ) NAMED_UNIT ( * ) SI_UNIT ( .MILLI., .METRE. ) );
#217 =( NAMED_UNIT ( * ) SI_UNIT ( $, .STERADIAN. ) SOLID_ANGLE_UNIT ( ) );
#218 =( NAMED_UNIT ( * ) SI_UNIT ( $, .STERADIAN. ) SOLID_ANGLE_UNIT ( ) );
#219 = PRESENTATION_LAYER_ASSIGNMENT (  '', '', ( #3263 ) ) ;
#220 = DIRECTION ( 'NONE',  ( 0.0000000000000000000, 1.000000000000000000, 0.0000000000000000000 ) ) ;
#221 = PRESENTATION_LAYER_ASSIGNMENT (  '', '', ( #522 ) ) ;
#222 = AXIS2_PLACEMENT_3D ( 'NONE', #4383, #1017, #973 ) ;
#223 = STYLED_ITEM ( 'NONE', ( #3055 ), #4359 ) ;
#224 = SURFACE_STYLE_USAGE ( .BOTH. , #4306 ) ;
#225 = CIRCLE ( 'NONE', #1394, 0.2999999999999999334 ) ;
#226 = SURFACE_STYLE_USAGE ( .BOTH. , #3575 ) ;
#227 = ADVANCED_FACE ( 'NONE', ( #868, #1559 ), #4549, .T. ) ;
#228 = SURFACE_STYLE_USAGE ( .BOTH. , #3976 ) ;
#229 = CARTESIAN_POINT ( 'NONE',  ( 1.105735931288071239, -2.230000000000000426, 0.8257359312880716562 ) ) ;
#230 =( LENGTH_UNIT ( ) NAMED_UNIT ( * ) SI_UNIT ( .MILLI., .METRE. ) );
#231 = VERTEX_POINT ( 'NONE', #575 ) ;
#232 = EDGE_LOOP ( 'NONE', ( #386, #1008, #4533, #2896 ) ) ;
#233 = PRESENTATION_STYLE_ASSIGNMENT (( #2540 ) ) ;
#234 = ORIENTED_EDGE ( 'NONE', *, *, #4658, .F. ) ;
#235 = CARTESIAN_POINT ( 'NONE',  ( 1.229999999999999982, -2.396999999999999797, 0.4000000000000000222 ) ) ;
#236 = SURFACE_SIDE_STYLE ('',( #2003 ) ) ;
#237 = SURFACE_STYLE_USAGE ( .BOTH. , #4369 ) ;
#238 = FACE_OUTER_BOUND ( 'NONE', #2729, .T. ) ;
#239 = FACE_OUTER_BOUND ( 'NONE', #960, .T. ) ;
#240 = ORIENTED_EDGE ( 'NONE', *, *, #1730, .T. ) ;
#241 = ORIENTED_EDGE ( 'NONE', *, *, #556, .F. ) ;
#242 = DIRECTION ( 'NONE',  ( 0.0000000000000000000, 0.0000000000000000000, -1.000000000000000000 ) ) ;
#243 = CARTESIAN_POINT ( 'NONE',  ( -0.9299999999999990496, 1.930000000000000160, 0.3999999999999988565 ) ) ;
#244 = SURFACE_STYLE_FILL_AREA ( #2439 ) ;
#245 = DIRECTION ( 'NONE',  ( 0.0000000000000000000, 1.000000000000000000, 0.0000000000000000000 ) ) ;
#246 = CARTESIAN_POINT ( 'NONE',  ( 0.4899999999999999911, -1.524999999999999911, 0.1100000000000000006 ) ) ;
#247 = DIRECTION ( 'NONE',  ( 0.0000000000000000000, -0.0000000000000000000, -1.000000000000000000 ) ) ;
#248 = PLANE ( 'NONE',  #4241 ) ;
#249 = SURFACE_STYLE_FILL_AREA ( #2471 ) ;
#250 = CARTESIAN_POINT ( 'NONE',  ( 0.4899999999999999911, -0.9849999999999999867, 0.1000000000000000056 ) ) ;
#251 = LINE ( 'NONE', #4309, #181 ) ;
#252 = EDGE_CURVE ( 'NONE', #3092, #2304, #2121, .T. ) ;
#253 = ORIENTED_EDGE ( 'NONE', *, *, #4633, .F. ) ;
#254 = EDGE_LOOP ( 'NONE', ( #467, #2962, #160, #2280 ) ) ;
#255 = PRESENTATION_STYLE_ASSIGNMENT (( #1049 ) ) ;
#256 = LINE ( 'NONE', #976, #2498 ) ;
#257 = DIRECTION ( 'NONE',  ( 0.0000000000000000000, -1.000000000000000000, -0.0000000000000000000 ) ) ;
#258 = CIRCLE ( 'NONE', #2533, 0.1000000000000000472 ) ;
#259 = CARTESIAN_POINT ( 'NONE',  ( 0.5999999999999999778, -2.129999999999999893, 0.0000000000000000000 ) ) ;
#260 = EDGE_CURVE ( 'NONE', #4036, #2138, #602, .T. ) ;
#261 = ORIENTED_EDGE ( 'NONE', *, *, #3598, .F. ) ;
#262 = CARTESIAN_POINT ( 'NONE',  ( 0.5999999999999999778, -0.8750000000000000000, 0.1000000000000000056 ) ) ;
#263 = CIRCLE ( 'NONE', #2985, 0.3000000000000000444 ) ;
#264 = STYLED_ITEM ( 'NONE', ( #1136 ), #127 ) ;
#265 = DIRECTION ( 'NONE',  ( 0.0000000000000000000, 1.000000000000000000, 0.0000000000000000000 ) ) ;
#266 = DIRECTION ( 'NONE',  ( 0.0000000000000000000, 1.000000000000000000, 0.0000000000000000000 ) ) ;
#267 = COLOUR_RGB ( '',0.8470588235294117530, 0.6901960784313725394, 0.2196078431372548989 ) ;
#268 = FACE_OUTER_BOUND ( 'NONE', #4556, .T. ) ;
#269 = ORIENTED_EDGE ( 'NONE', *, *, #2041, .F. ) ;
#270 = PLANE ( 'NONE',  #507 ) ;
#271 = LINE ( 'NONE', #4703, #1779 ) ;
#272 = LINE ( 'NONE', #3254, #1863 ) ;
#273 = VECTOR ( 'NONE', #146, 1000.000000000000000 ) ;
#274 = SURFACE_STYLE_FILL_AREA ( #2217 ) ;
#275 = UNCERTAINTY_MEASURE_WITH_UNIT (LENGTH_MEASURE( 1.000000000000000082E-05 ), #1403, 'distance_accuracy_value', 'NONE');
#276 = SURFACE_SIDE_STYLE ('',( #4758 ) ) ;
#277 = ORIENTED_EDGE ( 'NONE', *, *, #3980, .T. ) ;
#278 = ORIENTED_EDGE ( 'NONE', *, *, #3100, .F. ) ;
#279 = PRESENTATION_LAYER_ASSIGNMENT (  '', '', ( #4631 ) ) ;
#280 = PRODUCT_CONTEXT ( 'NONE', #27, 'mechanical' ) ;
#281 = ADVANCED_FACE ( 'NONE', ( #3565 ), #4011, .T. ) ;
#282 = PRESENTATION_LAYER_ASSIGNMENT (  '', '', ( #4557 ) ) ;
#283 = UNCERTAINTY_MEASURE_WITH_UNIT (LENGTH_MEASURE( 1.000000000000000082E-05 ), #4731, 'distance_accuracy_value', 'NONE');
#284 = DIRECTION ( 'NONE',  ( -1.000000000000000000, 0.0000000000000000000, -0.0000000000000000000 ) ) ;
#285 = CARTESIAN_POINT ( 'NONE',  ( 1.250000000000000000, -2.250000000000000444, 0.2999999999999999334 ) ) ;
#286 = PRESENTATION_STYLE_ASSIGNMENT (( #1078 ) ) ;
#287 = STYLED_ITEM ( 'NONE', ( #465 ), #2596 ) ;
#288 = EDGE_CURVE ( 'NONE', #1077, #1997, #942, .T. ) ;
#289 = PRESENTATION_STYLE_ASSIGNMENT (( #4351 ) ) ;
#290 = PRESENTATION_LAYER_ASSIGNMENT (  '', '', ( #3097 ) ) ;
#291 = COLOUR_RGB ( '',0.8470588235294117530, 0.6901960784313725394, 0.2196078431372548989 ) ;
#292 = ORIENTED_EDGE ( 'NONE', *, *, #3237, .F. ) ;
#293 =( LENGTH_UNIT ( ) NAMED_UNIT ( * ) SI_UNIT ( .MILLI., .METRE. ) );
#294 = STYLED_ITEM ( 'NONE', ( #1485 ), #3754 ) ;
#295 = MECHANICAL_DESIGN_GEOMETRIC_PRESENTATION_REPRESENTATION (  '', ( #830 ), #1464 ) ;
#296 = ADVANCED_FACE ( 'NONE', ( #3271 ), #922, .T. ) ;
#297 =( NAMED_UNIT ( * ) PLANE_ANGLE_UNIT ( ) SI_UNIT ( $, .RADIAN. ) );
#298 = AXIS2_PLACEMENT_3D ( 'NONE', #4238, #1632, #2353 ) ;
#299 =( LENGTH_UNIT ( ) NAMED_UNIT ( * ) SI_UNIT ( .MILLI., .METRE. ) );
#300 = DIRECTION ( 'NONE',  ( 0.0000000000000000000, 0.0000000000000000000, 1.000000000000000000 ) ) ;
#301 = MECHANICAL_DESIGN_GEOMETRIC_PRESENTATION_REPRESENTATION (  '', ( #527 ), #3662 ) ;
#302 = FACE_OUTER_BOUND ( 'NONE', #4366, .T. ) ;
#303 =( NAMED_UNIT ( * ) PLANE_ANGLE_UNIT ( ) SI_UNIT ( $, .RADIAN. ) );
#304 = DIRECTION ( 'NONE',  ( 0.0000000000000000000, 1.000000000000000000, 0.0000000000000000000 ) ) ;
#305 = ORIENTED_EDGE ( 'NONE', *, *, #3042, .T. ) ;
#306 = DIRECTION ( 'NONE',  ( 0.0000000000000000000, -0.0000000000000000000, 1.000000000000000000 ) ) ;
#307 = SURFACE_SIDE_STYLE ('',( #2541 ) ) ;
#308 = CARTESIAN_POINT ( 'NONE',  ( -1.230000000000000204, 2.105735931288071239, 0.8257359312880714342 ) ) ;
#309 = CARTESIAN_POINT ( 'NONE',  ( -0.9300000000000000488, -1.930000000000000382, 0.9500000000000000666 ) ) ;
#310 = SURFACE_STYLE_FILL_AREA ( #4415 ) ;
#312 = ADVANCED_FACE ( 'NONE', ( #553 ), #3538, .T. ) ;
#311 = FILL_AREA_STYLE_COLOUR ( '', #1138 ) ;
#313 = ORIENTED_EDGE ( 'NONE', *, *, #4621, .T. ) ;
#314 = DIRECTION ( 'NONE',  ( 0.0000000000000000000, 0.0000000000000000000, 1.000000000000000000 ) ) ;
#315 = ORIENTED_EDGE ( 'NONE', *, *, #943, .T. ) ;
#316 = FACE_OUTER_BOUND ( 'NONE', #1055, .T. ) ;
#317 = STYLED_ITEM ( 'NONE', ( #381 ), #4783 ) ;
#318 = DIRECTION ( 'NONE',  ( 0.0000000000000000000, 0.0000000000000000000, 1.000000000000000000 ) ) ;
#319 = ADVANCED_FACE ( 'NONE', ( #2252 ), #3335, .T. ) ;
#320 = SURFACE_STYLE_USAGE ( .BOTH. , #1086 ) ;
#321 = CARTESIAN_POINT ( 'NONE',  ( -0.5999999999999999778, 0.8750000000000000000, 0.0000000000000000000 ) ) ;
#322 = CARTESIAN_POINT ( 'NONE',  ( 0.5000000000000000000, -0.9749999999999999778, 0.1000000000000000056 ) ) ;
#323 = CARTESIAN_POINT ( 'NONE',  ( -0.5999999999999999778, 1.625000000000000222, 0.1050000000000000100 ) ) ;
#324 = FILL_AREA_STYLE ('',( #1892 ) ) ;
#325 =( NAMED_UNIT ( * ) SI_UNIT ( $, .STERADIAN. ) SOLID_ANGLE_UNIT ( ) );
#326 = CARTESIAN_POINT ( 'NONE',  ( 0.5999999999999999778, -1.625000000000000222, 0.1050000000000000100 ) ) ;
#327 = CARTESIAN_POINT ( 'NONE',  ( -0.9300000000000002709, -1.930000000000000382, 0.9500000000000002887 ) ) ;
#328 = CARTESIAN_POINT ( 'NONE',  ( 0.5000000000000000000, -1.524999999999999911, 0.1069999999999999979 ) ) ;
#329 = UNCERTAINTY_MEASURE_WITH_UNIT (LENGTH_MEASURE( 1.000000000000000082E-05 ), #387, 'distance_accuracy_value', 'NONE');
#330 = ORIENTED_EDGE ( 'NONE', *, *, #609, .T. ) ;
#331 = DIRECTION ( 'NONE',  ( 1.000000000000000000, 0.0000000000000000000, 0.0000000000000000000 ) ) ;
#332 = DIRECTION ( 'NONE',  ( -1.000000000000000000, 0.0000000000000000000, 0.0000000000000000000 ) ) ;
#333 = MECHANICAL_DESIGN_GEOMETRIC_PRESENTATION_REPRESENTATION (  '', ( #2835 ), #1976 ) ;
#334 = ORIENTED_EDGE ( 'NONE', *, *, #2973, .F. ) ;
#335 = VECTOR ( 'NONE', #3343, 1000.000000000000000 ) ;
#336 = EDGE_CURVE ( 'NONE', #2525, #2927, #4399, .T. ) ;
#337 = MECHANICAL_DESIGN_GEOMETRIC_PRESENTATION_REPRESENTATION (  '', ( #3622 ), #3066 ) ;
#338 = VECTOR ( 'NONE', #2446, 1000.000000000000000 ) ;
#339 = CARTESIAN_POINT ( 'NONE',  ( 0.5999999999999999778, -0.9849999999999999867, 0.1000000000000000056 ) ) ;
#340 = DIRECTION ( 'NONE',  ( 1.000000000000000000, 0.0000000000000000000, -0.0000000000000000000 ) ) ;
#341 = DIRECTION ( 'NONE',  ( -1.000000000000000000, 0.0000000000000000000, 0.0000000000000000000 ) ) ;
#342 =( LENGTH_UNIT ( ) NAMED_UNIT ( * ) SI_UNIT ( .MILLI., .METRE. ) );
#343 = ADVANCED_FACE ( 'NONE', ( #4769 ), #4122, .T. ) ;
#344 =( NAMED_UNIT ( * ) PLANE_ANGLE_UNIT ( ) SI_UNIT ( $, .RADIAN. ) );
#345 = VECTOR ( 'NONE', #2268, 1000.000000000000000 ) ;
#346 = DIRECTION ( 'NONE',  ( -0.0000000000000000000, -0.0000000000000000000, -1.000000000000000000 ) ) ;
#347 = PRODUCT_DEFINITION_SHAPE ( 'NONE', 'NONE',  #1590 ) ;
#348 =( LENGTH_UNIT ( ) NAMED_UNIT ( * ) SI_UNIT ( .MILLI., .METRE. ) );
#349 = ORIENTED_EDGE ( 'NONE', *, *, #2460, .T. ) ;
#350 = APPLICATION_PROTOCOL_DEFINITION ( 'draft international standard', 'automotive_design', 1998, #27 ) ;
#351 = VECTOR ( 'NONE', #2531, 1000.000000000000000 ) ;
#352 = DIRECTION ( 'NONE',  ( 0.0000000000000000000, 0.0000000000000000000, 1.000000000000000000 ) ) ;
#353 = EDGE_CURVE ( 'NONE', #1410, #123, #571, .T. ) ;
#354 = DIRECTION ( 'NONE',  ( 0.0000000000000000000, 0.0000000000000000000, 1.000000000000000000 ) ) ;
#355 = AXIS2_PLACEMENT_3D ( 'NONE', #3748, #2143, #1773 ) ;
#356 = SURFACE_STYLE_USAGE ( .BOTH. , #1477 ) ;
#357 = EDGE_LOOP ( 'NONE', ( #2584, #496 ) ) ;
#358 = ORIENTED_EDGE ( 'NONE', *, *, #3065, .T. ) ;
#359 = CIRCLE ( 'NONE', #3088, 0.1000000000000000472 ) ;
#360 = VERTEX_POINT ( 'NONE', #4594 ) ;
#361 = CARTESIAN_POINT ( 'NONE',  ( 1.500000000000000000, -2.500000000000000000, 0.2999999999999999889 ) ) ;
#362 = COLOUR_RGB ( '',0.8470588235294117530, 0.6901960784313725394, 0.2196078431372548989 ) ;
#363 =( NAMED_UNIT ( * ) PLANE_ANGLE_UNIT ( ) SI_UNIT ( $, .RADIAN. ) );
#364 = PRESENTATION_LAYER_ASSIGNMENT (  '', '', ( #742 ) ) ;
#365 = EDGE_CURVE ( 'NONE', #49, #2059, #2710, .T. ) ;
#366 = CARTESIAN_POINT ( 'NONE',  ( 1.229999999999999760, 2.105735931288071683, 0.6499999999999998002 ) ) ;
#367 =( GEOMETRIC_REPRESENTATION_CONTEXT ( 3 ) GLOBAL_UNCERTAINTY_ASSIGNED_CONTEXT ( ( #3998 ) ) GLOBAL_UNIT_ASSIGNED_CONTEXT ( ( #94, #2688, #70 ) ) REPRESENTATION_CONTEXT ( 'NONE', 'WORKASPACE' ) );
#368 = CARTESIAN_POINT ( 'NONE',  ( -1.510000000000000009, -0.9849999999999999867, 0.1000000000000000056 ) ) ;
#369 = MECHANICAL_DESIGN_GEOMETRIC_PRESENTATION_REPRESENTATION (  '', ( #3263 ), #2415 ) ;
#370 = LINE ( 'NONE', #3323, #3073 ) ;
#371 = SURFACE_SIDE_STYLE ('',( #2197 ) ) ;
#372 = DIRECTION ( 'NONE',  ( 0.0000000000000000000, -0.0000000000000000000, -1.000000000000000000 ) ) ;
#373 = EDGE_CURVE ( 'NONE', #2344, #3208, #3799, .T. ) ;
#374 = VERTEX_POINT ( 'NONE', #4571 ) ;
#375 = AXIS2_PLACEMENT_3D ( 'NONE', #2534, #4021, #300 ) ;
#376 = DIRECTION ( 'NONE',  ( -0.0000000000000000000, 1.000000000000000000, 0.0000000000000000000 ) ) ;
#377 =( NAMED_UNIT ( * ) PLANE_ANGLE_UNIT ( ) SI_UNIT ( $, .RADIAN. ) );
#378 =( NAMED_UNIT ( * ) PLANE_ANGLE_UNIT ( ) SI_UNIT ( $, .RADIAN. ) );
#379 = EDGE_CURVE ( 'NONE', #2539, #4001, #1951, .T. ) ;
#380 = ORIENTED_EDGE ( 'NONE', *, *, #453, .F. ) ;
#381 = PRESENTATION_STYLE_ASSIGNMENT (( #4541 ) ) ;
#382 = EDGE_LOOP ( 'NONE', ( #2205, #1673, #3866, #1227 ) ) ;
#383 = DIRECTION ( 'NONE',  ( -0.0000000000000000000, -1.000000000000000000, 0.0000000000000000000 ) ) ;
#384 = ORIENTED_EDGE ( 'NONE', *, *, #584, .F. ) ;
#385 = CARTESIAN_POINT ( 'NONE',  ( -0.5999999999999999778, -1.625000000000000222, 0.0000000000000000000 ) ) ;
#386 = ORIENTED_EDGE ( 'NONE', *, *, #2964, .F. ) ;
#387 =( LENGTH_UNIT ( ) NAMED_UNIT ( * ) SI_UNIT ( .MILLI., .METRE. ) );
#388 = CARTESIAN_POINT ( 'NONE',  ( 0.9299999999999999378, 2.105735931288071683, 0.9500000000000001776 ) ) ;
#389 = VERTEX_POINT ( 'NONE', #2355 ) ;
#390 = ORIENTED_EDGE ( 'NONE', *, *, #2100, .T. ) ;
#391 = SURFACE_STYLE_FILL_AREA ( #801 ) ;
#392 = FACE_OUTER_BOUND ( 'NONE', #1384, .T. ) ;
#393 = DIRECTION ( 'NONE',  ( 0.0000000000000000000, 0.0000000000000000000, -1.000000000000000000 ) ) ;
#394 = LINE ( 'NONE', #727, #836 ) ;
#395 = ORIENTED_EDGE ( 'NONE', *, *, #2945, .T. ) ;
#396 = PLANE ( 'NONE',  #1156 ) ;
#397 = VERTEX_POINT ( 'NONE', #444 ) ;
#398 = SURFACE_SIDE_STYLE ('',( #3756 ) ) ;
#399 = EDGE_LOOP ( 'NONE', ( #2687, #3845, #186, #3145 ) ) ;
#400 = STYLED_ITEM ( 'NONE', ( #41 ), #428 ) ;
#401 = DIRECTION ( 'NONE',  ( -0.0000000000000000000, -0.0000000000000000000, -1.000000000000000000 ) ) ;
#402 = SURFACE_STYLE_USAGE ( .BOTH. , #3338 ) ;
#403 = LINE ( 'NONE', #1561, #719 ) ;
#404 = STYLED_ITEM ( 'NONE', ( #625 ), #281 ) ;
#405 = CARTESIAN_POINT ( 'NONE',  ( 0.5909999999999999698, -1.625000000000000222, 0.1090000000000000135 ) ) ;
#406 = SURFACE_STYLE_USAGE ( .BOTH. , #1816 ) ;
#407 =( NAMED_UNIT ( * ) SI_UNIT ( $, .STERADIAN. ) SOLID_ANGLE_UNIT ( ) );
#408 = VECTOR ( 'NONE', #2658, 1000.000000000000000 ) ;
#409 = DIRECTION ( 'NONE',  ( -0.0000000000000000000, 1.000000000000000000, 0.0000000000000000000 ) ) ;
#410 = ORIENTED_EDGE ( 'NONE', *, *, #874, .T. ) ;
#411 = STYLED_ITEM ( 'NONE', ( #1292 ), #1439 ) ;
#412 = UNCERTAINTY_MEASURE_WITH_UNIT (LENGTH_MEASURE( 1.000000000000000082E-05 ), #2663, 'distance_accuracy_value', 'NONE');
#413 = FILL_AREA_STYLE_COLOUR ( '', #708 ) ;
#414 = ORIENTED_EDGE ( 'NONE', *, *, #3207, .T. ) ;
#415 = ORIENTED_EDGE ( 'NONE', *, *, #3237, .T. ) ;
#416 =( LENGTH_UNIT ( ) NAMED_UNIT ( * ) SI_UNIT ( .MILLI., .METRE. ) );
#417 = SURFACE_STYLE_FILL_AREA ( #2251 ) ;
#418 = EDGE_CURVE ( 'NONE', #3982, #1450, #2034, .T. ) ;
#419 = CARTESIAN_POINT ( 'NONE',  ( -0.5000000000000000000, 1.524999999999999911, 0.1069999999999999979 ) ) ;
#420 = AXIS2_PLACEMENT_3D ( 'NONE', #4230, #1623, #4285 ) ;
#421 = VERTEX_POINT ( 'NONE', #4522 ) ;
#422 = CIRCLE ( 'NONE', #893, 0.2500000000000000000 ) ;
#423 = EDGE_CURVE ( 'NONE', #2450, #2885, #783, .T. ) ;
#424 = DIRECTION ( 'NONE',  ( 0.0000000000000000000, 0.0000000000000000000, -1.000000000000000000 ) ) ;
#425 =( NAMED_UNIT ( * ) PLANE_ANGLE_UNIT ( ) SI_UNIT ( $, .RADIAN. ) );
#426 = AXIS2_PLACEMENT_3D ( 'NONE', #4304, #1804, #1365 ) ;
#427 = DIRECTION ( 'NONE',  ( -0.0000000000000000000, -0.0000000000000000000, 1.000000000000000000 ) ) ;
#428 = ADVANCED_FACE ( 'NONE', ( #2683 ), #2405, .T. ) ;
#429 = STYLED_ITEM ( 'NONE', ( #4763 ), #2810 ) ;
#430 = PRESENTATION_STYLE_ASSIGNMENT (( #3785 ) ) ;
#431 =( GEOMETRIC_REPRESENTATION_CONTEXT ( 3 ) GLOBAL_UNCERTAINTY_ASSIGNED_CONTEXT ( ( #176 ) ) GLOBAL_UNIT_ASSIGNED_CONTEXT ( ( #4354, #1727, #606 ) ) REPRESENTATION_CONTEXT ( 'NONE', 'WORKASPACE' ) );
#432 = AXIS2_PLACEMENT_3D ( 'NONE', #4130, #4414, #2543 ) ;
#433 = VERTEX_POINT ( 'NONE', #1526 ) ;
#434 = FILL_AREA_STYLE ('',( #2963 ) ) ;
#435 =( GEOMETRIC_REPRESENTATION_CONTEXT ( 3 ) GLOBAL_UNCERTAINTY_ASSIGNED_CONTEXT ( ( #4232 ) ) GLOBAL_UNIT_ASSIGNED_CONTEXT ( ( #1748, #1776, #2067 ) ) REPRESENTATION_CONTEXT ( 'NONE', 'WORKASPACE' ) );
#436 = ORIENTED_EDGE ( 'NONE', *, *, #852, .T. ) ;
#437 = ORIENTED_EDGE ( 'NONE', *, *, #2973, .T. ) ;
#438 = VECTOR ( 'NONE', #1607, 1000.000000000000000 ) ;
#439 = PLANE ( 'NONE',  #4581 ) ;
#440 = EDGE_LOOP ( 'NONE', ( #2291, #2853, #2053, #2803 ) ) ;
#441 = LINE ( 'NONE', #1948, #1469 ) ;
#442 = CARTESIAN_POINT ( 'NONE',  ( 0.5999999999999999778, -0.3750000000000000000, 0.1000000000000000056 ) ) ;
#443 =( GEOMETRIC_REPRESENTATION_CONTEXT ( 3 ) GLOBAL_UNCERTAINTY_ASSIGNED_CONTEXT ( ( #765 ) ) GLOBAL_UNIT_ASSIGNED_CONTEXT ( ( #4501, #378, #4183 ) ) REPRESENTATION_CONTEXT ( 'NONE', 'WORKASPACE' ) );
#444 = CARTESIAN_POINT ( 'NONE',  ( -0.9000000000000001332, -1.649999999999999911, 0.9499999999999999556 ) ) ;
#445 = ORIENTED_EDGE ( 'NONE', *, *, #11, .T. ) ;
#446 = PRESENTATION_LAYER_ASSIGNMENT (  '', '', ( #3810 ) ) ;
#447 = SURFACE_STYLE_FILL_AREA ( #3434 ) ;
#448 = CARTESIAN_POINT ( 'NONE',  ( -0.5909999999999989706, 1.616000000000000103, 0.0000000000000000000 ) ) ;
#449 = SURFACE_SIDE_STYLE ('',( #1237 ) ) ;
#450 = ADVANCED_FACE ( 'NONE', ( #3405 ), #520, .T. ) ;
#451 = CARTESIAN_POINT ( 'NONE',  ( 0.5000000000000000000, -2.225000000000000089, 0.0000000000000000000 ) ) ;
#452 = LINE ( 'NONE', #4582, #668 ) ;
#453 = EDGE_CURVE ( 'NONE', #2614, #1576, #4371, .T. ) ;
#454 =( LENGTH_UNIT ( ) NAMED_UNIT ( * ) SI_UNIT ( .MILLI., .METRE. ) );
#455 = SURFACE_STYLE_FILL_AREA ( #1243 ) ;
#456 = ORIENTED_EDGE ( 'NONE', *, *, #2510, .T. ) ;
#457 = ORIENTED_EDGE ( 'NONE', *, *, #1186, .F. ) ;
#458 = EDGE_CURVE ( 'NONE', #2138, #2742, #1685, .T. ) ;
#459 = DIRECTION ( 'NONE',  ( 0.0000000000000000000, -0.0000000000000000000, 1.000000000000000000 ) ) ;
#460 = VERTEX_POINT ( 'NONE', #3165 ) ;
#461 = ORIENTED_EDGE ( 'NONE', *, *, #653, .F. ) ;
#462 = DIRECTION ( 'NONE',  ( 0.0000000000000000000, 0.0000000000000000000, 1.000000000000000000 ) ) ;
#463 = ORIENTED_EDGE ( 'NONE', *, *, #4316, .T. ) ;
#464 = CARTESIAN_POINT ( 'NONE',  ( -0.5000000000000000000, 0.9749999999999999778, 0.1000000000000000056 ) ) ;
#465 = PRESENTATION_STYLE_ASSIGNMENT (( #3753 ) ) ;
#466 = SURFACE_STYLE_USAGE ( .BOTH. , #837 ) ;
#467 = ORIENTED_EDGE ( 'NONE', *, *, #1338, .F. ) ;
#468 = DIRECTION ( 'NONE',  ( 1.000000000000000000, 0.0000000000000000000, 0.0000000000000000000 ) ) ;
#469 = DIRECTION ( 'NONE',  ( -0.0000000000000000000, 1.000000000000000000, 0.0000000000000000000 ) ) ;
#470 = DIRECTION ( 'NONE',  ( 0.0000000000000000000, 0.0000000000000000000, 1.000000000000000000 ) ) ;
#471 = DIRECTION ( 'NONE',  ( -1.000000000000000000, 0.0000000000000000000, -0.0000000000000000000 ) ) ;
#472 = UNCERTAINTY_MEASURE_WITH_UNIT (LENGTH_MEASURE( 1.000000000000000082E-05 ), #2429, 'distance_accuracy_value', 'NONE');
#473 = DIRECTION ( 'NONE',  ( 0.0000000000000000000, -1.000000000000000000, 0.0000000000000000000 ) ) ;
#474 = SURFACE_STYLE_USAGE ( .BOTH. , #818 ) ;
#475 = EDGE_CURVE ( 'NONE', #3448, #3314, #2828, .T. ) ;
#476 = SURFACE_SIDE_STYLE ('',( #1668 ) ) ;
#477 = VECTOR ( 'NONE', #3266, 1000.000000000000000 ) ;
#478 = SURFACE_SIDE_STYLE ('',( #3838 ) ) ;
#479 = SURFACE_SIDE_STYLE ('',( #4530 ) ) ;
#480 = ORIENTED_EDGE ( 'NONE', *, *, #4127, .F. ) ;
#481 = STYLED_ITEM ( 'NONE', ( #4022 ), #869 ) ;
#482 = VERTEX_POINT ( 'NONE', #1657 ) ;
#483 = EDGE_CURVE ( 'NONE', #2400, #2229, #3195, .T. ) ;
#484 = DIRECTION ( 'NONE',  ( 0.0000000000000000000, 1.000000000000000000, 0.0000000000000000000 ) ) ;
#485 = ORIENTED_EDGE ( 'NONE', *, *, #1655, .T. ) ;
#486 = ORIENTED_EDGE ( 'NONE', *, *, #2066, .F. ) ;
#487 =( NAMED_UNIT ( * ) PLANE_ANGLE_UNIT ( ) SI_UNIT ( $, .RADIAN. ) );
#488 = ORIENTED_EDGE ( 'NONE', *, *, #840, .F. ) ;
#489 = CARTESIAN_POINT ( 'NONE',  ( 0.4899999999999999911, -1.625000000000000222, 0.09999999999999989453 ) ) ;
#490 = APPLICATION_PROTOCOL_DEFINITION ( 'draft international standard', 'automotive_design', 1998, #3870 ) ;
#491 = ADVANCED_FACE ( 'NONE', ( #1309 ), #1380, .T. ) ;
#492 =( NAMED_UNIT ( * ) SI_UNIT ( $, .STERADIAN. ) SOLID_ANGLE_UNIT ( ) );
#493 = SURFACE_SIDE_STYLE ('',( #1147 ) ) ;
#494 = CIRCLE ( 'NONE', #1106, 0.2500000000000000000 ) ;
#495 = ORIENTED_EDGE ( 'NONE', *, *, #2041, .T. ) ;
#496 = ORIENTED_EDGE ( 'NONE', *, *, #1364, .T. ) ;
#497 = CARTESIAN_POINT ( 'NONE',  ( 1.350000000000000089, 2.396999999999999797, 0.4470000000000000084 ) ) ;
#498 = LINE ( 'NONE', #4548, #1525 ) ;
#499 = PRESENTATION_LAYER_ASSIGNMENT (  '', '', ( #3960 ) ) ;
#500 = CARTESIAN_POINT ( 'NONE',  ( -0.5909999999999999698, -0.8840000000000000080, 0.0000000000000000000 ) ) ;
#501 = FILL_AREA_STYLE ('',( #1181 ) ) ;
#502 = VECTOR ( 'NONE', #1438, 1000.000000000000000 ) ;
#503 =( NAMED_UNIT ( * ) PLANE_ANGLE_UNIT ( ) SI_UNIT ( $, .RADIAN. ) );
#504 = EDGE_CURVE ( 'NONE', #1545, #3289, #988, .T. ) ;
#505 = CARTESIAN_POINT ( 'NONE',  ( 0.5909999999999999698, 0.8750000000000000000, 0.1090000000000000135 ) ) ;
#506 = VERTEX_POINT ( 'NONE', #3558 ) ;
#507 = AXIS2_PLACEMENT_3D ( 'NONE', #3248, #245, #3570 ) ;
#508 = EDGE_LOOP ( 'NONE', ( #1945, #618, #1859, #3505 ) ) ;
#509 = CARTESIAN_POINT ( 'NONE',  ( 0.5000000000000000000, 2.225000000000000089, 0.1000000000000000056 ) ) ;
#510 = CARTESIAN_POINT ( 'NONE',  ( 0.9300000000000000488, -1.930000000000000160, 0.6500000000000000222 ) ) ;
#511 = MECHANICAL_DESIGN_GEOMETRIC_PRESENTATION_REPRESENTATION (  '', ( #4185 ), #431 ) ;
#512 = DIRECTION ( 'NONE',  ( -1.000000000000000000, -0.0000000000000000000, -0.0000000000000000000 ) ) ;
#513 = VECTOR ( 'NONE', #1833, 1000.000000000000000 ) ;
#514 = CARTESIAN_POINT ( 'NONE',  ( 1.250000000000000000, 2.250000000000000444, 0.2999999999999999334 ) ) ;
#515 = ORIENTED_EDGE ( 'NONE', *, *, #3356, .F. ) ;
#516 = ORIENTED_EDGE ( 'NONE', *, *, #556, .T. ) ;
#517 = MECHANICAL_DESIGN_GEOMETRIC_PRESENTATION_REPRESENTATION (  '', ( #3406 ), #367 ) ;
#518 =( GEOMETRIC_REPRESENTATION_CONTEXT ( 3 ) GLOBAL_UNCERTAINTY_ASSIGNED_CONTEXT ( ( #615 ) ) GLOBAL_UNIT_ASSIGNED_CONTEXT ( ( #216, #1637, #2409 ) ) REPRESENTATION_CONTEXT ( 'NONE', 'WORKASPACE' ) );
#519 = SURFACE_SIDE_STYLE ('',( #4687 ) ) ;
#520 = PLANE ( 'NONE',  #952 ) ;
#521 = UNCERTAINTY_MEASURE_WITH_UNIT (LENGTH_MEASURE( 1.000000000000000082E-05 ), #1702, 'distance_accuracy_value', 'NONE');
#522 = STYLED_ITEM ( 'NONE', ( #430 ), #4067 ) ;
#523 = COLOUR_RGB ( '',0.8470588235294117530, 0.6901960784313725394, 0.2196078431372548989 ) ;
#524 = EDGE_LOOP ( 'NONE', ( #1973, #932, #4539, #955 ) ) ;
#525 = PRESENTATION_STYLE_ASSIGNMENT (( #4575 ) ) ;
#526 = LINE ( 'NONE', #4672, #4673 ) ;
#527 = STYLED_ITEM ( 'NONE', ( #3162 ), #4404 ) ;
#528 =( LENGTH_UNIT ( ) NAMED_UNIT ( * ) SI_UNIT ( .MILLI., .METRE. ) );
#529 = DIRECTION ( 'NONE',  ( 0.0000000000000000000, 0.0000000000000000000, 1.000000000000000000 ) ) ;
#530 = DIRECTION ( 'NONE',  ( -0.0000000000000000000, 0.0000000000000000000, 1.000000000000000000 ) ) ;
#531 = VECTOR ( 'NONE', #4051, 1000.000000000000000 ) ;
#532 = LINE ( 'NONE', #2096, #4799 ) ;
#533 = LINE ( 'NONE', #2043, #3469 ) ;
#534 = SURFACE_STYLE_USAGE ( .BOTH. , #4333 ) ;
#535 = ORIENTED_EDGE ( 'NONE', *, *, #336, .F. ) ;
#536 = ORIENTED_EDGE ( 'NONE', *, *, #2998, .F. ) ;
#537 = FILL_AREA_STYLE_COLOUR ( '', #62 ) ;
#538 = CARTESIAN_POINT ( 'NONE',  ( 1.500000000000000000, 0.3750000000000000000, 0.0000000000000000000 ) ) ;
#539 = CARTESIAN_POINT ( 'NONE',  ( 1.500000000000000000, -0.9750000000000008660, 0.0000000000000000000 ) ) ;
#540 = SURFACE_STYLE_USAGE ( .BOTH. , #1708 ) ;
#541 = VERTEX_POINT ( 'NONE', #622 ) ;
#542 = CARTESIAN_POINT ( 'NONE',  ( -0.5999999999999999778, -1.620000000000000107, 0.1050000000000000100 ) ) ;
#543 = EDGE_LOOP ( 'NONE', ( #3401, #152, #1938, #1222 ) ) ;
#544 = DIRECTION ( 'NONE',  ( 1.000000000000000000, 0.0000000000000000000, -0.0000000000000000000 ) ) ;
#545 = ADVANCED_FACE ( 'NONE', ( #238 ), #2524, .T. ) ;
#546 = PRESENTATION_STYLE_ASSIGNMENT (( #915 ) ) ;
#547 = ORIENTED_EDGE ( 'NONE', *, *, #3673, .T. ) ;
#548 = DIRECTION ( 'NONE',  ( 1.000000000000000000, -0.0000000000000000000, 0.0000000000000000000 ) ) ;
#549 = AXIS2_PLACEMENT_3D ( 'NONE', #1305, #1714, #863 ) ;
#550 = CARTESIAN_POINT ( 'NONE',  ( -0.4899999999999999911, -0.9749999999999999778, 0.1100000000000000006 ) ) ;
#551 = EDGE_CURVE ( 'NONE', #4760, #4410, #3700, .T. ) ;
#552 = LINE ( 'NONE', #1663, #4487 ) ;
#553 = FACE_OUTER_BOUND ( 'NONE', #87, .T. ) ;
#554 = LINE ( 'NONE', #2387, #725 ) ;
#555 = PRESENTATION_STYLE_ASSIGNMENT (( #1697 ) ) ;
#556 = EDGE_CURVE ( 'NONE', #4161, #3435, #1406, .T. ) ;
#557 = DIRECTION ( 'NONE',  ( -0.0000000000000000000, 0.0000000000000000000, -1.000000000000000000 ) ) ;
#558 =( GEOMETRIC_REPRESENTATION_CONTEXT ( 3 ) GLOBAL_UNCERTAINTY_ASSIGNED_CONTEXT ( ( #756 ) ) GLOBAL_UNIT_ASSIGNED_CONTEXT ( ( #2739, #3090, #1922 ) ) REPRESENTATION_CONTEXT ( 'NONE', 'WORKASPACE' ) );
#559 = CARTESIAN_POINT ( 'NONE',  ( -1.350000000000000089, -2.396999999999999797, 0.4000000000000000222 ) ) ;
#560 = FACE_OUTER_BOUND ( 'NONE', #1408, .T. ) ;
#561 = UNCERTAINTY_MEASURE_WITH_UNIT (LENGTH_MEASURE( 1.000000000000000082E-05 ), #4411, 'distance_accuracy_value', 'NONE');
#562 = FACE_OUTER_BOUND ( 'NONE', #1652, .T. ) ;
#563 = MECHANICAL_DESIGN_GEOMETRIC_PRESENTATION_REPRESENTATION (  '', ( #1669 ), #1175 ) ;
#564 = ORIENTED_EDGE ( 'NONE', *, *, #1857, .T. ) ;
#565 =( GEOMETRIC_REPRESENTATION_CONTEXT ( 3 ) GLOBAL_UNCERTAINTY_ASSIGNED_CONTEXT ( ( #2005 ) ) GLOBAL_UNIT_ASSIGNED_CONTEXT ( ( #55, #1591, #875 ) ) REPRESENTATION_CONTEXT ( 'NONE', 'WORKASPACE' ) );
#566 = VERTEX_POINT ( 'NONE', #4116 ) ;
#567 = DIRECTION ( 'NONE',  ( 0.0000000000000000000, 0.0000000000000000000, 1.000000000000000000 ) ) ;
#568 = DIRECTION ( 'NONE',  ( 1.000000000000000000, 0.0000000000000000000, 0.0000000000000000000 ) ) ;
#569 = VECTOR ( 'NONE', #116, 1000.000000000000000 ) ;
#570 = VECTOR ( 'NONE', #4450, 1000.000000000000000 ) ;
#571 = CIRCLE ( 'NONE', #1185, 0.2999999999999999889 ) ;
#572 = DIRECTION ( 'NONE',  ( -0.0000000000000000000, -1.000000000000000000, -0.0000000000000000000 ) ) ;
#573 = FILL_AREA_STYLE_COLOUR ( '', #3919 ) ;
#574 =( LENGTH_UNIT ( ) NAMED_UNIT ( * ) SI_UNIT ( .MILLI., .METRE. ) );
#575 = CARTESIAN_POINT ( 'NONE',  ( 1.250000000000000222, 2.350000000000000089, 0.2999999999999999334 ) ) ;
#576 = CIRCLE ( 'NONE', #4023, 0.2500000000000000000 ) ;
#577 = DIRECTION ( 'NONE',  ( -1.000000000000000000, 0.0000000000000000000, -0.0000000000000000000 ) ) ;
#578 = EDGE_CURVE ( 'NONE', #1252, #566, #2965, .T. ) ;
#579 = AXIS2_PLACEMENT_3D ( 'NONE', #1085, #318, #2192 ) ;
#580 = FILL_AREA_STYLE ('',( #4729 ) ) ;
#581 = CARTESIAN_POINT ( 'NONE',  ( -0.4000000000000000777, -1.649999999999999911, 0.7500000000000000000 ) ) ;
#582 = CARTESIAN_POINT ( 'NONE',  ( 1.500000000000000000, -0.3750000000000000000, 0.1090000000000000135 ) ) ;
#583 = DIRECTION ( 'NONE',  ( -1.000000000000000000, 0.0000000000000000000, -0.0000000000000000000 ) ) ;
#584 = EDGE_CURVE ( 'NONE', #4178, #1734, #258, .T. ) ;
#585 = CARTESIAN_POINT ( 'NONE',  ( 0.9300000000000000488, -1.930000000000000160, 0.9500000000000000666 ) ) ;
#586 = LINE ( 'NONE', #1755, #961 ) ;
#587 = VECTOR ( 'NONE', #1150, 1000.000000000000000 ) ;
#588 = ORIENTED_EDGE ( 'NONE', *, *, #4188, .T. ) ;
#589 = ORIENTED_EDGE ( 'NONE', *, *, #2953, .F. ) ;
#590 = LINE ( 'NONE', #657, #1943 ) ;
#591 =( NAMED_UNIT ( * ) PLANE_ANGLE_UNIT ( ) SI_UNIT ( $, .RADIAN. ) );
#592 = DIRECTION ( 'NONE',  ( 1.000000000000000000, 0.0000000000000000000, 0.0000000000000000000 ) ) ;
#593 = STYLED_ITEM ( 'NONE', ( #1352 ), #2770 ) ;
#594 = CARTESIAN_POINT ( 'NONE',  ( 1.250000000000000000, -2.250000000000000444, 0.3999999999999999667 ) ) ;
#595 =( LENGTH_UNIT ( ) NAMED_UNIT ( * ) SI_UNIT ( .MILLI., .METRE. ) );
#596 = CARTESIAN_POINT ( 'NONE',  ( 0.4899999999999999911, 0.8750000000000000000, 0.1000000000000000056 ) ) ;
#597 = MECHANICAL_DESIGN_GEOMETRIC_PRESENTATION_REPRESENTATION (  '', ( #742 ), #2413 ) ;
#598 = DIRECTION ( 'NONE',  ( -1.000000000000000000, 0.0000000000000000000, 0.0000000000000000000 ) ) ;
#599 = CARTESIAN_POINT ( 'NONE',  ( -1.250000000000000000, 2.250000000000000444, -0.7062500000000000444 ) ) ;
#600 = DIRECTION ( 'NONE',  ( -0.0000000000000000000, -1.000000000000000000, -0.0000000000000000000 ) ) ;
#601 = VECTOR ( 'NONE', #1832, 1000.000000000000000 ) ;
#602 = LINE ( 'NONE', #2064, #3771 ) ;
#603 = DIRECTION ( 'NONE',  ( -0.0000000000000000000, 1.000000000000000000, 0.0000000000000000000 ) ) ;
#604 = COLOUR_RGB ( '',0.8470588235294117530, 0.6901960784313725394, 0.2196078431372548989 ) ;
#605 = VECTOR ( 'NONE', #984, 1000.000000000000000 ) ;
#606 =( NAMED_UNIT ( * ) SI_UNIT ( $, .STERADIAN. ) SOLID_ANGLE_UNIT ( ) );
#607 = SURFACE_STYLE_FILL_AREA ( #629 ) ;
#608 = LINE ( 'NONE', #2466, #2492 ) ;
#609 = EDGE_CURVE ( 'NONE', #2007, #2352, #4764, .T. ) ;
#610 =( GEOMETRIC_REPRESENTATION_CONTEXT ( 3 ) GLOBAL_UNCERTAINTY_ASSIGNED_CONTEXT ( ( #3759 ) ) GLOBAL_UNIT_ASSIGNED_CONTEXT ( ( #1495, #1118, #3400 ) ) REPRESENTATION_CONTEXT ( 'NONE', 'WORKASPACE' ) );
#611 = CARTESIAN_POINT ( 'NONE',  ( 1.500000000000000000, -0.9750000000000010880, 0.3499999999999999778 ) ) ;
#612 = PLANE ( 'NONE',  #1065 ) ;
#613 = EDGE_CURVE ( 'NONE', #1119, #722, #4784, .T. ) ;
#614 = CARTESIAN_POINT ( 'NONE',  ( 1.105735931288071905, -1.930000000000000604, 0.9500000000000002887 ) ) ;
#615 = UNCERTAINTY_MEASURE_WITH_UNIT (LENGTH_MEASURE( 1.000000000000000082E-05 ), #216, 'distance_accuracy_value', 'NONE');
#616 = CARTESIAN_POINT ( 'NONE',  ( -0.5999999999999999778, 1.625000000000000222, 0.0000000000000000000 ) ) ;
#617 = ORIENTED_EDGE ( 'NONE', *, *, #3451, .F. ) ;
#618 = ORIENTED_EDGE ( 'NONE', *, *, #2178, .F. ) ;
#619 = FILL_AREA_STYLE_COLOUR ( '', #4278 ) ;
#620 = CARTESIAN_POINT ( 'NONE',  ( -1.105735931288071461, 2.230000000000000870, 0.6500000000000001332 ) ) ;
#621 = DIRECTION ( 'NONE',  ( 0.0000000000000000000, 0.0000000000000000000, 1.000000000000000000 ) ) ;
#622 = CARTESIAN_POINT ( 'NONE',  ( -1.500000000000000000, -0.9749999999999999778, 0.0000000000000000000 ) ) ;
#623 = UNCERTAINTY_MEASURE_WITH_UNIT (LENGTH_MEASURE( 1.000000000000000082E-05 ), #1936, 'distance_accuracy_value', 'NONE');
#624 = DIRECTION ( 'NONE',  ( -1.000000000000000000, 0.0000000000000000000, -0.0000000000000000000 ) ) ;
#625 = PRESENTATION_STYLE_ASSIGNMENT (( #1337 ) ) ;
#626 =( NAMED_UNIT ( * ) SI_UNIT ( $, .STERADIAN. ) SOLID_ANGLE_UNIT ( ) );
#627 = ORIENTED_EDGE ( 'NONE', *, *, #3100, .T. ) ;
#628 = DIRECTION ( 'NONE',  ( -0.0000000000000000000, 0.0000000000000000000, 1.000000000000000000 ) ) ;
#629 = FILL_AREA_STYLE ('',( #2861 ) ) ;
#630 = CARTESIAN_POINT ( 'NONE',  ( -1.500000000000000000, -0.2750000000000000777, 0.09999999999999999167 ) ) ;
#631 = EDGE_CURVE ( 'NONE', #1600, #3982, #4454, .T. ) ;
#632 = SURFACE_SIDE_STYLE ('',( #249 ) ) ;
#633 = VERTEX_POINT ( 'NONE', #4743 ) ;
#634 = VERTEX_POINT ( 'NONE', #2899 ) ;
#635 = CARTESIAN_POINT ( 'NONE',  ( -0.5000000000000000000, 2.225000000000000089, 0.0000000000000000000 ) ) ;
#636 = EDGE_CURVE ( 'NONE', #841, #1373, #2604, .T. ) ;
#637 = FILL_AREA_STYLE_COLOUR ( '', #2263 ) ;
#638 = FACE_OUTER_BOUND ( 'NONE', #1944, .T. ) ;
#639 = CARTESIAN_POINT ( 'NONE',  ( -1.500000000000000000, 0.8750000000000000000, 0.1090000000000000135 ) ) ;
#640 = COLOUR_RGB ( '',0.8470588235294117530, 0.6901960784313725394, 0.2196078431372548989 ) ;
#641 = MECHANICAL_DESIGN_GEOMETRIC_PRESENTATION_REPRESENTATION (  '', ( #3297 ), #3366 ) ;
#642 = CARTESIAN_POINT ( 'NONE',  ( 0.5999999999999999778, 0.8750000000000000000, 0.1050000000000000100 ) ) ;
#643 = ORIENTED_EDGE ( 'NONE', *, *, #1857, .F. ) ;
#644 = CARTESIAN_POINT ( 'NONE',  ( -1.377000000000000002, 2.350000000000000089, 0.4000000000000000222 ) ) ;
#645 = ADVANCED_FACE ( 'NONE', ( #724 ), #3723, .T. ) ;
#646 = ORIENTED_EDGE ( 'NONE', *, *, #4457, .F. ) ;
#647 = STYLED_ITEM ( 'NONE', ( #1670 ), #1482 ) ;
#648 = VECTOR ( 'NONE', #577, 1000.000000000000000 ) ;
#649 = LINE ( 'NONE', #4630, #1547 ) ;
#650 =( NAMED_UNIT ( * ) PLANE_ANGLE_UNIT ( ) SI_UNIT ( $, .RADIAN. ) );
#651 = STYLED_ITEM ( 'NONE', ( #1850 ), #1925 ) ;
#652 = PLANE ( 'NONE',  #3064 ) ;
#653 = EDGE_CURVE ( 'NONE', #3426, #2845, #2657, .T. ) ;
#654 = PRESENTATION_STYLE_ASSIGNMENT (( #2269 ) ) ;
#655 = VERTEX_POINT ( 'NONE', #4179 ) ;
#656 = MECHANICAL_DESIGN_GEOMETRIC_PRESENTATION_REPRESENTATION (  '', ( #4258 ), #2321 ) ;
#657 = CARTESIAN_POINT ( 'NONE',  ( 0.5999999999999999778, 2.125000000000000000, 0.1050000000000000100 ) ) ;
#658 = CARTESIAN_POINT ( 'NONE',  ( -0.5999999999999999778, 0.3750000000000000000, 0.1050000000000000100 ) ) ;
#659 =( BOUNDED_SURFACE ( )  B_SPLINE_SURFACE ( 3, 3, ( 
 ( #1278, #1308, #327, #309 ),
 ( #3265, #76, #2876, #1405 ),
 ( #4393, #1933, #1512, #1790 ),
 ( #3787, #3680, #4370, #1158 ) ),
 .UNSPECIFIED., .F., .F., .T. ) 
 B_SPLINE_SURFACE_WITH_KNOTS ( ( 4, 4 ),
 ( 4, 4 ),
 ( 0.0000000000000000000, 1.000000000000000000 ),
 ( 0.0000000000000000000, 1.000000000000000000 ),
 .UNSPECIFIED. ) 
 GEOMETRIC_REPRESENTATION_ITEM ( )  RATIONAL_B_SPLINE_SURFACE ( (
 ( 1.000000000000000000, 0.8047378541243647154, 0.8047378541243647154, 1.000000000000000000),
 ( 0.8047378541243649375, 0.6476030138606875264, 0.6476030138606875264, 0.8047378541243649375),
 ( 0.8047378541243649375, 0.6476030138606875264, 0.6476030138606875264, 0.8047378541243649375),
 ( 1.000000000000000000, 0.8047378541243647154, 0.8047378541243647154, 1.000000000000000000) ) ) 
 REPRESENTATION_ITEM ( '' )  SURFACE ( )  );
#660 = DIRECTION ( 'NONE',  ( -1.000000000000000000, 0.0000000000000000000, 0.0000000000000000000 ) ) ;
#661 = COLOUR_RGB ( '',0.8470588235294117530, 0.6901960784313725394, 0.2196078431372548989 ) ;
#662 = UNCERTAINTY_MEASURE_WITH_UNIT (LENGTH_MEASURE( 1.000000000000000082E-05 ), #4506, 'distance_accuracy_value', 'NONE');
#663 = PRESENTATION_STYLE_ASSIGNMENT (( #2181 ) ) ;
#664 = ORIENTED_EDGE ( 'NONE', *, *, #2337, .T. ) ;
#665 = ORIENTED_EDGE ( 'NONE', *, *, #3628, .F. ) ;
#666 = CIRCLE ( 'NONE', #1293, 0.1000000000000000472 ) ;
#667 = EDGE_CURVE ( 'NONE', #3208, #2027, #1966, .T. ) ;
#668 = VECTOR ( 'NONE', #2694, 1000.000000000000000 ) ;
#669 = MECHANICAL_DESIGN_GEOMETRIC_PRESENTATION_REPRESENTATION (  '', ( #2177 ), #4358 ) ;
#670 = EDGE_LOOP ( 'NONE', ( #1479, #2497, #3737, #920 ) ) ;
#671 = LINE ( 'NONE', #1126, #1210 ) ;
#672 = STYLED_ITEM ( 'NONE', ( #1233 ), #4166 ) ;
#673 = PRESENTATION_LAYER_ASSIGNMENT (  '', '', ( #2799 ) ) ;
#674 = PRESENTATION_STYLE_ASSIGNMENT (( #1104 ) ) ;
#675 = CARTESIAN_POINT ( 'NONE',  ( 0.5000000000000000000, -0.9819999999999999840, 0.1000000000000000056 ) ) ;
#676 = VECTOR ( 'NONE', #624, 1000.000000000000000 ) ;
#677 = VECTOR ( 'NONE', #4002, 1000.000000000000000 ) ;
#678 = LINE ( 'NONE', #1401, #1474 ) ;
#679 = CARTESIAN_POINT ( 'NONE',  ( 1.500000000000000000, -2.225000000000000089, 0.09999999999999993616 ) ) ;
#680 =( LENGTH_UNIT ( ) NAMED_UNIT ( * ) SI_UNIT ( .MILLI., .METRE. ) );
#681 = CARTESIAN_POINT ( 'NONE',  ( 1.500000000000000000, 1.514999999999999902, 0.1000000000000000056 ) ) ;
#682 = ORIENTED_EDGE ( 'NONE', *, *, #4392, .F. ) ;
#683 = ORIENTED_EDGE ( 'NONE', *, *, #840, .T. ) ;
#684 = CARTESIAN_POINT ( 'NONE',  ( -1.250000000000000000, -2.250000000000000444, 0.2999999999999990452 ) ) ;
#685 = EDGE_CURVE ( 'NONE', #3817, #1450, #804, .T. ) ;
#686 = ORIENTED_EDGE ( 'NONE', *, *, #2796, .T. ) ;
#687 = CARTESIAN_POINT ( 'NONE',  ( 0.5999999999999999778, 0.3750000000000000000, 0.1090000000000000135 ) ) ;
#688 = MECHANICAL_DESIGN_GEOMETRIC_PRESENTATION_REPRESENTATION (  '', ( #4753 ), #3829 ) ;
#689 = FILL_AREA_STYLE_COLOUR ( '', #1194 ) ;
#690 =( LENGTH_UNIT ( ) NAMED_UNIT ( * ) SI_UNIT ( .MILLI., .METRE. ) );
#691 = ADVANCED_FACE ( 'NONE', ( #392 ), #1941, .T. ) ;
#692 = FILL_AREA_STYLE ('',( #2977 ) ) ;
#693 =( NAMED_UNIT ( * ) PLANE_ANGLE_UNIT ( ) SI_UNIT ( $, .RADIAN. ) );
#694 = PRESENTATION_STYLE_ASSIGNMENT (( #4430 ) ) ;
#695 = CARTESIAN_POINT ( 'NONE',  ( -0.5000000000000000000, -0.2680000000000000160, 0.1000000000000000056 ) ) ;
#696 =( NAMED_UNIT ( * ) PLANE_ANGLE_UNIT ( ) SI_UNIT ( $, .RADIAN. ) );
#697 = ORIENTED_EDGE ( 'NONE', *, *, #4488, .F. ) ;
#698 =( NAMED_UNIT ( * ) SI_UNIT ( $, .STERADIAN. ) SOLID_ANGLE_UNIT ( ) );
#699 = CARTESIAN_POINT ( 'NONE',  ( -1.500000000000000000, -2.500000000000000000, 0.3499999999999999778 ) ) ;
#700 = UNCERTAINTY_MEASURE_WITH_UNIT (LENGTH_MEASURE( 1.000000000000000082E-05 ), #1827, 'distance_accuracy_value', 'NONE');
#701 = FACE_OUTER_BOUND ( 'NONE', #399, .T. ) ;
#702 = EDGE_LOOP ( 'NONE', ( #4322, #1232, #384, #3258, #3742, #2046, #3708, #3562 ) ) ;
#703 = SURFACE_STYLE_USAGE ( .BOTH. , #4479 ) ;
#704 = EDGE_CURVE ( 'NONE', #2742, #1483, #2730, .T. ) ;
#705 = COLOUR_RGB ( '',0.8470588235294117530, 0.6901960784313725394, 0.2196078431372548989 ) ;
#706 = DIRECTION ( 'NONE',  ( -1.000000000000000000, 0.0000000000000000000, -0.0000000000000000000 ) ) ;
#707 =( NAMED_UNIT ( * ) SI_UNIT ( $, .STERADIAN. ) SOLID_ANGLE_UNIT ( ) );
#708 = COLOUR_RGB ( '',0.8470588235294117530, 0.6901960784313725394, 0.2196078431372548989 ) ;
#709 = PRESENTATION_LAYER_ASSIGNMENT (  '', '', ( #404 ) ) ;
#710 = UNCERTAINTY_MEASURE_WITH_UNIT (LENGTH_MEASURE( 1.000000000000000082E-05 ), #3342, 'distance_accuracy_value', 'NONE');
#711 = ORIENTED_EDGE ( 'NONE', *, *, #101, .F. ) ;
#712 = EDGE_CURVE ( 'NONE', #2007, #541, #1994, .T. ) ;
#713 = CARTESIAN_POINT ( 'NONE',  ( -1.510000000000000009, 0.9749999999999999778, 0.1000000000000000056 ) ) ;
#714 = AXIS2_PLACEMENT_3D ( 'NONE', #970, #2391, #3518 ) ;
#715 = CARTESIAN_POINT ( 'NONE',  ( 1.250000000000000000, 2.250000000000000444, -0.7062500000000000444 ) ) ;
#716 = DIRECTION ( 'NONE',  ( 0.0000000000000000000, 0.0000000000000000000, -1.000000000000000000 ) ) ;
#717 =( NAMED_UNIT ( * ) PLANE_ANGLE_UNIT ( ) SI_UNIT ( $, .RADIAN. ) );
#718 = DIRECTION ( 'NONE',  ( 0.0000000000000000000, -1.000000000000000000, 0.0000000000000000000 ) ) ;
#719 = VECTOR ( 'NONE', #3041, 1000.000000000000000 ) ;
#720 = FILL_AREA_STYLE_COLOUR ( '', #3545 ) ;
#721 = FACE_OUTER_BOUND ( 'NONE', #1592, .T. ) ;
#722 = VERTEX_POINT ( 'NONE', #1517 ) ;
#723 = CARTESIAN_POINT ( 'NONE',  ( -1.377000000000000002, 2.350000000000000089, 0.4270000000000000462 ) ) ;
#724 = FACE_OUTER_BOUND ( 'NONE', #1348, .T. ) ;
#725 = VECTOR ( 'NONE', #2122, 1000.000000000000000 ) ;
#726 = SURFACE_SIDE_STYLE ('',( #1853 ) ) ;
#727 = CARTESIAN_POINT ( 'NONE',  ( 1.350000000000000089, 2.396999999999999797, 0.4000000000000000222 ) ) ;
#728 = ORIENTED_EDGE ( 'NONE', *, *, #3834, .T. ) ;
#729 = DIRECTION ( 'NONE',  ( 0.0000000000000000000, -0.0000000000000000000, -1.000000000000000000 ) ) ;
#730 = AXIS2_PLACEMENT_3D ( 'NONE', #3439, #97, #2389 ) ;
#731 =( NAMED_UNIT ( * ) SI_UNIT ( $, .STERADIAN. ) SOLID_ANGLE_UNIT ( ) );
#732 = DIRECTION ( 'NONE',  ( 0.0000000000000000000, -0.0000000000000000000, 1.000000000000000000 ) ) ;
#733 = ORIENTED_EDGE ( 'NONE', *, *, #2655, .T. ) ;
#734 = STYLED_ITEM ( 'NONE', ( #4445 ), #2370 ) ;
#735 = CARTESIAN_POINT ( 'NONE',  ( -1.229999999999999982, -1.930000000000000160, 0.3999999999999994671 ) ) ;
#736 = ORIENTED_EDGE ( 'NONE', *, *, #3218, .T. ) ;
#737 = DIRECTION ( 'NONE',  ( 0.0000000000000000000, -0.0000000000000000000, -1.000000000000000000 ) ) ;
#738 = STYLED_ITEM ( 'NONE', ( #4128 ), #3607 ) ;
#739 = MECHANICAL_DESIGN_GEOMETRIC_PRESENTATION_REPRESENTATION (  '', ( #1457 ), #1703 ) ;
#740 = ORIENTED_EDGE ( 'NONE', *, *, #4080, .F. ) ;
#741 = PRESENTATION_LAYER_ASSIGNMENT (  '', '', ( #995 ) ) ;
#742 = STYLED_ITEM ( 'NONE', ( #4654 ), #2993 ) ;
#743 = CARTESIAN_POINT ( 'NONE',  ( -1.350000000000000089, -2.549999999999999822, 0.2999999999999999889 ) ) ;
#744 = FILL_AREA_STYLE ('',( #2933 ) ) ;
#745 = MECHANICAL_DESIGN_GEOMETRIC_PRESENTATION_REPRESENTATION (  '', ( #522 ), #3577 ) ;
#746 = AXIS2_PLACEMENT_3D ( 'NONE', #4213, #3473, #2031 ) ;
#747 = CARTESIAN_POINT ( 'NONE',  ( -0.5909999999999999698, 1.625000000000000222, 0.0000000000000000000 ) ) ;
#748 = FACE_OUTER_BOUND ( 'NONE', #4267, .T. ) ;
#749 = CYLINDRICAL_SURFACE ( 'NONE', #3596, 0.2999999999999999334 ) ;
#750 = ORIENTED_EDGE ( 'NONE', *, *, #2242, .T. ) ;
#751 = AXIS2_PLACEMENT_3D ( 'NONE', #3794, #3818, #1946 ) ;
#752 = CARTESIAN_POINT ( 'NONE',  ( 0.5999999999999999778, 1.625000000000000222, 0.0000000000000000000 ) ) ;
#753 = PRESENTATION_LAYER_ASSIGNMENT (  '', '', ( #2726 ) ) ;
#754 = SURFACE_STYLE_USAGE ( .BOTH. , #1940 ) ;
#755 = LINE ( 'NONE', #175, #3221 ) ;
#756 = UNCERTAINTY_MEASURE_WITH_UNIT (LENGTH_MEASURE( 1.000000000000000082E-05 ), #2739, 'distance_accuracy_value', 'NONE');
#757 = DIRECTION ( 'NONE',  ( 0.0000000000000000000, -0.0000000000000000000, 1.000000000000000000 ) ) ;
#758 = DIRECTION ( 'NONE',  ( -1.000000000000000000, 0.0000000000000000000, 0.0000000000000000000 ) ) ;
#759 = VERTEX_POINT ( 'NONE', #125 ) ;
#760 = LINE ( 'NONE', #64, #2894 ) ;
#761 = SURFACE_STYLE_FILL_AREA ( #91 ) ;
#762 =( NAMED_UNIT ( * ) PLANE_ANGLE_UNIT ( ) SI_UNIT ( $, .RADIAN. ) );
#763 = DIRECTION ( 'NONE',  ( 0.0000000000000000000, -0.0000000000000000000, -1.000000000000000000 ) ) ;
#764 = DIRECTION ( 'NONE',  ( 0.0000000000000000000, 0.0000000000000000000, 1.000000000000000000 ) ) ;
#765 = UNCERTAINTY_MEASURE_WITH_UNIT (LENGTH_MEASURE( 1.000000000000000082E-05 ), #4501, 'distance_accuracy_value', 'NONE');
#766 = LINE ( 'NONE', #74, #4336 ) ;
#767 = COLOUR_RGB ( '',0.8470588235294117530, 0.6901960784313725394, 0.2196078431372548989 ) ;
#768 = LINE ( 'NONE', #1050, #4568 ) ;
#769 = CARTESIAN_POINT ( 'NONE',  ( 0.9300000000000000488, 1.930000000000000382, 0.9500000000000000666 ) ) ;
#770 = EDGE_CURVE ( 'NONE', #4026, #3580, #775, .T. ) ;
#771 = LINE ( 'NONE', #3345, #3587 ) ;
#772 = ORIENTED_EDGE ( 'NONE', *, *, #3809, .F. ) ;
#773 = DIRECTION ( 'NONE',  ( -0.0000000000000000000, 0.0000000000000000000, -1.000000000000000000 ) ) ;
#774 = CARTESIAN_POINT ( 'NONE',  ( 1.500000000000000000, -2.500000000000000000, 0.0000000000000000000 ) ) ;
#775 = LINE ( 'NONE', #3769, #2911 ) ;
#776 = DIRECTION ( 'NONE',  ( 1.000000000000000000, 0.0000000000000000000, 0.0000000000000000000 ) ) ;
#777 = EDGE_CURVE ( 'NONE', #2144, #3426, #3111, .T. ) ;
#778 = PRESENTATION_STYLE_ASSIGNMENT (( #2245 ) ) ;
#779 = SURFACE_STYLE_FILL_AREA ( #4136 ) ;
#780 = VERTEX_POINT ( 'NONE', #2753 ) ;
#781 = SURFACE_STYLE_FILL_AREA ( #3727 ) ;
#782 = CARTESIAN_POINT ( 'NONE',  ( -1.500000000000000000, 2.125000000000000000, 0.09999999999999999167 ) ) ;
#783 = LINE ( 'NONE', #1635, #2544 ) ;
#784 = EDGE_CURVE ( 'NONE', #2736, #4410, #755, .T. ) ;
#785 = ORIENTED_EDGE ( 'NONE', *, *, #4752, .T. ) ;
#786 = FILL_AREA_STYLE_COLOUR ( '', #1463 ) ;
#787 =( NAMED_UNIT ( * ) SI_UNIT ( $, .STERADIAN. ) SOLID_ANGLE_UNIT ( ) );
#788 = SURFACE_STYLE_USAGE ( .BOTH. , #3483 ) ;
#789 = VERTEX_POINT ( 'NONE', #3871 ) ;
#790 = VECTOR ( 'NONE', #2943, 1000.000000000000000 ) ;
#791 = STYLED_ITEM ( 'NONE', ( #2342 ), #84 ) ;
#792 = DIRECTION ( 'NONE',  ( 0.0000000000000000000, 0.0000000000000000000, 1.000000000000000000 ) ) ;
#793 = CARTESIAN_POINT ( 'NONE',  ( 0.5909999999999999698, 0.8750000000000000000, 0.0000000000000000000 ) ) ;
#794 = CARTESIAN_POINT ( 'NONE',  ( -0.9300000000000000488, -2.230000000000000426, 0.9499999999999999556 ) ) ;
#795 = MECHANICAL_DESIGN_GEOMETRIC_PRESENTATION_REPRESENTATION (  '', ( #1038 ), #2767 ) ;
#796 = DIRECTION ( 'NONE',  ( 0.0000000000000000000, -0.0000000000000000000, -1.000000000000000000 ) ) ;
#797 = COLOUR_RGB ( '',0.8470588235294117530, 0.6901960784313725394, 0.2196078431372548989 ) ;
#798 = VERTEX_POINT ( 'NONE', #950 ) ;
#799 = SURFACE_STYLE_FILL_AREA ( #4805 ) ;
#800 = ORIENTED_EDGE ( 'NONE', *, *, #1171, .T. ) ;
#801 = FILL_AREA_STYLE ('',( #4155 ) ) ;
#802 = VECTOR ( 'NONE', #346, 1000.000000000000000 ) ;
#803 = EDGE_CURVE ( 'NONE', #1593, #4178, #929, .T. ) ;
#804 = LINE ( 'NONE', #1549, #4770 ) ;
#805 = DIRECTION ( 'NONE',  ( -0.0000000000000000000, -0.0000000000000000000, 1.000000000000000000 ) ) ;
#806 = ORIENTED_EDGE ( 'NONE', *, *, #2489, .T. ) ;
#807 = ORIENTED_EDGE ( 'NONE', *, *, #475, .F. ) ;
#808 = CARTESIAN_POINT ( 'NONE',  ( -1.510000000000000009, 0.9749999999999999778, 0.1100000000000000006 ) ) ;
#809 = CIRCLE ( 'NONE', #813, 0.2999999999999999334 ) ;
#810 = UNCERTAINTY_MEASURE_WITH_UNIT (LENGTH_MEASURE( 1.000000000000000082E-05 ), #348, 'distance_accuracy_value', 'NONE');
#811 = LINE ( 'NONE', #1148, #1720 ) ;
#812 = EDGE_LOOP ( 'NONE', ( #564, #1647 ) ) ;
#813 = AXIS2_PLACEMENT_3D ( 'NONE', #510, #4587, #1246 ) ;
#814 = PRESENTATION_STYLE_ASSIGNMENT (( #2284 ) ) ;
#815 = EDGE_CURVE ( 'NONE', #4001, #4478, #251, .T. ) ;
#816 = CARTESIAN_POINT ( 'NONE',  ( -0.5999999999999999778, 2.125000000000000000, 0.0000000000000000000 ) ) ;
#817 = DIRECTION ( 'NONE',  ( -0.0000000000000000000, -1.000000000000000000, 0.0000000000000000000 ) ) ;
#818 = SURFACE_SIDE_STYLE ('',( #4173 ) ) ;
#819 = ADVANCED_FACE ( 'NONE', ( #560 ), #2701, .T. ) ;
#820 = SURFACE_STYLE_USAGE ( .BOTH. , #4174 ) ;
#821 = CARTESIAN_POINT ( 'NONE',  ( 1.500000000000000000, 0.9749999999999999778, 0.3499999999999999778 ) ) ;
#822 = CARTESIAN_POINT ( 'NONE',  ( 1.500000000000000000, -0.3699999999999999956, 0.0000000000000000000 ) ) ;
#823 =( GEOMETRIC_REPRESENTATION_CONTEXT ( 3 ) GLOBAL_UNCERTAINTY_ASSIGNED_CONTEXT ( ( #710 ) ) GLOBAL_UNIT_ASSIGNED_CONTEXT ( ( #3342, #1843, #2597 ) ) REPRESENTATION_CONTEXT ( 'NONE', 'WORKASPACE' ) );
#824 = VECTOR ( 'NONE', #119, 1000.000000000000000 ) ;
#825 = FILL_AREA_STYLE_COLOUR ( '', #2226 ) ;
#826 = VERTEX_POINT ( 'NONE', #3206 ) ;
#827 = VERTEX_POINT ( 'NONE', #3601 ) ;
#828 =( NAMED_UNIT ( * ) SI_UNIT ( $, .STERADIAN. ) SOLID_ANGLE_UNIT ( ) );
#829 = MECHANICAL_DESIGN_GEOMETRIC_PRESENTATION_REPRESENTATION (  '', ( #995 ), #4727 ) ;
#830 = STYLED_ITEM ( 'NONE', ( #3751 ), #3127 ) ;
#831 =( LENGTH_UNIT ( ) NAMED_UNIT ( * ) SI_UNIT ( .MILLI., .METRE. ) );
#832 = ORIENTED_EDGE ( 'NONE', *, *, #4644, .T. ) ;
#833 = CIRCLE ( 'NONE', #4577, 0.2999999999999999334 ) ;
#834 = ORIENTED_EDGE ( 'NONE', *, *, #2128, .F. ) ;
#835 = CARTESIAN_POINT ( 'NONE',  ( 0.4899999999999999911, 2.225000000000000089, 0.1000000000000000056 ) ) ;
#836 = VECTOR ( 'NONE', #13, 1000.000000000000000 ) ;
#837 = SURFACE_SIDE_STYLE ('',( #3776 ) ) ;
#838 = ORIENTED_EDGE ( 'NONE', *, *, #379, .T. ) ;
#840 = EDGE_CURVE ( 'NONE', #106, #2685, #1297, .T. ) ;
#839 = DIRECTION ( 'NONE',  ( 1.000000000000000000, 0.0000000000000000000, -0.0000000000000000000 ) ) ;
#841 = VERTEX_POINT ( 'NONE', #4286 ) ;
#842 = SURFACE_STYLE_FILL_AREA ( #1284 ) ;
#843 = SURFACE_SIDE_STYLE ('',( #1442 ) ) ;
#844 = PRESENTATION_STYLE_ASSIGNMENT (( #4293 ) ) ;
#845 = LINE ( 'NONE', #3457, #3321 ) ;
#846 =( NAMED_UNIT ( * ) SI_UNIT ( $, .STERADIAN. ) SOLID_ANGLE_UNIT ( ) );
#847 = LINE ( 'NONE', #2486, #1771 ) ;
#848 = EDGE_CURVE ( 'NONE', #2006, #3697, #905, .T. ) ;
#849 = PLANE ( 'NONE',  #730 ) ;
#850 = LINE ( 'NONE', #2341, #3777 ) ;
#851 = SURFACE_SIDE_STYLE ('',( #455 ) ) ;
#852 = EDGE_CURVE ( 'NONE', #3619, #1332, #263, .T. ) ;
#853 = VERTEX_POINT ( 'NONE', #539 ) ;
#854 = ORIENTED_EDGE ( 'NONE', *, *, #336, .T. ) ;
#855 = DIRECTION ( 'NONE',  ( -1.000000000000000000, 0.0000000000000000000, -0.0000000000000000000 ) ) ;
#856 = UNCERTAINTY_MEASURE_WITH_UNIT (LENGTH_MEASURE( 1.000000000000000082E-05 ), #831, 'distance_accuracy_value', 'NONE');
#857 = PRODUCT_DEFINITION_FORMATION_WITH_SPECIFIED_SOURCE ( 'ANY', '', #4408, .NOT_KNOWN. ) ;
#858 = FILL_AREA_STYLE ('',( #413 ) ) ;
#859 = ORIENTED_EDGE ( 'NONE', *, *, #3356, .T. ) ;
#860 = ORIENTED_EDGE ( 'NONE', *, *, #4080, .T. ) ;
#861 = CARTESIAN_POINT ( 'NONE',  ( 1.500000000000000000, 0.2650000000000000688, 0.1000000000000000056 ) ) ;
#862 = SURFACE_STYLE_USAGE ( .BOTH. , #2737 ) ;
#863 = DIRECTION ( 'NONE',  ( 1.000000000000000000, 0.0000000000000000000, 0.0000000000000000000 ) ) ;
#864 = VERTEX_POINT ( 'NONE', #3926 ) ;
#865 = VERTEX_POINT ( 'NONE', #4661 ) ;
#866 = LINE ( 'NONE', #339, #2361 ) ;
#867 = LINE ( 'NONE', #1640, #587 ) ;
#868 = FACE_OUTER_BOUND ( 'NONE', #702, .T. ) ;
#869 = ADVANCED_FACE ( 'NONE', ( #1327 ), #4364, .T. ) ;
#870 = CARTESIAN_POINT ( 'NONE',  ( 0.6500000000000001332, 1.649999999999999911, 0.7500000000000000000 ) ) ;
#871 = FILL_AREA_STYLE ('',( #1212 ) ) ;
#872 = CARTESIAN_POINT ( 'NONE',  ( 1.550000000000000266, -0.2750000000000000777, 0.0000000000000000000 ) ) ;
#873 = COLOUR_RGB ( '',0.8470588235294117530, 0.6901960784313725394, 0.2196078431372548989 ) ;
#874 = EDGE_CURVE ( 'NONE', #4227, #2423, #4406, .T. ) ;
#875 =( NAMED_UNIT ( * ) SI_UNIT ( $, .STERADIAN. ) SOLID_ANGLE_UNIT ( ) );
#876 = VERTEX_POINT ( 'NONE', #3255 ) ;
#877 =( GEOMETRIC_REPRESENTATION_CONTEXT ( 3 ) GLOBAL_UNCERTAINTY_ASSIGNED_CONTEXT ( ( #700 ) ) GLOBAL_UNIT_ASSIGNED_CONTEXT ( ( #1827, #2580, #2600 ) ) REPRESENTATION_CONTEXT ( 'NONE', 'WORKASPACE' ) );
#878 = ORIENTED_EDGE ( 'NONE', *, *, #1802, .T. ) ;
#879 = PRESENTATION_LAYER_ASSIGNMENT (  '', '', ( #264 ) ) ;
#880 = CARTESIAN_POINT ( 'NONE',  ( -0.5000000000000000000, 2.225000000000000089, 0.1000000000000000056 ) ) ;
#881 = CARTESIAN_POINT ( 'NONE',  ( 1.105735931288071239, -2.230000000000000870, 0.6500000000000000222 ) ) ;
#882 = MECHANICAL_DESIGN_GEOMETRIC_PRESENTATION_REPRESENTATION (  '', ( #4087 ), #3453 ) ;
#883 = PRESENTATION_STYLE_ASSIGNMENT (( #3051 ) ) ;
#884 = ORIENTED_EDGE ( 'NONE', *, *, #2796, .F. ) ;
#885 = EDGE_LOOP ( 'NONE', ( #4709, #4452, #665, #750, #4749, #3928, #3455, #1568 ) ) ;
#886 = CARTESIAN_POINT ( 'NONE',  ( 0.5999999999999999778, -2.234999999999999876, 0.09999999999999989453 ) ) ;
#887 = CARTESIAN_POINT ( 'NONE',  ( 0.0000000000000000000, 0.0000000000000000000, 0.0000000000000000000 ) ) ;
#888 = VECTOR ( 'NONE', #4330, 1000.000000000000000 ) ;
#889 = EDGE_LOOP ( 'NONE', ( #3828, #1166, #516, #1824 ) ) ;
#890 = DIRECTION ( 'NONE',  ( 0.0000000000000000000, 0.0000000000000000000, 1.000000000000000000 ) ) ;
#891 = VECTOR ( 'NONE', #196, 1000.000000000000000 ) ;
#892 = DIRECTION ( 'NONE',  ( -0.0000000000000000000, -0.0000000000000000000, 1.000000000000000000 ) ) ;
#893 = AXIS2_PLACEMENT_3D ( 'NONE', #4070, #1913, #1445 ) ;
#894 =( NAMED_UNIT ( * ) SI_UNIT ( $, .STERADIAN. ) SOLID_ANGLE_UNIT ( ) );
#895 = PRESENTATION_STYLE_ASSIGNMENT (( #3543 ) ) ;
#896 = SURFACE_STYLE_USAGE ( .BOTH. , #4702 ) ;
#897 = ORIENTED_EDGE ( 'NONE', *, *, #3386, .T. ) ;
#898 = AXIS2_PLACEMENT_3D ( 'NONE', #3270, #2902, #332 ) ;
#899 = FILL_AREA_STYLE_COLOUR ( '', #1484 ) ;
#900 = ADVANCED_FACE ( 'NONE', ( #302 ), #652, .T. ) ;
#901 = ORIENTED_EDGE ( 'NONE', *, *, #1476, .F. ) ;
#902 = CARTESIAN_POINT ( 'NONE',  ( 0.5000000000000000000, -0.9750000000000001998, 0.0000000000000000000 ) ) ;
#903 = CARTESIAN_POINT ( 'NONE',  ( -1.229999999999999982, 2.230000000000000426, 0.6500000000000010214 ) ) ;
#904 = COLOUR_RGB ( '',0.8470588235294117530, 0.6901960784313725394, 0.2196078431372548989 ) ;
#905 = LINE ( 'NONE', #1343, #3452 ) ;
#906 = VECTOR ( 'NONE', #3075, 1000.000000000000000 ) ;
#907 = UNCERTAINTY_MEASURE_WITH_UNIT (LENGTH_MEASURE( 1.000000000000000082E-05 ), #1585, 'distance_accuracy_value', 'NONE');
#908 = ORIENTED_EDGE ( 'NONE', *, *, #3768, .T. ) ;
#909 = SURFACE_SIDE_STYLE ('',( #3500 ) ) ;
#910 = ORIENTED_EDGE ( 'NONE', *, *, #77, .T. ) ;
#911 = AXIS2_PLACEMENT_3D ( 'NONE', #3711, #4101, #1505 ) ;
#912 =( NAMED_UNIT ( * ) SI_UNIT ( $, .STERADIAN. ) SOLID_ANGLE_UNIT ( ) );
#913 = STYLED_ITEM ( 'NONE', ( #3501 ), #3247 ) ;
#914 = CARTESIAN_POINT ( 'NONE',  ( -0.5909999999999999698, -2.125000000000000000, 0.0000000000000000000 ) ) ;
#915 = SURFACE_STYLE_USAGE ( .BOTH. , #4266 ) ;
#916 = UNCERTAINTY_MEASURE_WITH_UNIT (LENGTH_MEASURE( 1.000000000000000082E-05 ), #3782, 'distance_accuracy_value', 'NONE');
#917 = VECTOR ( 'NONE', #3235, 1000.000000000000000 ) ;
#918 = VERTEX_POINT ( 'NONE', #322 ) ;
#919 = EDGE_CURVE ( 'NONE', #4564, #853, #3299, .T. ) ;
#920 = ORIENTED_EDGE ( 'NONE', *, *, #4621, .F. ) ;
#921 =( LENGTH_UNIT ( ) NAMED_UNIT ( * ) SI_UNIT ( .MILLI., .METRE. ) );
#922 = PLANE ( 'NONE',  #2989 ) ;
#923 = FILL_AREA_STYLE_COLOUR ( '', #2167 ) ;
#924 = CARTESIAN_POINT ( 'NONE',  ( -0.5000000000000000000, -1.524999999999999911, 0.1000000000000000056 ) ) ;
#925 = PLANE ( 'NONE',  #3013 ) ;
#926 = PLANE ( 'NONE',  #1503 ) ;
#927 =( NAMED_UNIT ( * ) PLANE_ANGLE_UNIT ( ) SI_UNIT ( $, .RADIAN. ) );
#928 = LINE ( 'NONE', #2699, #2552 ) ;
#929 = LINE ( 'NONE', #2049, #2301 ) ;
#930 = EDGE_CURVE ( 'NONE', #2001, #1373, #3278, .T. ) ;
#931 =( NAMED_UNIT ( * ) SI_UNIT ( $, .STERADIAN. ) SOLID_ANGLE_UNIT ( ) );
#932 = ORIENTED_EDGE ( 'NONE', *, *, #4460, .T. ) ;
#933 = ORIENTED_EDGE ( 'NONE', *, *, #2125, .T. ) ;
#934 =( NAMED_UNIT ( * ) SI_UNIT ( $, .STERADIAN. ) SOLID_ANGLE_UNIT ( ) );
#935 =( NAMED_UNIT ( * ) SI_UNIT ( $, .STERADIAN. ) SOLID_ANGLE_UNIT ( ) );
#936 = VECTOR ( 'NONE', #3821, 1000.000000000000000 ) ;
#937 = CARTESIAN_POINT ( 'NONE',  ( 0.5000000000000000000, 1.518000000000000016, 0.1000000000000000056 ) ) ;
#938 = SURFACE_STYLE_USAGE ( .BOTH. , #2456 ) ;
#939 = ORIENTED_EDGE ( 'NONE', *, *, #4488, .T. ) ;
#940 = CARTESIAN_POINT ( 'NONE',  ( 1.500000000000000000, 1.625000000000000222, 0.0000000000000000000 ) ) ;
#941 = DIRECTION ( 'NONE',  ( -0.0000000000000000000, 1.000000000000000000, 0.0000000000000000000 ) ) ;
#942 = LINE ( 'NONE', #3173, #1757 ) ;
#943 = EDGE_CURVE ( 'NONE', #4168, #1921, #3509, .T. ) ;
#944 = CARTESIAN_POINT ( 'NONE',  ( 1.500000000000000000, -1.620000000000000107, 0.0000000000000000000 ) ) ;
#945 = CARTESIAN_POINT ( 'NONE',  ( 0.9300000000000000488, 5.402499999999999858, 0.6500000000000001332 ) ) ;
#946 = SURFACE_STYLE_USAGE ( .BOTH. , #4675 ) ;
#947 =( LENGTH_UNIT ( ) NAMED_UNIT ( * ) SI_UNIT ( .MILLI., .METRE. ) );
#948 = COLOUR_RGB ( '',0.8470588235294117530, 0.6901960784313725394, 0.2196078431372548989 ) ;
#949 = LINE ( 'NONE', #4361, #3390 ) ;
#950 = CARTESIAN_POINT ( 'NONE',  ( 1.500000000000000000, -2.225000000000000089, 0.0000000000000000000 ) ) ;
#951 = UNCERTAINTY_MEASURE_WITH_UNIT (LENGTH_MEASURE( 1.000000000000000082E-05 ), #2099, 'distance_accuracy_value', 'NONE');
#952 = AXIS2_PLACEMENT_3D ( 'NONE', #1719, #3985, #3238 ) ;
#953 = ORIENTED_EDGE ( 'NONE', *, *, #4671, .T. ) ;
#954 = MECHANICAL_DESIGN_GEOMETRIC_PRESENTATION_REPRESENTATION (  '', ( #791 ), #565 ) ;
#955 = ORIENTED_EDGE ( 'NONE', *, *, #2670, .F. ) ;
#956 = LINE ( 'NONE', #861, #66 ) ;
#957 = LINE ( 'NONE', #3957, #3331 ) ;
#958 = LINE ( 'NONE', #2478, #3396 ) ;
#959 = CARTESIAN_POINT ( 'NONE',  ( 1.500000000000000000, -2.234999999999999876, 0.09999999999999989453 ) ) ;
#960 = EDGE_LOOP ( 'NONE', ( #981, #2728, #2924, #4374, #2152, #3087, #437, #3121 ) ) ;
#961 = VECTOR ( 'NONE', #1272, 1000.000000000000000 ) ;
#962 = ORIENTED_EDGE ( 'NONE', *, *, #2437, .F. ) ;
#963 = SURFACE_SIDE_STYLE ('',( #3964 ) ) ;
#964 = EDGE_CURVE ( 'NONE', #2539, #1245, #3637, .T. ) ;
#965 = FILL_AREA_STYLE ('',( #1317 ) ) ;
#966 = PRODUCT_DEFINITION_CONTEXT ( 'detailed design', #4208, 'design' ) ;
#967 = LINE ( 'NONE', #3860, #648 ) ;
#968 = COLOUR_RGB ( '',0.8470588235294117530, 0.6901960784313725394, 0.2196078431372548989 ) ;
#969 =( NAMED_UNIT ( * ) PLANE_ANGLE_UNIT ( ) SI_UNIT ( $, .RADIAN. ) );
#970 = CARTESIAN_POINT ( 'NONE',  ( 1.500000000000000000, 2.549999999999999822, 0.3499999999999999778 ) ) ;
#971 =( LENGTH_UNIT ( ) NAMED_UNIT ( * ) SI_UNIT ( .MILLI., .METRE. ) );
#972 = EDGE_CURVE ( 'NONE', #3580, #2393, #2503, .T. ) ;
#973 = DIRECTION ( 'NONE',  ( 0.0000000000000000000, 0.0000000000000000000, -1.000000000000000000 ) ) ;
#974 = MECHANICAL_DESIGN_GEOMETRIC_PRESENTATION_REPRESENTATION (  '', ( #1369 ), #1919 ) ;
#975 = PLANE ( 'NONE',  #2095 ) ;
#976 = CARTESIAN_POINT ( 'NONE',  ( -0.5999999999999999778, -1.625000000000000222, 0.1090000000000000135 ) ) ;
#977 =( NAMED_UNIT ( * ) PLANE_ANGLE_UNIT ( ) SI_UNIT ( $, .RADIAN. ) );
#978 = FILL_AREA_STYLE_COLOUR ( '', #2307 ) ;
#979 = STYLED_ITEM ( 'NONE', ( #3482 ), #2515 ) ;
#980 = EDGE_LOOP ( 'NONE', ( #3383, #3952, #1071, #486 ) ) ;
#981 = ORIENTED_EDGE ( 'NONE', *, *, #206, .T. ) ;
#982 = SURFACE_STYLE_FILL_AREA ( #4368 ) ;
#983 = ORIENTED_EDGE ( 'NONE', *, *, #3689, .T. ) ;
#984 = DIRECTION ( 'NONE',  ( 0.0000000000000000000, -1.000000000000000000, -0.0000000000000000000 ) ) ;
#985 = FACE_OUTER_BOUND ( 'NONE', #3346, .T. ) ;
#986 = PRESENTATION_LAYER_ASSIGNMENT (  '', '', ( #593 ) ) ;
#987 = LINE ( 'NONE', #3213, #4426 ) ;
#988 = LINE ( 'NONE', #3959, #2907 ) ;
#989 = AXIS2_PLACEMENT_3D ( 'NONE', #500, #2766, #4251 ) ;
#990 = PRESENTATION_LAYER_ASSIGNMENT (  '', '', ( #3328 ) ) ;
#991 = FACE_OUTER_BOUND ( 'NONE', #232, .T. ) ;
#992 = EDGE_LOOP ( 'NONE', ( #1389, #2394, #1492, #1013 ) ) ;
#993 = DIRECTION ( 'NONE',  ( 0.0000000000000000000, 1.000000000000000000, 0.0000000000000000000 ) ) ;
#994 = PRESENTATION_STYLE_ASSIGNMENT (( #2856 ) ) ;
#995 = STYLED_ITEM ( 'NONE', ( #3735 ), #3747 ) ;
#996 = EDGE_CURVE ( 'NONE', #2736, #4613, #3167, .T. ) ;
#997 = SURFACE_STYLE_USAGE ( .BOTH. , #2858 ) ;
#998 = EDGE_LOOP ( 'NONE', ( #2711, #269, #2697, #2704, #4584, #4562, #1522, #240, #2949, #1884, #806, #4402, #390, #177, #3232, #3552, #901, #3819, #2705, #3119, #2424, #2140, #2428, #3880, #3951, #1436, #2166, #4152, #3472, #1954, #2494, #4512, #3906, #2904, #3441, #1125 ) ) ;
#999 = VECTOR ( 'NONE', #855, 1000.000000000000000 ) ;
#1000 = PRESENTATION_STYLE_ASSIGNMENT (( #946 ) ) ;
#1001 = FILL_AREA_STYLE_COLOUR ( '', #3889 ) ;
#1002 = EDGE_CURVE ( 'NONE', #3426, #433, #1765, .T. ) ;
#1003 = SURFACE_STYLE_USAGE ( .BOTH. , #1064 ) ;
#1004 = CARTESIAN_POINT ( 'NONE',  ( -1.500000000000000000, 0.8750000000000000000, 0.0000000000000000000 ) ) ;
#1005 = CARTESIAN_POINT ( 'NONE',  ( -1.500000000000000000, -0.3750000000000000000, 0.0000000000000000000 ) ) ;
#1006 = CARTESIAN_POINT ( 'NONE',  ( 0.4899999999999999911, 2.225000000000000089, 0.1100000000000000006 ) ) ;
#1007 = EDGE_CURVE ( 'NONE', #2418, #4168, #3239, .T. ) ;
#1008 = ORIENTED_EDGE ( 'NONE', *, *, #972, .F. ) ;
#1009 = CARTESIAN_POINT ( 'NONE',  ( -1.350000000000000089, -2.250000000000000444, 0.2999999999999994893 ) ) ;
#1010 = CARTESIAN_POINT ( 'NONE',  ( 0.5000000000000000000, -2.232000000000000206, 0.09999999999999989453 ) ) ;
#1011 = LINE ( 'NONE', #4717, #676 ) ;
#1012 = VECTOR ( 'NONE', #1662, 1000.000000000000000 ) ;
#1013 = ORIENTED_EDGE ( 'NONE', *, *, #2866, .F. ) ;
#1014 = ADVANCED_FACE ( 'NONE', ( #239 ), #4372, .T. ) ;
#1015 = CARTESIAN_POINT ( 'NONE',  ( 1.500000000000000000, -0.9849999999999999867, 0.1000000000000000056 ) ) ;
#1016 = SURFACE_STYLE_USAGE ( .BOTH. , #3647 ) ;
#1017 = DIRECTION ( 'NONE',  ( 1.000000000000000000, 0.0000000000000000000, 0.0000000000000000000 ) ) ;
#1018 = EDGE_CURVE ( 'NONE', #4443, #57, #2923, .T. ) ;
#1019 = LINE ( 'NONE', #3183, #3559 ) ;
#1020 = DIRECTION ( 'NONE',  ( 0.0000000000000000000, 0.0000000000000000000, 1.000000000000000000 ) ) ;
#1021 = CARTESIAN_POINT ( 'NONE',  ( 0.5000000000000000000, 0.9749999999999999778, 0.1000000000000000056 ) ) ;
#1022 = EDGE_LOOP ( 'NONE', ( #697, #480, #2035, #2825 ) ) ;
#1023 = ORIENTED_EDGE ( 'NONE', *, *, #4158, .T. ) ;
#1024 = COLOUR_RGB ( '',0.8470588235294117530, 0.6901960784313725394, 0.2196078431372548989 ) ;
#1025 = CARTESIAN_POINT ( 'NONE',  ( 1.500000000000000000, 2.125000000000000000, 0.0000000000000000000 ) ) ;
#1026 = CLOSED_SHELL ( 'NONE', ( #1164, #1270, #173, #1925, #2293, #450, #2917, #127, #3754, #296, #4520, #1028, #4289, #2560, #4380, #869, #1102, #645, #3247, #319, #343, #2220, #56, #1533, #3668, #4748, #2370, #201, #4166, #1504, #4359, #3972, #281, #428, #2810, #4067, #900, #1014, #4331, #1439, #2883, #84, #2993, #4604, #3412, #3091, #2532, #3047, #3127, #545, #2165, #1482, #312, #4757, #1329, #3031, #73, #3804, #4199, #1877, #2596, #3534, #691, #1881, #491, #3123, #1901, #3379, #3607, #3502, #4404, #2264, #227, #4327, #3747, #2300, #3586, #2515, #162, #3642, #2151, #4578, #1109, #3798, #4600, #1191, #3693, #4783, #1527, #1036, #819, #3741, #4055, #1965, #3883, #1420, #2770, #3182, #2189, #2591, #3566, #2234 ) ) ;
#1027 = FACE_OUTER_BOUND ( 'NONE', #1961, .T. ) ;
#1028 = ADVANCED_FACE ( 'NONE', ( #701 ), #2244, .T. ) ;
#1029 = CARTESIAN_POINT ( 'NONE',  ( -1.229999999999999982, 2.105735931288071239, 0.6500000000000001332 ) ) ;
#1030 = LINE ( 'NONE', #2650, #1123 ) ;
#1031 = FILL_AREA_STYLE ('',( #2201 ) ) ;
#1032 = CARTESIAN_POINT ( 'NONE',  ( -1.510000000000000009, -2.234999999999999876, 0.1000000000000000056 ) ) ;
#1033 = CARTESIAN_POINT ( 'NONE',  ( -1.500000000000000000, 1.524999999999999911, 0.09999999999999996392 ) ) ;
#1034 = ORIENTED_EDGE ( 'NONE', *, *, #4142, .F. ) ;
#1035 = FACE_OUTER_BOUND ( 'NONE', #1094, .T. ) ;
#1036 = ADVANCED_FACE ( 'NONE', ( #1429 ), #3287, .T. ) ;
#1037 = AXIS2_PLACEMENT_3D ( 'NONE', #4657, #4677, #202 ) ;
#1038 = STYLED_ITEM ( 'NONE', ( #1627 ), #1109 ) ;
#1039 = EDGE_LOOP ( 'NONE', ( #292, #2773, #3814, #785 ) ) ;
#1040 = LINE ( 'NONE', #3274, #1131 ) ;
#1041 = LINE ( 'NONE', #2233, #4636 ) ;
#1042 = CARTESIAN_POINT ( 'NONE',  ( 1.500000000000000000, 2.125000000000000000, 0.1090000000000000135 ) ) ;
#1043 = MECHANICAL_DESIGN_GEOMETRIC_PRESENTATION_REPRESENTATION (  '', ( #1441 ), #4029 ) ;
#1044 = CARTESIAN_POINT ( 'NONE',  ( 0.9050000000000001377, 1.395000000000000018, 0.7500000000000000000 ) ) ;
#1045 = CARTESIAN_POINT ( 'NONE',  ( -0.5909999999999999698, -2.133999999999999897, 0.0000000000000000000 ) ) ;
#1046 = DIRECTION ( 'NONE',  ( -0.0000000000000000000, 0.0000000000000000000, -1.000000000000000000 ) ) ;
#1047 = EDGE_CURVE ( 'NONE', #2844, #1680, #86, .T. ) ;
#1048 = DIRECTION ( 'NONE',  ( 0.0000000000000000000, 1.000000000000000000, 0.0000000000000000000 ) ) ;
#1049 = SURFACE_STYLE_USAGE ( .BOTH. , #2134 ) ;
#1050 = CARTESIAN_POINT ( 'NONE',  ( -1.500000000000000000, -0.9849999999999999867, 0.1000000000000000056 ) ) ;
#1051 =( NAMED_UNIT ( * ) SI_UNIT ( $, .STERADIAN. ) SOLID_ANGLE_UNIT ( ) );
#1052 = MECHANICAL_DESIGN_GEOMETRIC_PRESENTATION_REPRESENTATION (  '', ( #2009 ), #1698 ) ;
#1053 = UNCERTAINTY_MEASURE_WITH_UNIT (LENGTH_MEASURE( 1.000000000000000082E-05 ), #2752, 'distance_accuracy_value', 'NONE');
#1054 = DIRECTION ( 'NONE',  ( 1.000000000000000000, 0.0000000000000000000, 0.0000000000000000000 ) ) ;
#1055 = EDGE_LOOP ( 'NONE', ( #1202, #277, #3930, #3614 ) ) ;
#1056 = FILL_AREA_STYLE ('',( #3242 ) ) ;
#1057 = LINE ( 'NONE', #1880, #2490 ) ;
#1058 = FILL_AREA_STYLE_COLOUR ( '', #797 ) ;
#1059 = STYLED_ITEM ( 'NONE', ( #2288 ), #3566 ) ;
#1060 = MECHANICAL_DESIGN_GEOMETRIC_PRESENTATION_REPRESENTATION (  '', ( #3882 ), #2333 ) ;
#1061 = EDGE_CURVE ( 'NONE', #4724, #1997, #1184, .T. ) ;
#1062 = EDGE_LOOP ( 'NONE', ( #4483, #410, #2375, #4682, #138, #3479, #1608, #1599 ) ) ;
#1063 = MECHANICAL_DESIGN_GEOMETRIC_PRESENTATION_REPRESENTATION (  '', ( #3887 ), #1624 ) ;
#1064 = SURFACE_SIDE_STYLE ('',( #2957 ) ) ;
#1065 = AXIS2_PLACEMENT_3D ( 'NONE', #250, #3600, #4048 ) ;
#1066 = VECTOR ( 'NONE', #2627, 1000.000000000000000 ) ;
#1067 = PLANE ( 'NONE',  #2491 ) ;
#1068 = FACE_OUTER_BOUND ( 'NONE', #3499, .T. ) ;
#1069 = SURFACE_SIDE_STYLE ('',( #274 ) ) ;
#1070 = CARTESIAN_POINT ( 'NONE',  ( 0.9300000000000000488, -1.930000000000000160, 0.4000000000000001887 ) ) ;
#1071 = ORIENTED_EDGE ( 'NONE', *, *, #1201, .F. ) ;
#1072 =( NAMED_UNIT ( * ) PLANE_ANGLE_UNIT ( ) SI_UNIT ( $, .RADIAN. ) );
#1073 = APPLICATION_PROTOCOL_DEFINITION ( 'draft international standard', 'automotive_design', 1998, #1267 ) ;
#1074 = EDGE_CURVE ( 'NONE', #1450, #2927, #2371, .T. ) ;
#1075 = CARTESIAN_POINT ( 'NONE',  ( 0.5000000000000000000, 0.2680000000000000160, 0.1069999999999999979 ) ) ;
#1076 =( NAMED_UNIT ( * ) SI_UNIT ( $, .STERADIAN. ) SOLID_ANGLE_UNIT ( ) );
#1077 = VERTEX_POINT ( 'NONE', #4500 ) ;
#1078 = SURFACE_STYLE_USAGE ( .BOTH. , #4009 ) ;
#1079 = EDGE_CURVE ( 'NONE', #1774, #2352, #3424, .T. ) ;
#1080 = FILL_AREA_STYLE ('',( #2571 ) ) ;
#1081 = EDGE_LOOP ( 'NONE', ( #3560, #2222, #2211, #2054 ) ) ;
#1082 = VERTEX_POINT ( 'NONE', #1552 ) ;
#1083 = FILL_AREA_STYLE ('',( #2928 ) ) ;
#1084 = EDGE_CURVE ( 'NONE', #1098, #2671, #128, .T. ) ;
#1085 = CARTESIAN_POINT ( 'NONE',  ( -1.550000000000000266, -2.549999999999999822, 0.2999999999999999889 ) ) ;
#1086 = SURFACE_SIDE_STYLE ('',( #3388 ) ) ;
#1087 = CARTESIAN_POINT ( 'NONE',  ( 1.229999999999999982, 1.930000000000000382, 0.8257359312880714342 ) ) ;
#1088 = CARTESIAN_POINT ( 'NONE',  ( -0.6500000000000001332, -1.649999999999999911, 0.7500000000000000000 ) ) ;
#1089 = FILL_AREA_STYLE ('',( #1872 ) ) ;
#1090 = VERTEX_POINT ( 'NONE', #2348 ) ;
#1091 = FACE_OUTER_BOUND ( 'NONE', #1569, .T. ) ;
#1092 = CARTESIAN_POINT ( 'NONE',  ( -1.508999999999999897, -0.3750000000000000000, 0.0000000000000000000 ) ) ;
#1093 =( NAMED_UNIT ( * ) PLANE_ANGLE_UNIT ( ) SI_UNIT ( $, .RADIAN. ) );
#1094 = EDGE_LOOP ( 'NONE', ( #414, #2696, #3855, #3521 ) ) ;
#1095 = COLOUR_RGB ( '',0.8470588235294117530, 0.6901960784313725394, 0.2196078431372548989 ) ;
#1096 = EDGE_CURVE ( 'NONE', #231, #780, #3853, .T. ) ;
#1097 = PRESENTATION_LAYER_ASSIGNMENT (  '', '', ( #2982 ) ) ;
#1098 = VERTEX_POINT ( 'NONE', #1918 ) ;
#1099 =( NAMED_UNIT ( * ) SI_UNIT ( $, .STERADIAN. ) SOLID_ANGLE_UNIT ( ) );
#1100 = UNCERTAINTY_MEASURE_WITH_UNIT (LENGTH_MEASURE( 1.000000000000000082E-05 ), #3686, 'distance_accuracy_value', 'NONE');
#1101 =( NAMED_UNIT ( * ) SI_UNIT ( $, .STERADIAN. ) SOLID_ANGLE_UNIT ( ) );
#1102 = ADVANCED_FACE ( 'NONE', ( #1221 ), #3815, .T. ) ;
#1103 = PRESENTATION_LAYER_ASSIGNMENT (  '', '', ( #4473 ) ) ;
#1104 = SURFACE_STYLE_USAGE ( .BOTH. , #1488 ) ;
#1105 = FACE_OUTER_BOUND ( 'NONE', #4590, .T. ) ;
#1106 = AXIS2_PLACEMENT_3D ( 'NONE', #4526, #50, #1177 ) ;
#1107 = FILL_AREA_STYLE ('',( #2978 ) ) ;
#1108 = PRODUCT ( 'Imported', 'Imported', '', ( #280 ) ) ;
#1109 = ADVANCED_FACE ( 'NONE', ( #3445 ), #105, .T. ) ;
#1110 = PRESENTATION_STYLE_ASSIGNMENT (( #1163 ) ) ;
#1111 = ORIENTED_EDGE ( 'NONE', *, *, #3157, .F. ) ;
#1112 = LINE ( 'NONE', #10, #1066 ) ;
#1113 = AXIS2_PLACEMENT_3D ( 'NONE', #3369, #3990, #757 ) ;
#1114 = DIRECTION ( 'NONE',  ( 0.0000000000000000000, -1.000000000000000000, 0.0000000000000000000 ) ) ;
#1115 =( NAMED_UNIT ( * ) PLANE_ANGLE_UNIT ( ) SI_UNIT ( $, .RADIAN. ) );
#1116 = PRESENTATION_LAYER_ASSIGNMENT (  '', '', ( #1369 ) ) ;
#1117 =( NAMED_UNIT ( * ) PLANE_ANGLE_UNIT ( ) SI_UNIT ( $, .RADIAN. ) );
#1118 =( NAMED_UNIT ( * ) PLANE_ANGLE_UNIT ( ) SI_UNIT ( $, .RADIAN. ) );
#1119 = VERTEX_POINT ( 'NONE', #3927 ) ;
#1120 = PRESENTATION_STYLE_ASSIGNMENT (( #2295 ) ) ;
#1121 = MECHANICAL_DESIGN_GEOMETRIC_PRESENTATION_REPRESENTATION (  '', ( #979 ), #3873 ) ;
#1122 = SURFACE_STYLE_USAGE ( .BOTH. , #1481 ) ;
#1123 = VECTOR ( 'NONE', #2200, 1000.000000000000000 ) ;
#1124 = CARTESIAN_POINT ( 'NONE',  ( -0.5999999999999999778, -1.625000000000000222, 0.1000000000000000056 ) ) ;
#1125 = ORIENTED_EDGE ( 'NONE', *, *, #1744, .T. ) ;
#1126 = CARTESIAN_POINT ( 'NONE',  ( 1.550000000000000266, -1.524999999999999911, 0.0000000000000000000 ) ) ;
#1127 = COLOUR_RGB ( '',0.8470588235294117530, 0.6901960784313725394, 0.2196078431372548989 ) ;
#1128 = PRESENTATION_LAYER_ASSIGNMENT (  '', '', ( #1457 ) ) ;
#1129 = EDGE_CURVE ( 'NONE', #2343, #2087, #4365, .T. ) ;
#1130 = CARTESIAN_POINT ( 'NONE',  ( -0.5000000000000000000, -0.2750000000000002998, 0.0000000000000000000 ) ) ;
#1131 = VECTOR ( 'NONE', #4750, 1000.000000000000000 ) ;
#1132 = VECTOR ( 'NONE', #4219, 1000.000000000000000 ) ;
#1133 = LINE ( 'NONE', #2931, #4111 ) ;
#1134 = SURFACE_STYLE_USAGE ( .BOTH. , #4491 ) ;
#1135 =( NAMED_UNIT ( * ) PLANE_ANGLE_UNIT ( ) SI_UNIT ( $, .RADIAN. ) );
#1136 = PRESENTATION_STYLE_ASSIGNMENT (( #3865 ) ) ;
#1137 = EDGE_LOOP ( 'NONE', ( #3640, #3365, #1606, #179 ) ) ;
#1138 = COLOUR_RGB ( '',0.8470588235294117530, 0.6901960784313725394, 0.2196078431372548989 ) ;
#1139 = PRESENTATION_LAYER_ASSIGNMENT (  '', '', ( #1801 ) ) ;
#1140 = EDGE_CURVE ( 'NONE', #2344, #4573, #4338, .T. ) ;
#1141 = DIRECTION ( 'NONE',  ( 0.0000000000000000000, -1.000000000000000000, 0.0000000000000000000 ) ) ;
#1142 =( LENGTH_UNIT ( ) NAMED_UNIT ( * ) SI_UNIT ( .MILLI., .METRE. ) );
#1143 = MECHANICAL_DESIGN_GEOMETRIC_PRESENTATION_REPRESENTATION (  '', ( #3810 ), #4202 ) ;
#1144 = CARTESIAN_POINT ( 'NONE',  ( -1.500000000000000000, -2.549999999999999822, 0.3499999999999999778 ) ) ;
#1145 = ORIENTED_EDGE ( 'NONE', *, *, #3150, .T. ) ;
#1146 = CARTESIAN_POINT ( 'NONE',  ( -1.500000000000000000, -2.225000000000000089, 0.09999999999999999167 ) ) ;
#1147 = SURFACE_STYLE_FILL_AREA ( #3014 ) ;
#1148 = CARTESIAN_POINT ( 'NONE',  ( 1.510000000000000009, 1.524999999999999911, 0.1000000000000000056 ) ) ;
#1149 = CARTESIAN_POINT ( 'NONE',  ( 0.9300000000000000488, 1.930000000000000160, 0.6500000000000000222 ) ) ;
#1150 = DIRECTION ( 'NONE',  ( 0.0000000000000000000, -0.0000000000000000000, 1.000000000000000000 ) ) ;
#1151 = UNCERTAINTY_MEASURE_WITH_UNIT (LENGTH_MEASURE( 1.000000000000000082E-05 ), #2950, 'distance_accuracy_value', 'NONE');
#1152 = SHAPE_REPRESENTATION ( 'Imported', ( #166 ), #4305 ) ;
#1153 = CARTESIAN_POINT ( 'NONE',  ( 1.500000000000000000, -2.225000000000000089, 0.3499999999999999778 ) ) ;
#1154 = CARTESIAN_POINT ( 'NONE',  ( -1.500000000000000000, 2.225000000000000089, 0.0000000000000000000 ) ) ;
#1155 =( LENGTH_UNIT ( ) NAMED_UNIT ( * ) SI_UNIT ( .MILLI., .METRE. ) );
#1156 = AXIS2_PLACEMENT_3D ( 'NONE', #15, #3752, #40 ) ;
#1157 = CARTESIAN_POINT ( 'NONE',  ( 1.105735931288071461, 2.229999999999999982, 0.8257359312880714342 ) ) ;
#1158 = CARTESIAN_POINT ( 'NONE',  ( -0.9299999999999993827, -2.230000000000000426, 0.6500000000000000222 ) ) ;
#1159 = FACE_OUTER_BOUND ( 'NONE', #4211, .T. ) ;
#1160 = DIRECTION ( 'NONE',  ( 0.0000000000000000000, -0.0000000000000000000, 1.000000000000000000 ) ) ;
#1161 = COLOUR_RGB ( '',0.7921568627450980005, 0.8196078431372548767, 0.9333333333333333481 ) ;
#1162 = ORIENTED_EDGE ( 'NONE', *, *, #4171, .F. ) ;
#1163 = SURFACE_STYLE_USAGE ( .BOTH. , #4470 ) ;
#1164 = ADVANCED_FACE ( 'NONE', ( #1299 ), #2778, .F. ) ;
#1165 = ORIENTED_EDGE ( 'NONE', *, *, #2025, .T. ) ;
#1166 = ORIENTED_EDGE ( 'NONE', *, *, #4433, .F. ) ;
#1167 = EDGE_CURVE ( 'NONE', #655, #60, #3981, .T. ) ;
#1168 = VERTEX_POINT ( 'NONE', #616 ) ;
#1169 = PLANE ( 'NONE',  #137 ) ;
#1170 =( NAMED_UNIT ( * ) SI_UNIT ( $, .STERADIAN. ) SOLID_ANGLE_UNIT ( ) );
#1171 = EDGE_CURVE ( 'NONE', #4229, #3208, #4611, .T. ) ;
#1172 = ORIENTED_EDGE ( 'NONE', *, *, #3082, .T. ) ;
#1173 = CARTESIAN_POINT ( 'NONE',  ( 1.229999999999999982, 2.230000000000000426, 0.9499999999999999556 ) ) ;
#1174 = CARTESIAN_POINT ( 'NONE',  ( -0.5000000000000000000, -2.549999999999999822, 0.0000000000000000000 ) ) ;
#1175 =( GEOMETRIC_REPRESENTATION_CONTEXT ( 3 ) GLOBAL_UNCERTAINTY_ASSIGNED_CONTEXT ( ( #1597 ) ) GLOBAL_UNIT_ASSIGNED_CONTEXT ( ( #85, #2273, #2674 ) ) REPRESENTATION_CONTEXT ( 'NONE', 'WORKASPACE' ) );
#1176 = MECHANICAL_DESIGN_GEOMETRIC_PRESENTATION_REPRESENTATION (  '', ( #2070 ), #3222 ) ;
#1177 = DIRECTION ( 'NONE',  ( -1.000000000000000000, 0.0000000000000000000, 0.0000000000000000000 ) ) ;
#1178 = PRESENTATION_STYLE_ASSIGNMENT (( #3835 ) ) ;
#1179 = MECHANICAL_DESIGN_GEOMETRIC_PRESENTATION_REPRESENTATION (  '', ( #2150 ), #4466 ) ;
#1180 = PRESENTATION_LAYER_ASSIGNMENT (  '', '', ( #2764 ) ) ;
#1181 = FILL_AREA_STYLE_COLOUR ( '', #4104 ) ;
#1182 = DIRECTION ( 'NONE',  ( 0.0000000000000000000, -0.0000000000000000000, -1.000000000000000000 ) ) ;
#1183 = CARTESIAN_POINT ( 'NONE',  ( -1.500000000000000000, -2.125000000000000000, 0.0000000000000000000 ) ) ;
#1184 = CIRCLE ( 'NONE', #2473, 0.2500000000000000000 ) ;
#1185 = AXIS2_PLACEMENT_3D ( 'NONE', #110, #1199, #4215 ) ;
#1186 = EDGE_CURVE ( 'NONE', #3259, #2356, #586, .T. ) ;
#1187 = VERTEX_POINT ( 'NONE', #1328 ) ;
#1188 = ORIENTED_EDGE ( 'NONE', *, *, #1079, .T. ) ;
#1189 = STYLED_ITEM ( 'NONE', ( #4802 ), #1270 ) ;
#1190 = PRESENTATION_STYLE_ASSIGNMENT (( #4534 ) ) ;
#1191 = ADVANCED_FACE ( 'NONE', ( #562 ), #3629, .T. ) ;
#1192 = DIRECTION ( 'NONE',  ( -1.000000000000000000, 0.0000000000000000000, 0.0000000000000000000 ) ) ;
#1193 = VERTEX_POINT ( 'NONE', #1021 ) ;
#1194 = COLOUR_RGB ( '',0.8470588235294117530, 0.6901960784313725394, 0.2196078431372548989 ) ;
#1195 = PRESENTATION_STYLE_ASSIGNMENT (( #38 ) ) ;
#1196 = LINE ( 'NONE', #2055, #4118 ) ;
#1197 = DIRECTION ( 'NONE',  ( -6.123233995736766036E-17, 1.000000000000000000, 0.0000000000000000000 ) ) ;
#1198 = DIRECTION ( 'NONE',  ( 0.0000000000000000000, -0.0000000000000000000, 1.000000000000000000 ) ) ;
#1199 = DIRECTION ( 'NONE',  ( 1.000000000000000000, 0.0000000000000000000, 0.0000000000000000000 ) ) ;
#1200 = CIRCLE ( 'NONE', #1362, 0.3000000000000000444 ) ;
#1201 = EDGE_CURVE ( 'NONE', #3913, #57, #2961, .T. ) ;
#1202 = ORIENTED_EDGE ( 'NONE', *, *, #3996, .T. ) ;
#1203 = CARTESIAN_POINT ( 'NONE',  ( 1.229999999999999982, -1.930000000000000160, 0.6500000000000000222 ) ) ;
#1204 = ORIENTED_EDGE ( 'NONE', *, *, #2403, .F. ) ;
#1205 = DIRECTION ( 'NONE',  ( 0.0000000000000000000, 0.0000000000000000000, 1.000000000000000000 ) ) ;
#1206 = LINE ( 'NONE', #743, #2283 ) ;
#1207 = VECTOR ( 'NONE', #3049, 1000.000000000000000 ) ;
#1208 = DIRECTION ( 'NONE',  ( 0.0000000000000000000, 0.0000000000000000000, -1.000000000000000000 ) ) ;
#1209 = EDGE_CURVE ( 'NONE', #4806, #1600, #1783, .T. ) ;
#1210 = VECTOR ( 'NONE', #2190, 1000.000000000000000 ) ;
#1211 = DIRECTION ( 'NONE',  ( 1.000000000000000000, 0.0000000000000000000, 0.0000000000000000000 ) ) ;
#1212 = FILL_AREA_STYLE_COLOUR ( '', #1216 ) ;
#1213 = SURFACE_STYLE_FILL_AREA ( #501 ) ;
#1214 = FACE_OUTER_BOUND ( 'NONE', #3805, .T. ) ;
#1215 = CARTESIAN_POINT ( 'NONE',  ( -0.9299999999999991607, 2.230000000000000426, 0.6500000000000007994 ) ) ;
#1216 = COLOUR_RGB ( '',0.8470588235294117530, 0.6901960784313725394, 0.2196078431372548989 ) ;
#1217 = ORIENTED_EDGE ( 'NONE', *, *, #685, .T. ) ;
#1218 = ORIENTED_EDGE ( 'NONE', *, *, #996, .T. ) ;
#1219 = PRESENTATION_LAYER_ASSIGNMENT (  '', '', ( #3887 ) ) ;
#1220 = DIRECTION ( 'NONE',  ( 0.0000000000000000000, -1.000000000000000000, 0.0000000000000000000 ) ) ;
#1221 = FACE_OUTER_BOUND ( 'NONE', #1968, .T. ) ;
#1222 = ORIENTED_EDGE ( 'NONE', *, *, #2388, .F. ) ;
#1223 = ORIENTED_EDGE ( 'NONE', *, *, #2823, .T. ) ;
#1224 = VECTOR ( 'NONE', #383, 1000.000000000000000 ) ;
#1225 = AXIS2_PLACEMENT_3D ( 'NONE', #4292, #1684, #1603 ) ;
#1226 = CARTESIAN_POINT ( 'NONE',  ( 0.4899999999999999911, 1.625000000000000222, 0.1000000000000000056 ) ) ;
#1227 = ORIENTED_EDGE ( 'NONE', *, *, #1959, .F. ) ;
#1228 = CARTESIAN_POINT ( 'NONE',  ( -0.5000000000000000000, 1.524999999999999911, 0.09999999999999995004 ) ) ;
#1229 = CARTESIAN_POINT ( 'NONE',  ( 0.5909999999999999698, -0.3750000000000000000, 0.1090000000000000135 ) ) ;
#1230 = EDGE_CURVE ( 'NONE', #2685, #1168, #4779, .T. ) ;
#1231 = PRESENTATION_LAYER_ASSIGNMENT (  '', '', ( #3983 ) ) ;
#1232 = ORIENTED_EDGE ( 'NONE', *, *, #2073, .F. ) ;
#1233 = PRESENTATION_STYLE_ASSIGNMENT (( #1906 ) ) ;
#1234 = EDGE_LOOP ( 'NONE', ( #2940, #330, #4256, #210 ) ) ;
#1235 = CIRCLE ( 'NONE', #3025, 0.2999999999999999334 ) ;
#1236 = LINE ( 'NONE', #113, #2793 ) ;
#1237 = SURFACE_STYLE_FILL_AREA ( #2383 ) ;
#1238 = CARTESIAN_POINT ( 'NONE',  ( 1.500000000000000000, -0.8750000000000000000, 0.1090000000000000135 ) ) ;
#1239 = EDGE_CURVE ( 'NONE', #4387, #1168, #4110, .T. ) ;
#1240 = SURFACE_SIDE_STYLE ('',( #1213 ) ) ;
#1241 = DIRECTION ( 'NONE',  ( -1.000000000000000000, 0.0000000000000000000, -0.0000000000000000000 ) ) ;
#1242 = PRESENTATION_STYLE_ASSIGNMENT (( #120 ) ) ;
#1243 = FILL_AREA_STYLE ('',( #4074 ) ) ;
#1244 = ORIENTED_EDGE ( 'NONE', *, *, #4115, .T. ) ;
#1245 = VERTEX_POINT ( 'NONE', #1398 ) ;
#1246 = DIRECTION ( 'NONE',  ( 1.000000000000000000, 0.0000000000000000000, 0.0000000000000000000 ) ) ;
#1247 = DIRECTION ( 'NONE',  ( -0.0000000000000000000, -1.000000000000000000, -0.0000000000000000000 ) ) ;
#1248 = UNCERTAINTY_MEASURE_WITH_UNIT (LENGTH_MEASURE( 1.000000000000000082E-05 ), #4375, 'distance_accuracy_value', 'NONE');
#1249 = DIRECTION ( 'NONE',  ( -0.0000000000000000000, -0.0000000000000000000, -1.000000000000000000 ) ) ;
#1250 = ORIENTED_EDGE ( 'NONE', *, *, #3418, .T. ) ;
#1251 = PLANE ( 'NONE',  #1225 ) ;
#1252 = VERTEX_POINT ( 'NONE', #2581 ) ;
#1253 = CARTESIAN_POINT ( 'NONE',  ( 0.5999999999999999778, 1.620000000000000107, 0.1050000000000000100 ) ) ;
#1254 = ORIENTED_EDGE ( 'NONE', *, *, #77, .F. ) ;
#1255 = SURFACE_STYLE_FILL_AREA ( #3965 ) ;
#1256 = EDGE_CURVE ( 'NONE', #4794, #2006, #2535, .T. ) ;
#1257 = CARTESIAN_POINT ( 'NONE',  ( -1.508999999999999897, -1.625000000000000222, 0.0000000000000000000 ) ) ;
#1258 = DIRECTION ( 'NONE',  ( 0.0000000000000000000, -0.0000000000000000000, 1.000000000000000000 ) ) ;
#1259 = VECTOR ( 'NONE', #354, 1000.000000000000000 ) ;
#1260 = LINE ( 'NONE', #1701, #2848 ) ;
#1261 =( NAMED_UNIT ( * ) PLANE_ANGLE_UNIT ( ) SI_UNIT ( $, .RADIAN. ) );
#1262 = ORIENTED_EDGE ( 'NONE', *, *, #4158, .F. ) ;
#1263 = MECHANICAL_DESIGN_GEOMETRIC_PRESENTATION_REPRESENTATION (  '', ( #3301 ), #2072 ) ;
#1264 = EDGE_LOOP ( 'NONE', ( #1882, #4264 ) ) ;
#1265 = COLOUR_RGB ( '',0.8470588235294117530, 0.6901960784313725394, 0.2196078431372548989 ) ;
#1266 = DIRECTION ( 'NONE',  ( 1.000000000000000000, 0.0000000000000000000, 0.0000000000000000000 ) ) ;
#1267 = APPLICATION_CONTEXT ( 'automotive_design' ) ;
#1268 = DIRECTION ( 'NONE',  ( -1.000000000000000000, -0.0000000000000000000, -0.0000000000000000000 ) ) ;
#1269 = STYLED_ITEM ( 'NONE', ( #4310 ), #1164 ) ;
#1270 = ADVANCED_FACE ( 'NONE', ( #1811 ), #4468, .F. ) ;
#1271 = MECHANICAL_DESIGN_GEOMETRIC_PRESENTATION_REPRESENTATION (  '', ( #3775 ), #1678 ) ;
#1272 = DIRECTION ( 'NONE',  ( -1.000000000000000000, -0.0000000000000000000, -0.0000000000000000000 ) ) ;
#1273 = ORIENTED_EDGE ( 'NONE', *, *, #2025, .F. ) ;
#1274 = ORIENTED_EDGE ( 'NONE', *, *, #2594, .T. ) ;
#1275 = EDGE_LOOP ( 'NONE', ( #2664, #3726, #68, #1218, #2779, #3079, #983, #3003 ) ) ;
#1276 = FACE_OUTER_BOUND ( 'NONE', #3664, .T. ) ;
#1277 = VECTOR ( 'NONE', #1544, 1000.000000000000000 ) ;
#1278 = CARTESIAN_POINT ( 'NONE',  ( -0.9300000000000000488, -1.930000000000000382, 0.9500000000000000666 ) ) ;
#1279 = DIRECTION ( 'NONE',  ( -0.0000000000000000000, 0.0000000000000000000, 1.000000000000000000 ) ) ;
#1280 = AXIS2_PLACEMENT_3D ( 'NONE', #243, #3890, #3201 ) ;
#1281 = ORIENTED_EDGE ( 'NONE', *, *, #2623, .T. ) ;
#1282 = SURFACE_SIDE_STYLE ('',( #3589 ) ) ;
#1283 = ORIENTED_EDGE ( 'NONE', *, *, #3374, .F. ) ;
#1284 = FILL_AREA_STYLE ('',( #3456 ) ) ;
#1285 =( NAMED_UNIT ( * ) SI_UNIT ( $, .STERADIAN. ) SOLID_ANGLE_UNIT ( ) );
#1286 = SURFACE_SIDE_STYLE ('',( #2832 ) ) ;
#1287 = FACE_OUTER_BOUND ( 'NONE', #3067, .T. ) ;
#1288 = DIRECTION ( 'NONE',  ( -0.0000000000000000000, -1.000000000000000000, -0.0000000000000000000 ) ) ;
#1289 = COLOUR_RGB ( '',0.8470588235294117530, 0.6901960784313725394, 0.2196078431372548989 ) ;
#1290 = DIRECTION ( 'NONE',  ( 1.000000000000000000, 0.0000000000000000000, 0.0000000000000000000 ) ) ;
#1291 = PRESENTATION_LAYER_ASSIGNMENT (  '', '', ( #3393 ) ) ;
#1292 = PRESENTATION_STYLE_ASSIGNMENT (( #3864 ) ) ;
#1293 = AXIS2_PLACEMENT_3D ( 'NONE', #594, #3164, #568 ) ;
#1294 = DIRECTION ( 'NONE',  ( 1.000000000000000000, -0.0000000000000000000, 0.0000000000000000000 ) ) ;
#1295 = EDGE_CURVE ( 'NONE', #397, #4546, #2196, .T. ) ;
#1296 = VECTOR ( 'NONE', #3893, 1000.000000000000000 ) ;
#1297 = LINE ( 'NONE', #2800, #4694 ) ;
#1298 = UNCERTAINTY_MEASURE_WITH_UNIT (LENGTH_MEASURE( 1.000000000000000082E-05 ), #2305, 'distance_accuracy_value', 'NONE');
#1299 = FACE_OUTER_BOUND ( 'NONE', #3169, .T. ) ;
#1300 = EDGE_LOOP ( 'NONE', ( #3788, #933, #4558, #3987 ) ) ;
#1301 = CARTESIAN_POINT ( 'NONE',  ( -1.500000000000000000, 1.625000000000000222, 0.0000000000000000000 ) ) ;
#1302 = VERTEX_POINT ( 'NONE', #4073 ) ;
#1303 = VECTOR ( 'NONE', #2156, 1000.000000000000000 ) ;
#1304 = CARTESIAN_POINT ( 'NONE',  ( 0.9300000000000000488, -2.230000000000000426, 0.6500000000000000222 ) ) ;
#1305 = CARTESIAN_POINT ( 'NONE',  ( 0.0000000000000000000, 0.0000000000000000000, 0.0000000000000000000 ) ) ;
#1306 = CIRCLE ( 'NONE', #1860, 0.3000000000000000444 ) ;
#1307 = EDGE_CURVE ( 'NONE', #4229, #1119, #2218, .T. ) ;
#1308 = CARTESIAN_POINT ( 'NONE',  ( -0.9300000000000000488, -1.930000000000000382, 0.9500000000000002887 ) ) ;
#1309 = FACE_OUTER_BOUND ( 'NONE', #1039, .T. ) ;
#1310 = DIRECTION ( 'NONE',  ( 0.0000000000000000000, -0.0000000000000000000, 1.000000000000000000 ) ) ;
#1311 = VECTOR ( 'NONE', #548, 1000.000000000000000 ) ;
#1312 = MECHANICAL_DESIGN_GEOMETRIC_PRESENTATION_REPRESENTATION (  '', ( #1801 ), #1864 ) ;
#1313 = ORIENTED_EDGE ( 'NONE', *, *, #2327, .F. ) ;
#1314 = SURFACE_STYLE_FILL_AREA ( #2714 ) ;
#1315 = CARTESIAN_POINT ( 'NONE',  ( -0.5999999999999999778, 0.8800000000000000044, 0.0000000000000000000 ) ) ;
#1316 = VECTOR ( 'NONE', #2588, 1000.000000000000000 ) ;
#1317 = FILL_AREA_STYLE_COLOUR ( '', #661 ) ;
#1318 = CARTESIAN_POINT ( 'NONE',  ( 0.4899999999999999911, -0.2750000000000000222, 0.1100000000000000006 ) ) ;
#1319 = LINE ( 'NONE', #944, #3381 ) ;
#1320 = DIRECTION ( 'NONE',  ( 0.0000000000000000000, 0.0000000000000000000, 1.000000000000000000 ) ) ;
#1321 =( NAMED_UNIT ( * ) SI_UNIT ( $, .STERADIAN. ) SOLID_ANGLE_UNIT ( ) );
#1322 = DIRECTION ( 'NONE',  ( 1.000000000000000000, 0.0000000000000000000, 0.0000000000000000000 ) ) ;
#1323 =( NAMED_UNIT ( * ) SI_UNIT ( $, .STERADIAN. ) SOLID_ANGLE_UNIT ( ) );
#1324 = EDGE_CURVE ( 'NONE', #1252, #1545, #370, .T. ) ;
#1325 =( NAMED_UNIT ( * ) PLANE_ANGLE_UNIT ( ) SI_UNIT ( $, .RADIAN. ) );
#1326 = CARTESIAN_POINT ( 'NONE',  ( -1.500000000000000000, -2.500000000000000000, 0.2999999999999999889 ) ) ;
#1327 = FACE_OUTER_BOUND ( 'NONE', #4646, .T. ) ;
#1328 = CARTESIAN_POINT ( 'NONE',  ( 1.500000000000000000, 2.500000000000000000, 0.0000000000000000000 ) ) ;
#1329 = ADVANCED_FACE ( 'NONE', ( #2601 ), #4086, .T. ) ;
#1330 = ORIENTED_EDGE ( 'NONE', *, *, #1239, .T. ) ;
#1331 = COLOUR_RGB ( '',0.8470588235294117530, 0.6901960784313725394, 0.2196078431372548989 ) ;
#1332 = VERTEX_POINT ( 'NONE', #769 ) ;
#1333 = DIRECTION ( 'NONE',  ( 1.000000000000000000, 0.0000000000000000000, 0.0000000000000000000 ) ) ;
#1334 = FILL_AREA_STYLE_COLOUR ( '', #948 ) ;
#1335 =( NAMED_UNIT ( * ) SI_UNIT ( $, .STERADIAN. ) SOLID_ANGLE_UNIT ( ) );
#1336 = DIRECTION ( 'NONE',  ( -1.000000000000000000, 0.0000000000000000000, -0.0000000000000000000 ) ) ;
#1337 = SURFACE_STYLE_USAGE ( .BOTH. , #2833 ) ;
#1338 = EDGE_CURVE ( 'NONE', #4794, #633, #850, .T. ) ;
#1339 = DIRECTION ( 'NONE',  ( -0.0000000000000000000, -1.000000000000000000, -0.0000000000000000000 ) ) ;
#1340 = FACE_OUTER_BOUND ( 'NONE', #1456, .T. ) ;
#1341 =( NAMED_UNIT ( * ) SI_UNIT ( $, .STERADIAN. ) SOLID_ANGLE_UNIT ( ) );
#1342 = LINE ( 'NONE', #2841, #1846 ) ;
#1343 = CARTESIAN_POINT ( 'NONE',  ( -0.5000000000000000000, -1.518000000000000016, 0.1000000000000000056 ) ) ;
#1344 = UNCERTAINTY_MEASURE_WITH_UNIT (LENGTH_MEASURE( 1.000000000000000082E-05 ), #2929, 'distance_accuracy_value', 'NONE');
#1345 = CARTESIAN_POINT ( 'NONE',  ( 0.9300000000000000488, -1.930000000000000160, -1.561250000000000249 ) ) ;
#1346 = AXIS2_PLACEMENT_3D ( 'NONE', #1075, #1054, #2605 ) ;
#1347 = ORIENTED_EDGE ( 'NONE', *, *, #3689, .F. ) ;
#1348 = EDGE_LOOP ( 'NONE', ( #1580, #2574, #4291, #3839 ) ) ;
#1349 = LINE ( 'NONE', #4780, #2431 ) ;
#1350 = CARTESIAN_POINT ( 'NONE',  ( -1.397000000000000020, 2.230000000000000426, 0.4000000000000000222 ) ) ;
#1351 = EDGE_CURVE ( 'NONE', #3471, #3525, #4509, .T. ) ;
#1352 = PRESENTATION_STYLE_ASSIGNMENT (( #4294 ) ) ;
#1353 = VECTOR ( 'NONE', #583, 1000.000000000000000 ) ;
#1354 = DIRECTION ( 'NONE',  ( 0.0000000000000000000, -0.0000000000000000000, 1.000000000000000000 ) ) ;
#1355 = COLOUR_RGB ( '',0.8470588235294117530, 0.6901960784313725394, 0.2196078431372548989 ) ;
#1356 = FILL_AREA_STYLE ('',( #4693 ) ) ;
#1357 = EDGE_CURVE ( 'NONE', #4229, #106, #3419, .T. ) ;
#1358 = DIRECTION ( 'NONE',  ( -1.000000000000000000, 0.0000000000000000000, -0.0000000000000000000 ) ) ;
#1359 = CARTESIAN_POINT ( 'NONE',  ( -1.500000000000000000, -2.234999999999999876, 0.1000000000000000056 ) ) ;
#1360 = UNCERTAINTY_MEASURE_WITH_UNIT (LENGTH_MEASURE( 1.000000000000000082E-05 ), #1577, 'distance_accuracy_value', 'NONE');
#1361 = ORIENTED_EDGE ( 'NONE', *, *, #685, .F. ) ;
#1362 = AXIS2_PLACEMENT_3D ( 'NONE', #2815, #3920, #3485 ) ;
#1363 = DIRECTION ( 'NONE',  ( -1.000000000000000000, 0.0000000000000000000, 0.0000000000000000000 ) ) ;
#1364 = EDGE_CURVE ( 'NONE', #2324, #397, #576, .T. ) ;
#1365 = DIRECTION ( 'NONE',  ( 0.0000000000000000000, -0.0000000000000000000, -1.000000000000000000 ) ) ;
#1366 = STYLED_ITEM ( 'NONE', ( #3869 ), #1965 ) ;
#1367 = LINE ( 'NONE', #582, #2991 ) ;
#1368 = DIRECTION ( 'NONE',  ( 0.0000000000000000000, -0.0000000000000000000, 1.000000000000000000 ) ) ;
#1369 = STYLED_ITEM ( 'NONE', ( #3894 ), #2234 ) ;
#1370 = FILL_AREA_STYLE_COLOUR ( '', #4715 ) ;
#1371 =( NAMED_UNIT ( * ) SI_UNIT ( $, .STERADIAN. ) SOLID_ANGLE_UNIT ( ) );
#1372 =( LENGTH_UNIT ( ) NAMED_UNIT ( * ) SI_UNIT ( .MILLI., .METRE. ) );
#1373 = VERTEX_POINT ( 'NONE', #1183 ) ;
#1374 = ORIENTED_EDGE ( 'NONE', *, *, #919, .F. ) ;
#1375 = LINE ( 'NONE', #4027, #3339 ) ;
#1376 = VERTEX_POINT ( 'NONE', #1588 ) ;
#1377 = SURFACE_STYLE_FILL_AREA ( #2826 ) ;
#1378 = SURFACE_STYLE_FILL_AREA ( #3585 ) ;
#1379 = CARTESIAN_POINT ( 'NONE',  ( 1.550000000000000266, -2.225000000000000089, 0.0000000000000000000 ) ) ;
#1380 = PLANE ( 'NONE',  #2221 ) ;
#1381 = MECHANICAL_DESIGN_GEOMETRIC_PRESENTATION_REPRESENTATION (  '', ( #294 ), #2638 ) ;
#1383 = DIRECTION ( 'NONE',  ( 0.0000000000000000000, -1.000000000000000000, 0.0000000000000000000 ) ) ;
#1382 = PRODUCT_RELATED_PRODUCT_CATEGORY ( 'part', '', ( #1108 ) ) ;
#1384 = EDGE_LOOP ( 'NONE', ( #4664, #488, #1274, #1330 ) ) ;
#1385 = CARTESIAN_POINT ( 'NONE',  ( 1.500000000000000000, 2.549999999999999822, 0.0000000000000000000 ) ) ;
#1386 = MECHANICAL_DESIGN_GEOMETRIC_PRESENTATION_REPRESENTATION (  '', ( #136 ), #2022 ) ;
#1387 =( NAMED_UNIT ( * ) PLANE_ANGLE_UNIT ( ) SI_UNIT ( $, .RADIAN. ) );
#1388 = VECTOR ( 'NONE', #3012, 1000.000000000000000 ) ;
#1389 = ORIENTED_EDGE ( 'NONE', *, *, #3992, .F. ) ;
#1390 = VECTOR ( 'NONE', #178, 1000.000000000000000 ) ;
#1391 =( GEOMETRIC_REPRESENTATION_CONTEXT ( 3 ) GLOBAL_UNCERTAINTY_ASSIGNED_CONTEXT ( ( #3949 ) ) GLOBAL_UNIT_ASSIGNED_CONTEXT ( ( #3909, #4641, #934 ) ) REPRESENTATION_CONTEXT ( 'NONE', 'WORKASPACE' ) );
#1392 = SURFACE_SIDE_STYLE ('',( #607 ) ) ;
#1393 = SURFACE_STYLE_USAGE ( .BOTH. , #3203 ) ;
#1394 = AXIS2_PLACEMENT_3D ( 'NONE', #1630, #3282, #4740 ) ;
#1395 = EDGE_CURVE ( 'NONE', #4760, #1621, #3077, .T. ) ;
#1396 =( NAMED_UNIT ( * ) SI_UNIT ( $, .STERADIAN. ) SOLID_ANGLE_UNIT ( ) );
#1397 = UNCERTAINTY_MEASURE_WITH_UNIT (LENGTH_MEASURE( 1.000000000000000082E-05 ), #2097, 'distance_accuracy_value', 'NONE');
#1398 = CARTESIAN_POINT ( 'NONE',  ( -1.500000000000000000, 0.3750000000000000000, 0.0000000000000000000 ) ) ;
#1399 = ORIENTED_EDGE ( 'NONE', *, *, #1738, .F. ) ;
#1400 = ORIENTED_EDGE ( 'NONE', *, *, #1171, .F. ) ;
#1401 = CARTESIAN_POINT ( 'NONE',  ( -1.550000000000000266, 2.350000000000000089, 0.2999999999999999889 ) ) ;
#1402 = ORIENTED_EDGE ( 'NONE', *, *, #3969, .T. ) ;
#1403 =( LENGTH_UNIT ( ) NAMED_UNIT ( * ) SI_UNIT ( .MILLI., .METRE. ) );
#1404 =( LENGTH_UNIT ( ) NAMED_UNIT ( * ) SI_UNIT ( .MILLI., .METRE. ) );
#1405 = CARTESIAN_POINT ( 'NONE',  ( -0.9299999999999996048, -2.105735931288071683, 0.9500000000000001776 ) ) ;
#1406 = LINE ( 'NONE', #3635, #2761 ) ;
#1407 = UNCERTAINTY_MEASURE_WITH_UNIT (LENGTH_MEASURE( 1.000000000000000082E-05 ), #1750, 'distance_accuracy_value', 'NONE');
#1408 = EDGE_LOOP ( 'NONE', ( #1709, #1273, #1574 ) ) ;
#1409 = SURFACE_STYLE_FILL_AREA ( #2879 ) ;
#1410 = VERTEX_POINT ( 'NONE', #1215 ) ;
#1411 =( GEOMETRIC_REPRESENTATION_CONTEXT ( 3 ) GLOBAL_UNCERTAINTY_ASSIGNED_CONTEXT ( ( #3918 ) ) GLOBAL_UNIT_ASSIGNED_CONTEXT ( ( #690, #3856, #3831 ) ) REPRESENTATION_CONTEXT ( 'NONE', 'WORKASPACE' ) );
#1412 = SURFACE_SIDE_STYLE ('',( #3684 ) ) ;
#1413 = ORIENTED_EDGE ( 'NONE', *, *, #1498, .F. ) ;
#1414 = SURFACE_STYLE_FILL_AREA ( #4066 ) ;
#1415 = DIRECTION ( 'NONE',  ( -1.000000000000000000, 0.0000000000000000000, -0.0000000000000000000 ) ) ;
#1416 = EDGE_CURVE ( 'NONE', #2059, #3471, #2727, .T. ) ;
#1417 =( LENGTH_UNIT ( ) NAMED_UNIT ( * ) SI_UNIT ( .MILLI., .METRE. ) );
#1418 =( NAMED_UNIT ( * ) PLANE_ANGLE_UNIT ( ) SI_UNIT ( $, .RADIAN. ) );
#1419 = DIRECTION ( 'NONE',  ( -0.0000000000000000000, -0.0000000000000000000, 1.000000000000000000 ) ) ;
#1420 = ADVANCED_FACE ( 'NONE', ( #1159 ), #3027, .T. ) ;
#1421 = CARTESIAN_POINT ( 'NONE',  ( -0.4899999999999999911, 0.2750000000000000222, 0.1100000000000000006 ) ) ;
#1422 = ORIENTED_EDGE ( 'NONE', *, *, #2670, .T. ) ;
#1423 = VECTOR ( 'NONE', #135, 1000.000000000000000 ) ;
#1424 = DIRECTION ( 'NONE',  ( 1.000000000000000000, 0.0000000000000000000, 0.0000000000000000000 ) ) ;
#1425 = CARTESIAN_POINT ( 'NONE',  ( -0.9300000000000000488, 1.929999999999999716, 0.9499999999999999556 ) ) ;
#1426 = EDGE_CURVE ( 'NONE', #4613, #4026, #1260, .T. ) ;
#1427 = PLANE ( 'NONE',  #432 ) ;
#1428 = CARTESIAN_POINT ( 'NONE',  ( -1.250000000000000000, -2.250000000000000444, 0.3999999999999999667 ) ) ;
#1429 = FACE_OUTER_BOUND ( 'NONE', #1926, .T. ) ;
#1430 = LINE ( 'NONE', #1795, #1316 ) ;
#1431 = ORIENTED_EDGE ( 'NONE', *, *, #1324, .T. ) ;
#1432 = LINE ( 'NONE', #4062, #3892 ) ;
#1433 = COLOUR_RGB ( '',0.8470588235294117530, 0.6901960784313725394, 0.2196078431372548989 ) ;
#1434 = MECHANICAL_DESIGN_GEOMETRIC_PRESENTATION_REPRESENTATION (  '', ( #183 ), #3226 ) ;
#1435 = COLOUR_RGB ( '',0.8470588235294117530, 0.6901960784313725394, 0.2196078431372548989 ) ;
#1436 = ORIENTED_EDGE ( 'NONE', *, *, #2242, .F. ) ;
#1437 = MECHANICAL_DESIGN_GEOMETRIC_PRESENTATION_REPRESENTATION (  '', ( #4473 ), #1508 ) ;
#1438 = DIRECTION ( 'NONE',  ( -0.0000000000000000000, -1.000000000000000000, -0.0000000000000000000 ) ) ;
#1439 = ADVANCED_FACE ( 'NONE', ( #2468 ), #2017, .T. ) ;
#1440 = PRESENTATION_STYLE_ASSIGNMENT (( #1003 ) ) ;
#1441 = STYLED_ITEM ( 'NONE', ( #4082 ), #1504 ) ;
#1442 = SURFACE_STYLE_FILL_AREA ( #2958 ) ;
#1443 = EDGE_CURVE ( 'NONE', #1557, #2845, #2488, .T. ) ;
#1444 =( NAMED_UNIT ( * ) SI_UNIT ( $, .STERADIAN. ) SOLID_ANGLE_UNIT ( ) );
#1445 = DIRECTION ( 'NONE',  ( -1.000000000000000000, 0.0000000000000000000, 0.0000000000000000000 ) ) ;
#1446 = COLOUR_RGB ( '',0.8470588235294117530, 0.6901960784313725394, 0.2196078431372548989 ) ;
#1447 = DIRECTION ( 'NONE',  ( -1.000000000000000000, 0.0000000000000000000, 0.0000000000000000000 ) ) ;
#1448 = MECHANICAL_DESIGN_GEOMETRIC_PRESENTATION_REPRESENTATION (  '', ( #3318 ), #4420 ) ;
#1449 = CARTESIAN_POINT ( 'NONE',  ( -1.350000000000000089, 2.250000000000000444, 0.2999999999999999334 ) ) ;
#1450 = VERTEX_POINT ( 'NONE', #3945 ) ;
#1451 = CARTESIAN_POINT ( 'NONE',  ( -1.500000000000000000, -2.549999999999999822, 0.0000000000000000000 ) ) ;
#1452 = COLOUR_RGB ( '',0.8470588235294117530, 0.6901960784313725394, 0.2196078431372548989 ) ;
#1453 = UNCERTAINTY_MEASURE_WITH_UNIT (LENGTH_MEASURE( 1.000000000000000082E-05 ), #35, 'distance_accuracy_value', 'NONE');
#1454 = LINE ( 'NONE', #644, #1546 ) ;
#1455 = EDGE_CURVE ( 'NONE', #1545, #722, #4676, .T. ) ;
#1456 = EDGE_LOOP ( 'NONE', ( #2759, #4077, #588, #2372 ) ) ;
#1457 = STYLED_ITEM ( 'NONE', ( #994 ), #2560 ) ;
#1458 = LINE ( 'NONE', #3669, #214 ) ;
#1459 =( GEOMETRIC_REPRESENTATION_CONTEXT ( 3 ) GLOBAL_UNCERTAINTY_ASSIGNED_CONTEXT ( ( #47 ) ) GLOBAL_UNIT_ASSIGNED_CONTEXT ( ( #2215, #1889, #3277 ) ) REPRESENTATION_CONTEXT ( 'NONE', 'WORKASPACE' ) );
#1460 = PRESENTATION_LAYER_ASSIGNMENT (  '', '', ( #1929 ) ) ;
#1461 = ORIENTED_EDGE ( 'NONE', *, *, #2107, .F. ) ;
#1462 = FACE_OUTER_BOUND ( 'NONE', #1893, .T. ) ;
#1463 = COLOUR_RGB ( '',0.8470588235294117530, 0.6901960784313725394, 0.2196078431372548989 ) ;
#1464 =( GEOMETRIC_REPRESENTATION_CONTEXT ( 3 ) GLOBAL_UNCERTAINTY_ASSIGNED_CONTEXT ( ( #3360 ) ) GLOBAL_UNIT_ASSIGNED_CONTEXT ( ( #4162, #1855, #1497 ) ) REPRESENTATION_CONTEXT ( 'NONE', 'WORKASPACE' ) );
#1465 = FILL_AREA_STYLE_COLOUR ( '', #3474 ) ;
#1466 = ORIENTED_EDGE ( 'NONE', *, *, #1486, .F. ) ;
#1467 = LINE ( 'NONE', #1042, #4476 ) ;
#1468 = VECTOR ( 'NONE', #1974, 1000.000000000000000 ) ;
#1469 = VECTOR ( 'NONE', #4566, 1000.000000000000000 ) ;
#1470 =( LENGTH_UNIT ( ) NAMED_UNIT ( * ) SI_UNIT ( .MILLI., .METRE. ) );
#1471 = FILL_AREA_STYLE_COLOUR ( '', #3656 ) ;
#1472 = MECHANICAL_DESIGN_GEOMETRIC_PRESENTATION_REPRESENTATION (  '', ( #4655 ), #1634 ) ;
#1473 = DIRECTION ( 'NONE',  ( 0.0000000000000000000, 1.000000000000000000, 0.0000000000000000000 ) ) ;
#1474 = VECTOR ( 'NONE', #4684, 1000.000000000000000 ) ;
#1475 = ORIENTED_EDGE ( 'NONE', *, *, #4665, .T. ) ;
#1476 = EDGE_CURVE ( 'NONE', #39, #3525, #1367, .T. ) ;
#1477 = SURFACE_SIDE_STYLE ('',( #3219 ) ) ;
#1478 = SURFACE_STYLE_USAGE ( .BOTH. , #2323 ) ;
#1479 = ORIENTED_EDGE ( 'NONE', *, *, #3443, .T. ) ;
#1480 = DIRECTION ( 'NONE',  ( -0.0000000000000000000, -1.000000000000000000, -0.0000000000000000000 ) ) ;
#1481 = SURFACE_SIDE_STYLE ('',( #4791 ) ) ;
#1482 = ADVANCED_FACE ( 'NONE', ( #1340 ), #1729, .T. ) ;
#1483 = VERTEX_POINT ( 'NONE', #3223 ) ;
#1484 = COLOUR_RGB ( '',0.8470588235294117530, 0.6901960784313725394, 0.2196078431372548989 ) ;
#1485 = PRESENTATION_STYLE_ASSIGNMENT (( #4444 ) ) ;
#1486 = EDGE_CURVE ( 'NONE', #3289, #1483, #2044, .T. ) ;
#1487 = DIRECTION ( 'NONE',  ( 0.0000000000000000000, 0.0000000000000000000, 1.000000000000000000 ) ) ;
#1488 = SURFACE_SIDE_STYLE ('',( #4046 ) ) ;
#1489 =( NAMED_UNIT ( * ) PLANE_ANGLE_UNIT ( ) SI_UNIT ( $, .RADIAN. ) );
#1490 = CARTESIAN_POINT ( 'NONE',  ( 1.500000000000000000, 1.524999999999999911, 0.3499999999999999778 ) ) ;
#1491 = CARTESIAN_POINT ( 'NONE',  ( 0.5999999999999999778, -0.3750000000000000000, 0.0000000000000000000 ) ) ;
#1492 = ORIENTED_EDGE ( 'NONE', *, *, #3996, .F. ) ;
#1493 = UNCERTAINTY_MEASURE_WITH_UNIT (LENGTH_MEASURE( 1.000000000000000082E-05 ), #3315, 'distance_accuracy_value', 'NONE');
#1494 =( NAMED_UNIT ( * ) PLANE_ANGLE_UNIT ( ) SI_UNIT ( $, .RADIAN. ) );
#1495 =( LENGTH_UNIT ( ) NAMED_UNIT ( * ) SI_UNIT ( .MILLI., .METRE. ) );
#1496 = ORIENTED_EDGE ( 'NONE', *, *, #2432, .F. ) ;
#1497 =( NAMED_UNIT ( * ) SI_UNIT ( $, .STERADIAN. ) SOLID_ANGLE_UNIT ( ) );
#1498 = EDGE_CURVE ( 'NONE', #789, #4440, #3295, .T. ) ;
#1499 =( GEOMETRIC_REPRESENTATION_CONTEXT ( 3 ) GLOBAL_UNCERTAINTY_ASSIGNED_CONTEXT ( ( #2966 ) ) GLOBAL_UNIT_ASSIGNED_CONTEXT ( ( #4005, #184, #3588 ) ) REPRESENTATION_CONTEXT ( 'NONE', 'WORKASPACE' ) );
#1500 = FILL_AREA_STYLE_COLOUR ( '', #2173 ) ;
#1501 = AXIS2_PLACEMENT_3D ( 'NONE', #1032, #393, #3661 ) ;
#1502 = PLANE ( 'NONE',  #1800 ) ;
#1503 = AXIS2_PLACEMENT_3D ( 'NONE', #1664, #3411, #3148 ) ;
#1504 = ADVANCED_FACE ( 'NONE', ( #3, #2168 ), #4448, .T. ) ;
#1505 = DIRECTION ( 'NONE',  ( 0.0000000000000000000, 0.0000000000000000000, -1.000000000000000000 ) ) ;
#1506 = MECHANICAL_DESIGN_GEOMETRIC_PRESENTATION_REPRESENTATION (  '', ( #2077 ), #187 ) ;
#1507 = LINE ( 'NONE', #1930, #2995 ) ;
#1508 =( GEOMETRIC_REPRESENTATION_CONTEXT ( 3 ) GLOBAL_UNCERTAINTY_ASSIGNED_CONTEXT ( ( #3842 ) ) GLOBAL_UNIT_ASSIGNED_CONTEXT ( ( #454, #3363, #3001 ) ) REPRESENTATION_CONTEXT ( 'NONE', 'WORKASPACE' ) );
#1509 = EDGE_CURVE ( 'NONE', #3231, #4545, #1467, .T. ) ;
#1510 = FILL_AREA_STYLE_COLOUR ( '', #2864 ) ;
#1511 = CARTESIAN_POINT ( 'NONE',  ( -0.5999999999999999778, -0.9849999999999999867, 0.1000000000000000056 ) ) ;
#1512 = CARTESIAN_POINT ( 'NONE',  ( -1.105735931288071239, -2.230000000000000426, 0.8257359312880714342 ) ) ;
#1513 = MECHANICAL_DESIGN_GEOMETRIC_PRESENTATION_REPRESENTATION (  '', ( #3634 ), #3460 ) ;
#1514 =( NAMED_UNIT ( * ) PLANE_ANGLE_UNIT ( ) SI_UNIT ( $, .RADIAN. ) );
#1515 = SURFACE_STYLE_USAGE ( .BOTH. , #371 ) ;
#1516 = ORIENTED_EDGE ( 'NONE', *, *, #1717, .F. ) ;
#1517 = CARTESIAN_POINT ( 'NONE',  ( -1.500000000000000000, 0.9749999999999997558, 0.0000000000000000000 ) ) ;
#1518 =( LENGTH_UNIT ( ) NAMED_UNIT ( * ) SI_UNIT ( .MILLI., .METRE. ) );
#1519 = VECTOR ( 'NONE', #1266, 1000.000000000000000 ) ;
#1520 =( NAMED_UNIT ( * ) SI_UNIT ( $, .STERADIAN. ) SOLID_ANGLE_UNIT ( ) );
#1521 = PRESENTATION_STYLE_ASSIGNMENT (( #3034 ) ) ;
#1522 = ORIENTED_EDGE ( 'NONE', *, *, #423, .F. ) ;
#1523 = FILL_AREA_STYLE_COLOUR ( '', #2641 ) ;
#1524 =( NAMED_UNIT ( * ) PLANE_ANGLE_UNIT ( ) SI_UNIT ( $, .RADIAN. ) );
#1525 = VECTOR ( 'NONE', #71, 1000.000000000000000 ) ;
#1526 = CARTESIAN_POINT ( 'NONE',  ( 0.5000000000000000000, 0.2750000000000000222, 0.1000000000000000056 ) ) ;
#1527 = ADVANCED_FACE ( 'NONE', ( #2976 ), #3319, .T. ) ;
#1528 = AXIS2_PLACEMENT_3D ( 'NONE', #3616, #265, #1770 ) ;
#1529 = DIRECTION ( 'NONE',  ( 0.0000000000000000000, -0.0000000000000000000, -1.000000000000000000 ) ) ;
#1530 = MECHANICAL_DESIGN_GEOMETRIC_PRESENTATION_REPRESENTATION (  '', ( #1059 ), #823 ) ;
#1531 = VECTOR ( 'NONE', #3096, 1000.000000000000000 ) ;
#1532 = ORIENTED_EDGE ( 'NONE', *, *, #4481, .T. ) ;
#1533 = ADVANCED_FACE ( 'NONE', ( #3714 ), #1862, .T. ) ;
#1534 = LINE ( 'NONE', #4172, #2396 ) ;
#1535 = VECTOR ( 'NONE', #4668, 1000.000000000000000 ) ;
#1536 = CIRCLE ( 'NONE', #4652, 0.1000000000000000472 ) ;
#1537 =( LENGTH_UNIT ( ) NAMED_UNIT ( * ) SI_UNIT ( .MILLI., .METRE. ) );
#1538 = CYLINDRICAL_SURFACE ( 'NONE', #4790, 0.2500000000000000000 ) ;
#1539 = SURFACE_SIDE_STYLE ('',( #4148 ) ) ;
#1540 = DIRECTION ( 'NONE',  ( -0.0000000000000000000, -1.000000000000000000, -0.0000000000000000000 ) ) ;
#1541 = STYLED_ITEM ( 'NONE', ( #694 ), #4055 ) ;
#1542 = VECTOR ( 'NONE', #2673, 1000.000000000000000 ) ;
#1543 = EDGE_CURVE ( 'NONE', #2138, #1245, #2719, .T. ) ;
#1544 = DIRECTION ( 'NONE',  ( -0.0000000000000000000, -1.000000000000000000, -0.0000000000000000000 ) ) ;
#1545 = VERTEX_POINT ( 'NONE', #3459 ) ;
#1546 = VECTOR ( 'NONE', #2161, 1000.000000000000000 ) ;
#1547 = VECTOR ( 'NONE', #3924, 1000.000000000000000 ) ;
#1548 = DIRECTION ( 'NONE',  ( 1.000000000000000000, 7.228014483236697541E-16, 0.0000000000000000000 ) ) ;
#1549 = CARTESIAN_POINT ( 'NONE',  ( -1.510000000000000009, -0.3750000000000000000, 0.1000000000000000056 ) ) ;
#1550 = UNCERTAINTY_MEASURE_WITH_UNIT (LENGTH_MEASURE( 1.000000000000000082E-05 ), #1372, 'distance_accuracy_value', 'NONE');
#1551 = EDGE_CURVE ( 'NONE', #3611, #3868, #2667, .T. ) ;
#1552 = CARTESIAN_POINT ( 'NONE',  ( -1.250000000000000000, 2.350000000000000089, 0.2999999999999999334 ) ) ;
#1553 = ORIENTED_EDGE ( 'NONE', *, *, #2866, .T. ) ;
#1554 = ORIENTED_EDGE ( 'NONE', *, *, #2276, .F. ) ;
#1555 = SURFACE_SIDE_STYLE ('',( #4788 ) ) ;
#1556 = SURFACE_SIDE_STYLE ('',( #417 ) ) ;
#1557 = VERTEX_POINT ( 'NONE', #1888 ) ;
#1558 = ORIENTED_EDGE ( 'NONE', *, *, #2437, .T. ) ;
#1559 = FACE_BOUND ( 'NONE', #1062, .T. ) ;
#1560 = EDGE_CURVE ( 'NONE', #1376, #1920, #3361, .T. ) ;
#1561 = CARTESIAN_POINT ( 'NONE',  ( 1.500000000000000000, 1.514999999999999902, 0.1000000000000000056 ) ) ;
#1562 = EDGE_CURVE ( 'NONE', #798, #2811, #2619, .T. ) ;
#1563 = SURFACE_STYLE_FILL_AREA ( #4201 ) ;
#1564 = CIRCLE ( 'NONE', #82, 0.2999999999999999889 ) ;
#1565 = LINE ( 'NONE', #872, #2942 ) ;
#1566 = DIRECTION ( 'NONE',  ( 0.0000000000000000000, 0.0000000000000000000, -1.000000000000000000 ) ) ;
#1567 = SURFACE_STYLE_USAGE ( .BOTH. , #479 ) ;
#1568 = ORIENTED_EDGE ( 'NONE', *, *, #4417, .T. ) ;
#1569 = EDGE_LOOP ( 'NONE', ( #2080, #14, #2162, #2358 ) ) ;
#1570 =( NAMED_UNIT ( * ) PLANE_ANGLE_UNIT ( ) SI_UNIT ( $, .RADIAN. ) );
#1571 = CARTESIAN_POINT ( 'NONE',  ( -0.5909999999999999698, 1.625000000000000222, 0.1090000000000000135 ) ) ;
#1572 = SURFACE_STYLE_FILL_AREA ( #4561 ) ;
#1573 = ORIENTED_EDGE ( 'NONE', *, *, #504, .F. ) ;
#1574 = ORIENTED_EDGE ( 'NONE', *, *, #3157, .T. ) ;
#1575 = FACE_OUTER_BOUND ( 'NONE', #1275, .T. ) ;
#1576 = VERTEX_POINT ( 'NONE', #21 ) ;
#1577 =( LENGTH_UNIT ( ) NAMED_UNIT ( * ) SI_UNIT ( .MILLI., .METRE. ) );
#1578 = EDGE_CURVE ( 'NONE', #4545, #3581, #1507, .T. ) ;
#1579 = CARTESIAN_POINT ( 'NONE',  ( -1.500000000000000000, -0.3750000000000000000, 0.1090000000000000135 ) ) ;
#1580 = ORIENTED_EDGE ( 'NONE', *, *, #4392, .T. ) ;
#1581 = STYLED_ITEM ( 'NONE', ( #2850 ), #491 ) ;
#1582 = PLANE ( 'NONE',  #3724 ) ;
#1583 = DIRECTION ( 'NONE',  ( 0.0000000000000000000, 1.000000000000000000, 0.0000000000000000000 ) ) ;
#1584 =( LENGTH_UNIT ( ) NAMED_UNIT ( * ) SI_UNIT ( .MILLI., .METRE. ) );
#1585 =( LENGTH_UNIT ( ) NAMED_UNIT ( * ) SI_UNIT ( .MILLI., .METRE. ) );
#1586 = MECHANICAL_DESIGN_GEOMETRIC_PRESENTATION_REPRESENTATION (  '', ( #4535 ), #2838 ) ;
#1587 = FACE_OUTER_BOUND ( 'NONE', #543, .T. ) ;
#1588 = CARTESIAN_POINT ( 'NONE',  ( 0.5999999999999999778, 0.3750000000000000000, 0.1000000000000000056 ) ) ;
#1589 = VECTOR ( 'NONE', #3113, 1000.000000000000000 ) ;
#1590 = PRODUCT_DEFINITION ( 'UNKNOWN', '', #857, #2789 ) ;
#1591 =( NAMED_UNIT ( * ) PLANE_ANGLE_UNIT ( ) SI_UNIT ( $, .RADIAN. ) );
#1592 = EDGE_LOOP ( 'NONE', ( #3241, #3493, #158, #3526 ) ) ;
#1593 = VERTEX_POINT ( 'NONE', #3384 ) ;
#1594 = LINE ( 'NONE', #1993, #2878 ) ;
#1595 = PRESENTATION_LAYER_ASSIGNMENT (  '', '', ( #411 ) ) ;
#1596 = DIRECTION ( 'NONE',  ( 0.0000000000000000000, -0.0000000000000000000, -1.000000000000000000 ) ) ;
#1597 = UNCERTAINTY_MEASURE_WITH_UNIT (LENGTH_MEASURE( 1.000000000000000082E-05 ), #85, 'distance_accuracy_value', 'NONE');
#1598 = CARTESIAN_POINT ( 'NONE',  ( -1.510000000000000009, -0.8750000000000000000, 0.1000000000000000056 ) ) ;
#1599 = ORIENTED_EDGE ( 'NONE', *, *, #3374, .T. ) ;
#1600 = VERTEX_POINT ( 'NONE', #4147 ) ;
#1601 = VECTOR ( 'NONE', #1780, 1000.000000000000000 ) ;
#1602 = ORIENTED_EDGE ( 'NONE', *, *, #4810, .T. ) ;
#1603 = DIRECTION ( 'NONE',  ( 0.0000000000000000000, 0.0000000000000000000, 1.000000000000000000 ) ) ;
#1604 = LINE ( 'NONE', #65, #3645 ) ;
#1605 = PRESENTATION_LAYER_ASSIGNMENT (  '', '', ( #651 ) ) ;
#1606 = ORIENTED_EDGE ( 'NONE', *, *, #1908, .F. ) ;
#1607 = DIRECTION ( 'NONE',  ( -0.0000000000000000000, -1.000000000000000000, 0.0000000000000000000 ) ) ;
#1608 = ORIENTED_EDGE ( 'NONE', *, *, #4457, .T. ) ;
#1609 = FILL_AREA_STYLE_COLOUR ( '', #4045 ) ;
#1610 = DIRECTION ( 'NONE',  ( 1.000000000000000000, 0.0000000000000000000, 0.0000000000000000000 ) ) ;
#1611 = MECHANICAL_DESIGN_GEOMETRIC_PRESENTATION_REPRESENTATION (  '', ( #4631 ), #4552 ) ;
#1612 = SURFACE_STYLE_FILL_AREA ( #115 ) ;
#1613 = DIRECTION ( 'NONE',  ( 0.0000000000000000000, 0.0000000000000000000, 1.000000000000000000 ) ) ;
#1614 = DIRECTION ( 'NONE',  ( 0.0000000000000000000, -1.000000000000000000, 0.0000000000000000000 ) ) ;
#1615 = CARTESIAN_POINT ( 'NONE',  ( -0.5000000000000000000, 0.9819999999999999840, 0.1069999999999999979 ) ) ;
#1616 = SURFACE_STYLE_USAGE ( .BOTH. , #476 ) ;
#1617 = CARTESIAN_POINT ( 'NONE',  ( 1.508999999999999897, 0.3750000000000000000, 0.1090000000000000135 ) ) ;
#1618 = CARTESIAN_POINT ( 'NONE',  ( -1.500000000000000000, 1.625000000000000222, 0.09999999999999999167 ) ) ;
#1619 = EDGE_LOOP ( 'NONE', ( #1768, #2408, #2788, #461 ) ) ;
#1620 = CARTESIAN_POINT ( 'NONE',  ( 0.9300000000000000488, 1.930000000000000160, -1.561250000000000249 ) ) ;
#1621 = VERTEX_POINT ( 'NONE', #451 ) ;
#1622 = FACE_OUTER_BOUND ( 'NONE', #111, .T. ) ;
#1623 = DIRECTION ( 'NONE',  ( 1.000000000000000000, 0.0000000000000000000, 0.0000000000000000000 ) ) ;
#1624 =( GEOMETRIC_REPRESENTATION_CONTEXT ( 3 ) GLOBAL_UNCERTAINTY_ASSIGNED_CONTEXT ( ( #1298 ) ) GLOBAL_UNIT_ASSIGNED_CONTEXT ( ( #2305, #3832, #4125 ) ) REPRESENTATION_CONTEXT ( 'NONE', 'WORKASPACE' ) );
#1625 = COLOUR_RGB ( '',0.8470588235294117530, 0.6901960784313725394, 0.2196078431372548989 ) ;
#1626 = DIRECTION ( 'NONE',  ( -1.000000000000000000, -0.0000000000000000000, -0.0000000000000000000 ) ) ;
#1627 = PRESENTATION_STYLE_ASSIGNMENT (( #3498 ) ) ;
#1628 = ORIENTED_EDGE ( 'NONE', *, *, #1357, .F. ) ;
#1629 = PRESENTATION_LAYER_ASSIGNMENT (  '', '', ( #136 ) ) ;
#1630 = CARTESIAN_POINT ( 'NONE',  ( 0.9300000000000000488, 1.930000000000000160, 0.4000000000000001887 ) ) ;
#1631 = ORIENTED_EDGE ( 'NONE', *, *, #3541, .F. ) ;
#1632 = DIRECTION ( 'NONE',  ( -0.0000000000000000000, -0.0000000000000000000, 1.000000000000000000 ) ) ;
#1633 = PRODUCT_CONTEXT ( 'NONE', #3870, 'mechanical' ) ;
#1634 =( GEOMETRIC_REPRESENTATION_CONTEXT ( 3 ) GLOBAL_UNCERTAINTY_ASSIGNED_CONTEXT ( ( #3021 ) ) GLOBAL_UNIT_ASSIGNED_CONTEXT ( ( #2526, #4439, #3639 ) ) REPRESENTATION_CONTEXT ( 'NONE', 'WORKASPACE' ) );
#1635 = CARTESIAN_POINT ( 'NONE',  ( 1.500000000000000000, -2.125000000000000000, 0.1090000000000000135 ) ) ;
#1636 = VERTEX_POINT ( 'NONE', #1130 ) ;
#1637 =( NAMED_UNIT ( * ) PLANE_ANGLE_UNIT ( ) SI_UNIT ( $, .RADIAN. ) );
#1638 = SURFACE_STYLE_USAGE ( .BOTH. , #3989 ) ;
#1639 = EDGE_CURVE ( 'NONE', #4143, #2844, #2362, .T. ) ;
#1640 = CARTESIAN_POINT ( 'NONE',  ( 0.5000000000000000000, -0.9749999999999999778, 0.1100000000000000006 ) ) ;
#1641 =( NAMED_UNIT ( * ) SI_UNIT ( $, .STERADIAN. ) SOLID_ANGLE_UNIT ( ) );
#1642 = FACE_OUTER_BOUND ( 'NONE', #2282, .T. ) ;
#1643 = EDGE_CURVE ( 'NONE', #1187, #3395, #766, .T. ) ;
#1644 =( NAMED_UNIT ( * ) SI_UNIT ( $, .STERADIAN. ) SOLID_ANGLE_UNIT ( ) );
#1645 = SURFACE_SIDE_STYLE ('',( #3178 ) ) ;
#1646 = SURFACE_STYLE_FILL_AREA ( #2392 ) ;
#1647 = ORIENTED_EDGE ( 'NONE', *, *, #1061, .T. ) ;
#1648 = VERTEX_POINT ( 'NONE', #4198 ) ;
#1649 = AXIS2_PLACEMENT_3D ( 'NONE', #550, #993, #2061 ) ;
#1650 = CARTESIAN_POINT ( 'NONE',  ( 1.500000000000000000, -0.8749999999999998890, 0.09999999999999999167 ) ) ;
#1651 = SURFACE_STYLE_FILL_AREA ( #2777 ) ;
#1652 = EDGE_LOOP ( 'NONE', ( #100, #1873, #2183, #4397 ) ) ;
#1653 = VERTEX_POINT ( 'NONE', #3760 ) ;
#1654 = ORIENTED_EDGE ( 'NONE', *, *, #1455, .F. ) ;
#1655 = EDGE_CURVE ( 'NONE', #789, #3231, #403, .T. ) ;
#1656 = CARTESIAN_POINT ( 'NONE',  ( 1.500000000000000000, -1.524999999999999911, 0.09999999999999992228 ) ) ;
#1657 = CARTESIAN_POINT ( 'NONE',  ( 0.5000000000000000000, 1.524999999999999911, 0.0000000000000000000 ) ) ;
#1658 = EDGE_LOOP ( 'NONE', ( #547, #3378, #4099, #1796 ) ) ;
#1660 = EDGE_CURVE ( 'NONE', #864, #1077, #494, .T. ) ;
#1659 = CARTESIAN_POINT ( 'NONE',  ( 0.5999999999999999778, -0.8750000000000000000, 0.1090000000000000135 ) ) ;
#1661 = SURFACE_STYLE_USAGE ( .BOTH. , #2008 ) ;
#1662 = DIRECTION ( 'NONE',  ( -1.000000000000000000, 0.0000000000000000000, -0.0000000000000000000 ) ) ;
#1663 = CARTESIAN_POINT ( 'NONE',  ( 0.5999999999999999778, 0.2650000000000000688, 0.1000000000000000056 ) ) ;
#1664 = CARTESIAN_POINT ( 'NONE',  ( 1.550000000000000266, -2.549999999999999822, 0.0000000000000000000 ) ) ;
#1665 = DIRECTION ( 'NONE',  ( 0.0000000000000000000, 0.0000000000000000000, 1.000000000000000000 ) ) ;
#1666 = AXIS2_PLACEMENT_3D ( 'NONE', #2637, #4814, #732 ) ;
#1667 = SURFACE_STYLE_USAGE ( .BOTH. , #2145 ) ;
#1668 = SURFACE_STYLE_FILL_AREA ( #2769 ) ;
#1669 = STYLED_ITEM ( 'NONE', ( #1190 ), #691 ) ;
#1670 = PRESENTATION_STYLE_ASSIGNMENT (( #224 ) ) ;
#1671 = FACE_OUTER_BOUND ( 'NONE', #4637, .T. ) ;
#1672 = EDGE_CURVE ( 'NONE', #60, #4160, #1534, .T. ) ;
#1673 = ORIENTED_EDGE ( 'NONE', *, *, #3308, .F. ) ;
#1674 = MECHANICAL_DESIGN_GEOMETRIC_PRESENTATION_REPRESENTATION (  '', ( #481 ), #877 ) ;
#1675 = AXIS2_PLACEMENT_3D ( 'NONE', #72, #2689, #529 ) ;
#1676 = SURFACE_STYLE_USAGE ( .BOTH. , #1964 ) ;
#1677 = VECTOR ( 'NONE', #3950, 1000.000000000000000 ) ;
#1678 =( GEOMETRIC_REPRESENTATION_CONTEXT ( 3 ) GLOBAL_UNCERTAINTY_ASSIGNED_CONTEXT ( ( #2115 ) ) GLOBAL_UNIT_ASSIGNED_CONTEXT ( ( #1726, #1387, #2163 ) ) REPRESENTATION_CONTEXT ( 'NONE', 'WORKASPACE' ) );
#1679 = DIRECTION ( 'NONE',  ( -1.000000000000000000, 0.0000000000000000000, 0.0000000000000000000 ) ) ;
#1680 = VERTEX_POINT ( 'NONE', #1957 ) ;
#1681 = ORIENTED_EDGE ( 'NONE', *, *, #3809, .T. ) ;
#1682 = FACE_OUTER_BOUND ( 'NONE', #1990, .T. ) ;
#1683 = ORIENTED_EDGE ( 'NONE', *, *, #1543, .T. ) ;
#1684 = DIRECTION ( 'NONE',  ( -1.000000000000000000, 0.0000000000000000000, 0.0000000000000000000 ) ) ;
#1685 = LINE ( 'NONE', #639, #3052 ) ;
#1686 = DIRECTION ( 'NONE',  ( -0.0000000000000000000, -1.000000000000000000, 0.0000000000000000000 ) ) ;
#1687 = PRESENTATION_LAYER_ASSIGNMENT (  '', '', ( #1441 ) ) ;
#1688 = ORIENTED_EDGE ( 'NONE', *, *, #3020, .T. ) ;
#1689 = PRESENTATION_STYLE_ASSIGNMENT (( #188 ) ) ;
#1690 = FACE_OUTER_BOUND ( 'NONE', #2187, .T. ) ;
#1691 = LINE ( 'NONE', #2459, #4593 ) ;
#1692 = CIRCLE ( 'NONE', #4785, 0.2500000000000000000 ) ;
#1693 = DIRECTION ( 'NONE',  ( 0.0000000000000000000, 0.0000000000000000000, 1.000000000000000000 ) ) ;
#1694 = SURFACE_SIDE_STYLE ('',( #4721 ) ) ;
#1695 = EDGE_CURVE ( 'NONE', #81, #2, #4250, .T. ) ;
#1696 = VECTOR ( 'NONE', #4632, 1000.000000000000000 ) ;
#1697 = SURFACE_STYLE_USAGE ( .BOTH. , #3921 ) ;
#1698 =( GEOMETRIC_REPRESENTATION_CONTEXT ( 3 ) GLOBAL_UNCERTAINTY_ASSIGNED_CONTEXT ( ( #1852 ) ) GLOBAL_UNIT_ASSIGNED_CONTEXT ( ( #2363, #3415, #3156 ) ) REPRESENTATION_CONTEXT ( 'NONE', 'WORKASPACE' ) );
#1699 = DIRECTION ( 'NONE',  ( 0.0000000000000000000, -1.000000000000000000, 0.0000000000000000000 ) ) ;
#1700 = EDGE_CURVE ( 'NONE', #826, #3447, #847, .T. ) ;
#1701 = CARTESIAN_POINT ( 'NONE',  ( 1.500000000000000000, -1.625000000000000222, 0.1090000000000000135 ) ) ;
#1702 =( LENGTH_UNIT ( ) NAMED_UNIT ( * ) SI_UNIT ( .MILLI., .METRE. ) );
#1703 =( GEOMETRIC_REPRESENTATION_CONTEXT ( 3 ) GLOBAL_UNCERTAINTY_ASSIGNED_CONTEXT ( ( #2149 ) ) GLOBAL_UNIT_ASSIGNED_CONTEXT ( ( #574, #4350, #217 ) ) REPRESENTATION_CONTEXT ( 'NONE', 'WORKASPACE' ) );
#1704 = FILL_AREA_STYLE_COLOUR ( '', #3478 ) ;
#1705 = DIRECTION ( 'NONE',  ( -1.000000000000000000, -0.0000000000000000000, -0.0000000000000000000 ) ) ;
#1706 = EDGE_CURVE ( 'NONE', #1839, #4712, #2235, .T. ) ;
#1707 = CARTESIAN_POINT ( 'NONE',  ( 0.9299999999999994937, -2.230000000000000426, 0.6500000000000000222 ) ) ;
#1708 = SURFACE_SIDE_STYLE ('',( #3550 ) ) ;
#1709 = ORIENTED_EDGE ( 'NONE', *, *, #4040, .F. ) ;
#1710 = EDGE_LOOP ( 'NONE', ( #67, #3421, #3273, #495 ) ) ;
#1711 = ORIENTED_EDGE ( 'NONE', *, *, #3308, .T. ) ;
#1712 = MECHANICAL_DESIGN_GEOMETRIC_PRESENTATION_REPRESENTATION (  '', ( #3801 ), #2720 ) ;
#1713 = PLANE ( 'NONE',  #3896 ) ;
#1714 = DIRECTION ( 'NONE',  ( 0.0000000000000000000, 0.0000000000000000000, 1.000000000000000000 ) ) ;
#1715 = PRESENTATION_LAYER_ASSIGNMENT (  '', '', ( #3802 ) ) ;
#1716 = LINE ( 'NONE', #3192, #1535 ) ;
#1717 = EDGE_CURVE ( 'NONE', #3108, #1593, #4599, .T. ) ;
#1718 = LINE ( 'NONE', #3878, #2937 ) ;
#1719 = CARTESIAN_POINT ( 'NONE',  ( 0.5000000000000000000, -2.232000000000000206, 0.1069999999999999979 ) ) ;
#1720 = VECTOR ( 'NONE', #839, 1000.000000000000000 ) ;
#1721 = VECTOR ( 'NONE', #2111, 1000.000000000000000 ) ;
#1722 = FACE_OUTER_BOUND ( 'NONE', #3425, .T. ) ;
#1723 = ORIENTED_EDGE ( 'NONE', *, *, #1798, .T. ) ;
#1724 = STYLED_ITEM ( 'NONE', ( #4373 ), #4327 ) ;
#1725 = SURFACE_SIDE_STYLE ('',( #3216 ) ) ;
#1726 =( LENGTH_UNIT ( ) NAMED_UNIT ( * ) SI_UNIT ( .MILLI., .METRE. ) );
#1727 =( NAMED_UNIT ( * ) PLANE_ANGLE_UNIT ( ) SI_UNIT ( $, .RADIAN. ) );
#1728 =( NAMED_UNIT ( * ) PLANE_ANGLE_UNIT ( ) SI_UNIT ( $, .RADIAN. ) );
#1729 = PLANE ( 'NONE',  #4782 ) ;
#1730 = EDGE_CURVE ( 'NONE', #2450, #4026, #1319, .T. ) ;
#1731 = PLANE ( 'NONE',  #222 ) ;
#1732 = CARTESIAN_POINT ( 'NONE',  ( 1.230000000000000204, -1.930000000000000382, 0.6500000000000000222 ) ) ;
#1733 =( NAMED_UNIT ( * ) PLANE_ANGLE_UNIT ( ) SI_UNIT ( $, .RADIAN. ) );
#1734 = VERTEX_POINT ( 'NONE', #3175 ) ;
#1735 = MECHANICAL_DESIGN_GEOMETRIC_PRESENTATION_REPRESENTATION (  '', ( #3204 ), #1411 ) ;
#1736 = ORIENTED_EDGE ( 'NONE', *, *, #2823, .F. ) ;
#1737 = LINE ( 'NONE', #2583, #677 ) ;
#1738 = EDGE_CURVE ( 'NONE', #1636, #4160, #967, .T. ) ;
#1739 = ORIENTED_EDGE ( 'NONE', *, *, #1186, .T. ) ;
#1740 = CARTESIAN_POINT ( 'NONE',  ( -0.5999999999999999778, -0.3699999999999999956, 0.1050000000000000100 ) ) ;
#1741 = FILL_AREA_STYLE ('',( #3956 ) ) ;
#1742 = CARTESIAN_POINT ( 'NONE',  ( -1.229999999999999760, 1.929999999999999716, 0.8257359312880713231 ) ) ;
#1743 = CARTESIAN_POINT ( 'NONE',  ( -1.500000000000000000, 0.8749999999999998890, 0.09999999999999999167 ) ) ;
#1744 = EDGE_CURVE ( 'NONE', #4440, #1187, #4580, .T. ) ;
#1745 =( NAMED_UNIT ( * ) PLANE_ANGLE_UNIT ( ) SI_UNIT ( $, .RADIAN. ) );
#1746 = DIRECTION ( 'NONE',  ( -1.000000000000000000, 0.0000000000000000000, 0.0000000000000000000 ) ) ;
#1747 = FILL_AREA_STYLE_COLOUR ( '', #2386 ) ;
#1748 =( LENGTH_UNIT ( ) NAMED_UNIT ( * ) SI_UNIT ( .MILLI., .METRE. ) );
#1749 = DIRECTION ( 'NONE',  ( 0.0000000000000000000, -0.0000000000000000000, 1.000000000000000000 ) ) ;
#1750 =( LENGTH_UNIT ( ) NAMED_UNIT ( * ) SI_UNIT ( .MILLI., .METRE. ) );
#1751 = DIRECTION ( 'NONE',  ( 0.0000000000000000000, 0.0000000000000000000, -1.000000000000000000 ) ) ;
#1752 = CARTESIAN_POINT ( 'NONE',  ( -1.510000000000000009, -1.524999999999999911, 0.1000000000000000056 ) ) ;
#1753 = UNCERTAINTY_MEASURE_WITH_UNIT (LENGTH_MEASURE( 1.000000000000000082E-05 ), #4412, 'distance_accuracy_value', 'NONE');
#1754 = EDGE_CURVE ( 'NONE', #2379, #841, #4249, .T. ) ;
#1755 = CARTESIAN_POINT ( 'NONE',  ( 1.229999999999999982, -2.230000000000000426, 0.6500000000000001332 ) ) ;
#1756 = ORIENTED_EDGE ( 'NONE', *, *, #2204, .F. ) ;
#1757 = VECTOR ( 'NONE', #4695, 1000.000000000000000 ) ;
#1758 = EDGE_LOOP ( 'NONE', ( #349, #1244, #209, #234 ) ) ;
#1759 = CARTESIAN_POINT ( 'NONE',  ( -0.5999999999999999778, 0.8750000000000000000, 0.1000000000000000056 ) ) ;
#1760 = LINE ( 'NONE', #4390, #4736 ) ;
#1761 = CARTESIAN_POINT ( 'NONE',  ( -0.9300000000000004929, 1.929999999999999716, 0.9499999999999999556 ) ) ;
#1762 = AXIS2_PLACEMENT_3D ( 'NONE', #3136, #3186, #1679 ) ;
#1763 = FACE_OUTER_BOUND ( 'NONE', #2652, .T. ) ;
#1764 =( GEOMETRIC_REPRESENTATION_CONTEXT ( 3 ) GLOBAL_UNCERTAINTY_ASSIGNED_CONTEXT ( ( #2058 ) ) GLOBAL_UNIT_ASSIGNED_CONTEXT ( ( #3593, #2436, #218 ) ) REPRESENTATION_CONTEXT ( 'NONE', 'WORKASPACE' ) );
#1765 = LINE ( 'NONE', #4645, #23 ) ;
#1766 = AXIS2_PLACEMENT_3D ( 'NONE', #4225, #1916, #3391 ) ;
#1767 = DIRECTION ( 'NONE',  ( 0.0000000000000000000, -0.0000000000000000000, -1.000000000000000000 ) ) ;
#1768 = ORIENTED_EDGE ( 'NONE', *, *, #1002, .T. ) ;
#1769 = PRESENTATION_STYLE_ASSIGNMENT (( #3198 ) ) ;
#1770 = DIRECTION ( 'NONE',  ( 0.0000000000000000000, -0.0000000000000000000, 1.000000000000000000 ) ) ;
#1771 = VECTOR ( 'NONE', #1339, 1000.000000000000000 ) ;
#1772 = EDGE_CURVE ( 'NONE', #1680, #1410, #1200, .T. ) ;
#1773 = DIRECTION ( 'NONE',  ( 0.0000000000000000000, -0.0000000000000000000, 1.000000000000000000 ) ) ;
#1774 = VERTEX_POINT ( 'NONE', #3567 ) ;
#1775 =( GEOMETRIC_REPRESENTATION_CONTEXT ( 3 ) GLOBAL_UNCERTAINTY_ASSIGNED_CONTEXT ( ( #1818 ) ) GLOBAL_UNIT_ASSIGNED_CONTEXT ( ( #4472, #3030, #3007 ) ) REPRESENTATION_CONTEXT ( 'NONE', 'WORKASPACE' ) );
#1776 =( NAMED_UNIT ( * ) PLANE_ANGLE_UNIT ( ) SI_UNIT ( $, .RADIAN. ) );
#1777 = CARTESIAN_POINT ( 'NONE',  ( 0.5000000000000000000, -2.225000000000000089, 0.1100000000000000006 ) ) ;
#1778 = SURFACE_STYLE_FILL_AREA ( #4730 ) ;
#1779 = VECTOR ( 'NONE', #4755, 1000.000000000000000 ) ;
#1780 = DIRECTION ( 'NONE',  ( -1.000000000000000000, -0.0000000000000000000, -0.0000000000000000000 ) ) ;
#1781 = AXIS2_PLACEMENT_3D ( 'NONE', #448, #3781, #1358 ) ;
#1782 = FILL_AREA_STYLE ('',( #4049 ) ) ;
#1783 = LINE ( 'NONE', #2561, #570 ) ;
#1784 = CARTESIAN_POINT ( 'NONE',  ( 1.350000000000000089, 2.250000000000000444, 0.3999999999999999667 ) ) ;
#1785 = ORIENTED_EDGE ( 'NONE', *, *, #3065, .F. ) ;
#1786 = SURFACE_STYLE_FILL_AREA ( #3583 ) ;
#1787 = APPLICATION_PROTOCOL_DEFINITION ( 'draft international standard', 'automotive_design', 1998, #4208 ) ;
#1788 = AXIS2_PLACEMENT_3D ( 'NONE', #4726, #198, #1290 ) ;
#1789 =( GEOMETRIC_REPRESENTATION_CONTEXT ( 3 ) GLOBAL_UNCERTAINTY_ASSIGNED_CONTEXT ( ( #2493 ) ) GLOBAL_UNIT_ASSIGNED_CONTEXT ( ( #947, #2888, #4701 ) ) REPRESENTATION_CONTEXT ( 'NONE', 'WORKASPACE' ) );
#1790 = CARTESIAN_POINT ( 'NONE',  ( -0.9299999999999994937, -2.230000000000000426, 0.8257359312880714342 ) ) ;
#1791 = CARTESIAN_POINT ( 'NONE',  ( 0.5999999999999999778, -2.129999999999999893, 0.1050000000000000100 ) ) ;
#1792 = FILL_AREA_STYLE_COLOUR ( '', #3695 ) ;
#1793 = AXIS2_PLACEMENT_3D ( 'NONE', #3557, #213, #1529 ) ;
#1794 = COLOUR_RGB ( '',0.8470588235294117530, 0.6901960784313725394, 0.2196078431372548989 ) ;
#1795 = CARTESIAN_POINT ( 'NONE',  ( -0.4899999999999999911, 0.2750000000000000222, 0.1000000000000000056 ) ) ;
#1796 = ORIENTED_EDGE ( 'NONE', *, *, #4137, .T. ) ;
#1797 =( LENGTH_UNIT ( ) NAMED_UNIT ( * ) SI_UNIT ( .MILLI., .METRE. ) );
#1798 = EDGE_CURVE ( 'NONE', #60, #1252, #3540, .T. ) ;
#1799 = CYLINDRICAL_SURFACE ( 'NONE', #898, 0.2500000000000000000 ) ;
#1800 = AXIS2_PLACEMENT_3D ( 'NONE', #4321, #3533, #3506 ) ;
#1801 = STYLED_ITEM ( 'NONE', ( #203 ), #3534 ) ;
#1802 = EDGE_CURVE ( 'NONE', #2844, #3095, #4253, .T. ) ;
#1803 = CARTESIAN_POINT ( 'NONE',  ( -1.250000000000000000, 2.350000000000000089, 0.4270000000000000462 ) ) ;
#1804 = DIRECTION ( 'NONE',  ( 0.0000000000000000000, -1.000000000000000000, 0.0000000000000000000 ) ) ;
#1805 = CARTESIAN_POINT ( 'NONE',  ( -0.5000000000000000000, -2.225000000000000089, 0.1069999999999999979 ) ) ;
#1806 = PRESENTATION_LAYER_ASSIGNMENT (  '', '', ( #4813 ) ) ;
#1807 = EDGE_CURVE ( 'NONE', #2433, #3875, #554, .T. ) ;
#1808 = LINE ( 'NONE', #1752, #4484 ) ;
#1809 = FACE_OUTER_BOUND ( 'NONE', #1854, .T. ) ;
#1810 = CARTESIAN_POINT ( 'NONE',  ( 1.500000000000000000, 2.549999999999999822, 0.0000000000000000000 ) ) ;
#1811 = FACE_OUTER_BOUND ( 'NONE', #2475, .T. ) ;
#1812 = ORIENTED_EDGE ( 'NONE', *, *, #4034, .T. ) ;
#1813 = DIRECTION ( 'NONE',  ( -0.0000000000000000000, 0.0000000000000000000, 1.000000000000000000 ) ) ;
#1814 = CARTESIAN_POINT ( 'NONE',  ( -1.500000000000000000, -2.549999999999999822, 0.0000000000000000000 ) ) ;
#1815 = CARTESIAN_POINT ( 'NONE',  ( -0.9299999999999996048, 2.230000000000000426, 0.8257359312880713231 ) ) ;
#1816 = SURFACE_SIDE_STYLE ('',( #4031 ) ) ;
#1817 =( NAMED_UNIT ( * ) PLANE_ANGLE_UNIT ( ) SI_UNIT ( $, .RADIAN. ) );
#1818 = UNCERTAINTY_MEASURE_WITH_UNIT (LENGTH_MEASURE( 1.000000000000000082E-05 ), #4472, 'distance_accuracy_value', 'NONE');
#1819 =( NAMED_UNIT ( * ) SI_UNIT ( $, .STERADIAN. ) SOLID_ANGLE_UNIT ( ) );
#1820 =( LENGTH_UNIT ( ) NAMED_UNIT ( * ) SI_UNIT ( .MILLI., .METRE. ) );
#1821 = VERTEX_POINT ( 'NONE', #3970 ) ;
#1822 = STYLED_ITEM ( 'NONE', ( #286 ), #4757 ) ;
#1823 = EDGE_CURVE ( 'NONE', #3471, #2052, #2765, .T. ) ;
#1824 = ORIENTED_EDGE ( 'NONE', *, *, #4384, .T. ) ;
#1825 = CARTESIAN_POINT ( 'NONE',  ( 1.508999999999999897, -0.8840000000000000080, 0.0000000000000000000 ) ) ;
#1826 = FILL_AREA_STYLE_COLOUR ( '', #4653 ) ;
#1827 =( LENGTH_UNIT ( ) NAMED_UNIT ( * ) SI_UNIT ( .MILLI., .METRE. ) );
#1828 = DIRECTION ( 'NONE',  ( 0.0000000000000000000, 0.0000000000000000000, -1.000000000000000000 ) ) ;
#1829 = PLANE ( 'NONE',  #3938 ) ;
#1830 = AXIS2_PLACEMENT_3D ( 'NONE', #4039, #2592, #3375 ) ;
#1831 = FACE_OUTER_BOUND ( 'NONE', #3991, .T. ) ;
#1832 = DIRECTION ( 'NONE',  ( -0.0000000000000000000, -0.0000000000000000000, -1.000000000000000000 ) ) ;
#1833 = DIRECTION ( 'NONE',  ( 0.0000000000000000000, -1.000000000000000000, -0.0000000000000000000 ) ) ;
#1834 = PRESENTATION_LAYER_ASSIGNMENT (  '', '', ( #2835 ) ) ;
#1835 = AXIS2_PLACEMENT_3D ( 'NONE', #4804, #2582, #4451 ) ;
#1836 = COLOUR_RGB ( '',0.8470588235294117530, 0.6901960784313725394, 0.2196078431372548989 ) ;
#1837 = PRESENTATION_LAYER_ASSIGNMENT (  '', '', ( #24 ) ) ;
#1838 = FILL_AREA_STYLE ('',( #1500 ) ) ;
#1839 = VERTEX_POINT ( 'NONE', #2746 ) ;
#1840 =( NAMED_UNIT ( * ) PLANE_ANGLE_UNIT ( ) SI_UNIT ( $, .RADIAN. ) );
#1841 = VECTOR ( 'NONE', #4105, 1000.000000000000000 ) ;
#1842 = DIRECTION ( 'NONE',  ( 0.0000000000000000000, 0.0000000000000000000, 1.000000000000000000 ) ) ;
#1843 =( NAMED_UNIT ( * ) PLANE_ANGLE_UNIT ( ) SI_UNIT ( $, .RADIAN. ) );
#1844 = FACE_OUTER_BOUND ( 'NONE', #1081, .T. ) ;
#1845 = PRESENTATION_LAYER_ASSIGNMENT (  '', '', ( #4480 ) ) ;
#1846 = VECTOR ( 'NONE', #4335, 1000.000000000000000 ) ;
#1847 = ORIENTED_EDGE ( 'NONE', *, *, #365, .F. ) ;
#1848 = CONTEXT_DEPENDENT_SHAPE_REPRESENTATION ( #2198, #3740 ) ;
#1849 = EDGE_CURVE ( 'NONE', #633, #2131, #2042, .T. ) ;
#1850 = PRESENTATION_STYLE_ASSIGNMENT (( #754 ) ) ;
#1851 = DIRECTION ( 'NONE',  ( -0.0000000000000000000, -0.0000000000000000000, -1.000000000000000000 ) ) ;
#1852 = UNCERTAINTY_MEASURE_WITH_UNIT (LENGTH_MEASURE( 1.000000000000000082E-05 ), #2363, 'distance_accuracy_value', 'NONE');
#1853 = SURFACE_STYLE_FILL_AREA ( #2659 ) ;
#1854 = EDGE_LOOP ( 'NONE', ( #253, #2880, #436 ) ) ;
#1855 =( NAMED_UNIT ( * ) PLANE_ANGLE_UNIT ( ) SI_UNIT ( $, .RADIAN. ) );
#1856 = VECTOR ( 'NONE', #4651, 1000.000000000000000 ) ;
#1857 = EDGE_CURVE ( 'NONE', #1997, #4724, #1692, .T. ) ;
#1858 = ORIENTED_EDGE ( 'NONE', *, *, #1209, .T. ) ;
#1859 = ORIENTED_EDGE ( 'NONE', *, *, #1295, .T. ) ;
#1860 = AXIS2_PLACEMENT_3D ( 'NONE', #3036, #1480, #2970 ) ;
#1861 = FACE_OUTER_BOUND ( 'NONE', #1300, .T. ) ;
#1862 = PLANE ( 'NONE',  #3461 ) ;
#1863 = VECTOR ( 'NONE', #1020, 1000.000000000000000 ) ;
#1864 =( GEOMETRIC_REPRESENTATION_CONTEXT ( 3 ) GLOBAL_UNCERTAINTY_ASSIGNED_CONTEXT ( ( #1910 ) ) GLOBAL_UNIT_ASSIGNED_CONTEXT ( ( #2103, #927, #2074 ) ) REPRESENTATION_CONTEXT ( 'NONE', 'WORKASPACE' ) );
#1865 = CARTESIAN_POINT ( 'NONE',  ( 1.550000000000000266, -0.9750000000000010880, 0.0000000000000000000 ) ) ;
#1866 = LINE ( 'NONE', #4429, #3786 ) ;
#1867 =( NAMED_UNIT ( * ) SI_UNIT ( $, .STERADIAN. ) SOLID_ANGLE_UNIT ( ) );
#1868 = MECHANICAL_DESIGN_GEOMETRIC_PRESENTATION_REPRESENTATION (  '', ( #3983 ), #3734 ) ;
#1869 = DIRECTION ( 'NONE',  ( 0.0000000000000000000, 0.0000000000000000000, -1.000000000000000000 ) ) ;
#1870 =( NAMED_UNIT ( * ) SI_UNIT ( $, .STERADIAN. ) SOLID_ANGLE_UNIT ( ) );
#1871 = EDGE_CURVE ( 'NONE', #876, #4161, #2412, .T. ) ;
#1872 = FILL_AREA_STYLE_COLOUR ( '', #3147 ) ;
#1873 = ORIENTED_EDGE ( 'NONE', *, *, #4789, .T. ) ;
#1874 = DIRECTION ( 'NONE',  ( 0.0000000000000000000, -0.0000000000000000000, 1.000000000000000000 ) ) ;
#1875 = DIRECTION ( 'NONE',  ( 0.0000000000000000000, -0.0000000000000000000, 1.000000000000000000 ) ) ;
#1876 = SURFACE_STYLE_USAGE ( .BOTH. , #3660 ) ;
#1877 = ADVANCED_FACE ( 'NONE', ( #2791 ), #4276, .T. ) ;
#1878 = ORIENTED_EDGE ( 'NONE', *, *, #636, .F. ) ;
#1879 =( NAMED_UNIT ( * ) SI_UNIT ( $, .STERADIAN. ) SOLID_ANGLE_UNIT ( ) );
#1880 = CARTESIAN_POINT ( 'NONE',  ( -0.4000000000000000777, -1.649999999999999911, 0.7500000000000000000 ) ) ;
#1881 = ADVANCED_FACE ( 'NONE', ( #3703 ), #2630, .T. ) ;
#1882 = ORIENTED_EDGE ( 'NONE', *, *, #43, .T. ) ;
#1883 = CARTESIAN_POINT ( 'NONE',  ( -1.500000000000000000, -0.2750000000000002998, 0.0000000000000000000 ) ) ;
#1884 = ORIENTED_EDGE ( 'NONE', *, *, #996, .F. ) ;
#1885 = AXIS2_PLACEMENT_3D ( 'NONE', #1229, #2738, #2635 ) ;
#1886 = LINE ( 'NONE', #687, #2410 ) ;
#1887 = ORIENTED_EDGE ( 'NONE', *, *, #1455, .T. ) ;
#1888 = CARTESIAN_POINT ( 'NONE',  ( 1.500000000000000000, -0.2750000000000000777, 0.0000000000000000000 ) ) ;
#1889 =( NAMED_UNIT ( * ) PLANE_ANGLE_UNIT ( ) SI_UNIT ( $, .RADIAN. ) );
#1890 = DIRECTION ( 'NONE',  ( 0.0000000000000000000, 1.000000000000000000, 0.0000000000000000000 ) ) ;
#1891 = CARTESIAN_POINT ( 'NONE',  ( 1.105735931288071461, 2.230000000000000426, 0.6499999999999998002 ) ) ;
#1892 = FILL_AREA_STYLE_COLOUR ( '', #2223 ) ;
#1893 = EDGE_LOOP ( 'NONE', ( #4447, #1847, #589, #165 ) ) ;
#1894 = SURFACE_SIDE_STYLE ('',( #391 ) ) ;
#1895 = SURFACE_STYLE_FILL_AREA ( #4559 ) ;
#1896 = UNCERTAINTY_MEASURE_WITH_UNIT (LENGTH_MEASURE( 1.000000000000000082E-05 ), #2202, 'distance_accuracy_value', 'NONE');
#1897 = SURFACE_STYLE_FILL_AREA ( #2351 ) ;
#1898 = ORIENTED_EDGE ( 'NONE', *, *, #1717, .T. ) ;
#1899 = CARTESIAN_POINT ( 'NONE',  ( 0.5999999999999999778, -0.3750000000000000000, 0.1050000000000000100 ) ) ;
#1900 = PRESENTATION_LAYER_ASSIGNMENT (  '', '', ( #3060 ) ) ;
#1901 = ADVANCED_FACE ( 'NONE', ( #268 ), #4092, .T. ) ;
#1902 = VECTOR ( 'NONE', #796, 1000.000000000000000 ) ;
#1903 = FILL_AREA_STYLE ('',( #1058 ) ) ;
#1904 = VERTEX_POINT ( 'NONE', #774 ) ;
#1905 = PRESENTATION_LAYER_ASSIGNMENT (  '', '', ( #2150 ) ) ;
#1906 = SURFACE_STYLE_USAGE ( .BOTH. , #398 ) ;
#1907 = ORIENTED_EDGE ( 'NONE', *, *, #631, .F. ) ;
#1908 = EDGE_CURVE ( 'NONE', #759, #2087, #4497, .T. ) ;
#1909 = DIRECTION ( 'NONE',  ( 0.0000000000000000000, -0.0000000000000000000, -1.000000000000000000 ) ) ;
#1910 = UNCERTAINTY_MEASURE_WITH_UNIT (LENGTH_MEASURE( 1.000000000000000082E-05 ), #2103, 'distance_accuracy_value', 'NONE');
#1911 = DIRECTION ( 'NONE',  ( -0.0000000000000000000, -1.000000000000000000, 0.0000000000000000000 ) ) ;
#1912 = MECHANICAL_DESIGN_GEOMETRIC_PRESENTATION_REPRESENTATION (  '', ( #1189 ), #194 ) ;
#1913 = DIRECTION ( 'NONE',  ( 0.0000000000000000000, 0.0000000000000000000, -1.000000000000000000 ) ) ;
#1914 = CARTESIAN_POINT ( 'NONE',  ( 0.9300000000000000488, 1.930000000000000382, 0.9500000000000001776 ) ) ;
#1915 = VECTOR ( 'NONE', #603, 1000.000000000000000 ) ;
#1916 = DIRECTION ( 'NONE',  ( 0.0000000000000000000, 1.000000000000000000, 0.0000000000000000000 ) ) ;
#1917 = ORIENTED_EDGE ( 'NONE', *, *, #815, .T. ) ;
#1918 = CARTESIAN_POINT ( 'NONE',  ( -1.500000000000000000, -0.8749999999999998890, 0.09999999999999999167 ) ) ;
#1919 =( GEOMETRIC_REPRESENTATION_CONTEXT ( 3 ) GLOBAL_UNCERTAINTY_ASSIGNED_CONTEXT ( ( #3701 ) ) GLOBAL_UNIT_ASSIGNED_CONTEXT ( ( #3836, #1985, #2723 ) ) REPRESENTATION_CONTEXT ( 'NONE', 'WORKASPACE' ) );
#1920 = VERTEX_POINT ( 'NONE', #4132 ) ;
#1921 = VERTEX_POINT ( 'NONE', #3347 ) ;
#1922 =( NAMED_UNIT ( * ) SI_UNIT ( $, .STERADIAN. ) SOLID_ANGLE_UNIT ( ) );
#1923 = ORIENTED_EDGE ( 'NONE', *, *, #3418, .F. ) ;
#1924 = VECTOR ( 'NONE', #4240, 1000.000000000000000 ) ;
#1925 = ADVANCED_FACE ( 'NONE', ( #3326 ), #2941, .T. ) ;
#1926 = EDGE_LOOP ( 'NONE', ( #457, #4339, #1681, #1281 ) ) ;
#1927 =( NAMED_UNIT ( * ) PLANE_ANGLE_UNIT ( ) SI_UNIT ( $, .RADIAN. ) );
#1928 =( GEOMETRIC_REPRESENTATION_CONTEXT ( 3 ) GLOBAL_UNCERTAINTY_ASSIGNED_CONTEXT ( ( #4706 ) ) GLOBAL_UNIT_ASSIGNED_CONTEXT ( ( #1537, #3074, #3202 ) ) REPRESENTATION_CONTEXT ( 'NONE', 'WORKASPACE' ) );
#1929 = STYLED_ITEM ( 'NONE', ( #3103 ), #2917 ) ;
#1930 = CARTESIAN_POINT ( 'NONE',  ( 0.5909999999999999698, 2.125000000000000000, 0.0000000000000000000 ) ) ;
#1931 = PRESENTATION_STYLE_ASSIGNMENT (( #3488 ) ) ;
#1932 = CARTESIAN_POINT ( 'NONE',  ( 0.9299999999999996048, 1.930000000000000160, 0.9500000000000001776 ) ) ;
#1933 = CARTESIAN_POINT ( 'NONE',  ( -1.229999999999999760, -2.105735931288071683, 0.8257359312880714342 ) ) ;
#1934 = AXIS2_PLACEMENT_3D ( 'NONE', #1253, #598, #890 ) ;
#1935 =( GEOMETRIC_REPRESENTATION_CONTEXT ( 3 ) GLOBAL_UNCERTAINTY_ASSIGNED_CONTEXT ( ( #275 ) ) GLOBAL_UNIT_ASSIGNED_CONTEXT ( ( #1403, #591, #4342 ) ) REPRESENTATION_CONTEXT ( 'NONE', 'WORKASPACE' ) );
#1936 =( LENGTH_UNIT ( ) NAMED_UNIT ( * ) SI_UNIT ( .MILLI., .METRE. ) );
#1937 = EDGE_CURVE ( 'NONE', #2356, #2844, #2698, .T. ) ;
#1938 = ORIENTED_EDGE ( 'NONE', *, *, #551, .F. ) ;
#1939 = COLOUR_RGB ( '',0.8470588235294117530, 0.6901960784313725394, 0.2196078431372548989 ) ;
#1940 = SURFACE_SIDE_STYLE ('',( #2241 ) ) ;
#1941 = PLANE ( 'NONE',  #2069 ) ;
#1942 =( NAMED_UNIT ( * ) PLANE_ANGLE_UNIT ( ) SI_UNIT ( $, .RADIAN. ) );
#1943 = VECTOR ( 'NONE', #2133, 1000.000000000000000 ) ;
#1944 = EDGE_LOOP ( 'NONE', ( #2678, #1402, #1461, #153, #1400, #4471, #683, #4367 ) ) ;
#1945 = ORIENTED_EDGE ( 'NONE', *, *, #2573, .F. ) ;
#1946 = DIRECTION ( 'NONE',  ( -1.000000000000000000, 0.0000000000000000000, -0.0000000000000000000 ) ) ;
#1947 = ORIENTED_EDGE ( 'NONE', *, *, #4725, .T. ) ;
#1948 = CARTESIAN_POINT ( 'NONE',  ( 1.500000000000000000, 2.129999999999999893, 0.0000000000000000000 ) ) ;
#1949 = CARTESIAN_POINT ( 'NONE',  ( -0.9300000000000000488, 1.929999999999999938, 0.6500000000000001332 ) ) ;
#1950 = FILL_AREA_STYLE_COLOUR ( '', #362 ) ;
#1951 = LINE ( 'NONE', #92, #2530 ) ;
#1952 = ORIENTED_EDGE ( 'NONE', *, *, #3867, .F. ) ;
#1953 = DIRECTION ( 'NONE',  ( 0.0000000000000000000, 0.0000000000000000000, -1.000000000000000000 ) ) ;
#1954 = ORIENTED_EDGE ( 'NONE', *, *, #1018, .F. ) ;
#1955 = SURFACE_SIDE_STYLE ('',( #2640 ) ) ;
#1956 = PRODUCT_RELATED_PRODUCT_CATEGORY ( 'part', '', ( #4408 ) ) ;
#1957 = CARTESIAN_POINT ( 'NONE',  ( -1.229999999999999538, 1.930000000000000160, 0.6500000000000009104 ) ) ;
#1958 =( NAMED_UNIT ( * ) PLANE_ANGLE_UNIT ( ) SI_UNIT ( $, .RADIAN. ) );
#1959 = EDGE_CURVE ( 'NONE', #2060, #2508, #2224, .T. ) ;
#1960 = CARTESIAN_POINT ( 'NONE',  ( -1.500000000000000000, 1.514999999999999902, 0.1000000000000000056 ) ) ;
#1961 = EDGE_LOOP ( 'NONE', ( #908, #3840, #2401, #3908 ) ) ;
#1962 =( LENGTH_UNIT ( ) NAMED_UNIT ( * ) SI_UNIT ( .MILLI., .METRE. ) );
#1963 = ORIENTED_EDGE ( 'NONE', *, *, #1807, .T. ) ;
#1964 = SURFACE_SIDE_STYLE ('',( #174 ) ) ;
#1965 = ADVANCED_FACE ( 'NONE', ( #1091 ), #2272, .T. ) ;
#1966 = LINE ( 'NONE', #34, #4689 ) ;
#1967 = DIRECTION ( 'NONE',  ( 0.0000000000000000000, 0.0000000000000000000, 1.000000000000000000 ) ) ;
#1968 = EDGE_LOOP ( 'NONE', ( #380, #4347, #4097, #1162 ) ) ;
#1969 = LINE ( 'NONE', #1226, #4063 ) ;
#1970 = EDGE_LOOP ( 'NONE', ( #897, #4262, #2380, #3215 ) ) ;
#1971 = DIRECTION ( 'NONE',  ( -0.0000000000000000000, -1.000000000000000000, -0.0000000000000000000 ) ) ;
#1972 =( LENGTH_UNIT ( ) NAMED_UNIT ( * ) SI_UNIT ( .MILLI., .METRE. ) );
#1973 = ORIENTED_EDGE ( 'NONE', *, *, #2276, .T. ) ;
#1974 = DIRECTION ( 'NONE',  ( -1.000000000000000000, 0.0000000000000000000, -0.0000000000000000000 ) ) ;
#1975 = EDGE_LOOP ( 'NONE', ( #646, #1812, #3551, #4455 ) ) ;
#1976 =( GEOMETRIC_REPRESENTATION_CONTEXT ( 3 ) GLOBAL_UNCERTAINTY_ASSIGNED_CONTEXT ( ( #2347 ) ) GLOBAL_UNIT_ASSIGNED_CONTEXT ( ( #680, #1817, #1051 ) ) REPRESENTATION_CONTEXT ( 'NONE', 'WORKASPACE' ) );
#1977 = FILL_AREA_STYLE_COLOUR ( '', #3179 ) ;
#1978 = CARTESIAN_POINT ( 'NONE',  ( 1.250000000000000000, 2.350000000000000089, -0.7062500000000000444 ) ) ;
#1979 = LINE ( 'NONE', #3125, #4697 ) ;
#1980 = COLOUR_RGB ( '',0.8470588235294117530, 0.6901960784313725394, 0.2196078431372548989 ) ;
#1981 = CIRCLE ( 'NONE', #1835, 0.2500000000000000000 ) ;
#1982 = DIRECTION ( 'NONE',  ( 0.0000000000000000000, -0.0000000000000000000, -1.000000000000000000 ) ) ;
#1983 = CARTESIAN_POINT ( 'NONE',  ( -0.5909999999999999698, -0.8750000000000000000, 0.1090000000000000135 ) ) ;
#1984 = MECHANICAL_DESIGN_GEOMETRIC_PRESENTATION_REPRESENTATION (  '', ( #1269 ), #3225 ) ;
#1985 =( NAMED_UNIT ( * ) PLANE_ANGLE_UNIT ( ) SI_UNIT ( $, .RADIAN. ) );
#1986 = DIRECTION ( 'NONE',  ( 0.0000000000000000000, -1.000000000000000000, 0.0000000000000000000 ) ) ;
#1987 = SURFACE_STYLE_USAGE ( .BOTH. , #3811 ) ;
#1988 = VECTOR ( 'NONE', #2819, 1000.000000000000000 ) ;
#1989 = CYLINDRICAL_SURFACE ( 'NONE', #3691, 0.1000000000000000472 ) ;
#1990 = EDGE_LOOP ( 'NONE', ( #4353, #2859, #1558, #2632 ) ) ;
#1991 = EDGE_CURVE ( 'NONE', #3197, #3913, #928, .T. ) ;
#1992 = EDGE_LOOP ( 'NONE', ( #3078, #3316, #132, #108 ) ) ;
#1993 = CARTESIAN_POINT ( 'NONE',  ( -1.350000000000000089, -2.250000000000000444, 0.4470000000000000084 ) ) ;
#1994 = LINE ( 'NONE', #2292, #4532 ) ;
#1995 = UNCERTAINTY_MEASURE_WITH_UNIT (LENGTH_MEASURE( 1.000000000000000082E-05 ), #2756, 'distance_accuracy_value', 'NONE');
#1996 = DIRECTION ( 'NONE',  ( -0.0000000000000000000, 1.000000000000000000, 0.0000000000000000000 ) ) ;
#1997 = VERTEX_POINT ( 'NONE', #2346 ) ;
#1998 = EDGE_LOOP ( 'NONE', ( #2518, #3115, #1573, #122 ) ) ;
#1999 = MECHANICAL_DESIGN_GEOMETRIC_PRESENTATION_REPRESENTATION (  '', ( #3080 ), #200 ) ;
#2000 =( NAMED_UNIT ( * ) PLANE_ANGLE_UNIT ( ) SI_UNIT ( $, .RADIAN. ) );
#2001 = VERTEX_POINT ( 'NONE', #3444 ) ;
#2002 = CARTESIAN_POINT ( 'NONE',  ( 1.500000000000000000, 0.8750000000000000000, 0.1090000000000000135 ) ) ;
#2003 = SURFACE_STYLE_FILL_AREA ( #1741 ) ;
#2004 = SURFACE_STYLE_USAGE ( .BOTH. , #493 ) ;
#2005 = UNCERTAINTY_MEASURE_WITH_UNIT (LENGTH_MEASURE( 1.000000000000000082E-05 ), #55, 'distance_accuracy_value', 'NONE');
#2006 = VERTEX_POINT ( 'NONE', #3110 ) ;
#2007 = VERTEX_POINT ( 'NONE', #2021 ) ;
#2008 = SURFACE_SIDE_STYLE ('',( #1314 ) ) ;
#2009 = STYLED_ITEM ( 'NONE', ( #1931 ), #2264 ) ;
#2010 = SURFACE_STYLE_USAGE ( .BOTH. , #3857 ) ;
#2011 = UNCERTAINTY_MEASURE_WITH_UNIT (LENGTH_MEASURE( 1.000000000000000082E-05 ), #3005, 'distance_accuracy_value', 'NONE');
#2012 = MECHANICAL_DESIGN_GEOMETRIC_PRESENTATION_REPRESENTATION (  '', ( #2625 ), #4261 ) ;
#2013 = DIRECTION ( 'NONE',  ( -1.000000000000000000, -0.0000000000000000000, -0.0000000000000000000 ) ) ;
#2014 = CARTESIAN_POINT ( 'NONE',  ( 0.9300000000000000488, 2.230000000000000426, 0.6500000000000001332 ) ) ;
#2015 = MECHANICAL_DESIGN_GEOMETRIC_PRESENTATION_REPRESENTATION (  '', ( #3011 ), #1928 ) ;
#2016 = CIRCLE ( 'NONE', #3791, 0.3000000000000000444 ) ;
#2017 = PLANE ( 'NONE',  #714 ) ;
#2018 = VECTOR ( 'NONE', #572, 1000.000000000000000 ) ;
#2019 = ORIENTED_EDGE ( 'NONE', *, *, #3002, .F. ) ;
#2020 = ORIENTED_EDGE ( 'NONE', *, *, #1338, .T. ) ;
#2021 = CARTESIAN_POINT ( 'NONE',  ( -1.500000000000000000, -0.9749999999999999778, 0.09999999999999999167 ) ) ;
#2022 =( GEOMETRIC_REPRESENTATION_CONTEXT ( 3 ) GLOBAL_UNCERTAINTY_ASSIGNED_CONTEXT ( ( #3497 ) ) GLOBAL_UNIT_ASSIGNED_CONTEXT ( ( #3168, #4298, #1335 ) ) REPRESENTATION_CONTEXT ( 'NONE', 'WORKASPACE' ) );
#2023 = VECTOR ( 'NONE', #134, 1000.000000000000000 ) ;
#2024 = SURFACE_STYLE_USAGE ( .BOTH. , #2130 ) ;
#2025 = EDGE_CURVE ( 'NONE', #4075, #3259, #809, .T. ) ;
#2026 = ORIENTED_EDGE ( 'NONE', *, *, #2465, .T. ) ;
#2027 = VERTEX_POINT ( 'NONE', #880 ) ;
#2028 = PRESENTATION_LAYER_ASSIGNMENT (  '', '', ( #527 ) ) ;
#2029 = CIRCLE ( 'NONE', #298, 0.2500000000000000000 ) ;
#2030 = CARTESIAN_POINT ( 'NONE',  ( -0.5000000000000000000, 2.225000000000000089, 0.1100000000000000006 ) ) ;
#2031 = DIRECTION ( 'NONE',  ( 1.000000000000000000, 0.0000000000000000000, 0.0000000000000000000 ) ) ;
#2032 = SURFACE_STYLE_USAGE ( .BOTH. , #236 ) ;
#2033 = DIRECTION ( 'NONE',  ( -0.0000000000000000000, 0.0000000000000000000, 1.000000000000000000 ) ) ;
#2034 = LINE ( 'NONE', #1579, #1423 ) ;
#2035 = ORIENTED_EDGE ( 'NONE', *, *, #1509, .T. ) ;
#2036 =( NAMED_UNIT ( * ) SI_UNIT ( $, .STERADIAN. ) SOLID_ANGLE_UNIT ( ) );
#2037 = ORIENTED_EDGE ( 'NONE', *, *, #260, .F. ) ;
#2038 = DIRECTION ( 'NONE',  ( 0.0000000000000000000, 0.0000000000000000000, -1.000000000000000000 ) ) ;
#2039 = DIRECTION ( 'NONE',  ( -0.0000000000000000000, -0.0000000000000000000, -1.000000000000000000 ) ) ;
#2040 = PRESENTATION_STYLE_ASSIGNMENT (( #3040 ) ) ;
#2041 = EDGE_CURVE ( 'NONE', #2343, #3395, #3496, .T. ) ;
#2042 = LINE ( 'NONE', #4222, #891 ) ;
#2043 = CARTESIAN_POINT ( 'NONE',  ( 1.500000000000000000, 0.2650000000000000688, 0.1000000000000000056 ) ) ;
#2044 = LINE ( 'NONE', #713, #1601 ) ;
#2045 = DIRECTION ( 'NONE',  ( -1.000000000000000000, 0.0000000000000000000, -0.0000000000000000000 ) ) ;
#2046 = ORIENTED_EDGE ( 'NONE', *, *, #4352, .F. ) ;
#2047 = ORIENTED_EDGE ( 'NONE', *, *, #4789, .F. ) ;
#2048 = AXIS2_PLACEMENT_3D ( 'NONE', #114, #2743, #3320 ) ;
#2049 = CARTESIAN_POINT ( 'NONE',  ( 1.377000000000000002, -2.350000000000000089, 0.4000000000000000222 ) ) ;
#2050 = UNCERTAINTY_MEASURE_WITH_UNIT (LENGTH_MEASURE( 1.000000000000000082E-05 ), #416, 'distance_accuracy_value', 'NONE');
#2051 = DIRECTION ( 'NONE',  ( 1.000000000000000000, 0.0000000000000000000, 0.0000000000000000000 ) ) ;
#2052 = VERTEX_POINT ( 'NONE', #1650 ) ;
#2053 = ORIENTED_EDGE ( 'NONE', *, *, #2892, .F. ) ;
#2054 = ORIENTED_EDGE ( 'NONE', *, *, #1061, .F. ) ;
#2055 = CARTESIAN_POINT ( 'NONE',  ( -0.5999999999999999778, 0.8750000000000000000, 0.1090000000000000135 ) ) ;
#2056 = DIRECTION ( 'NONE',  ( 1.000000000000000000, 0.0000000000000000000, 0.0000000000000000000 ) ) ;
#2057 = CARTESIAN_POINT ( 'NONE',  ( 0.9300000000000000488, -2.230000000000000426, 0.9499999999999999556 ) ) ;
#2058 = UNCERTAINTY_MEASURE_WITH_UNIT (LENGTH_MEASURE( 1.000000000000000082E-05 ), #3593, 'distance_accuracy_value', 'NONE');
#2059 = VERTEX_POINT ( 'NONE', #3134 ) ;
#2060 = VERTEX_POINT ( 'NONE', #538 ) ;
#2061 = DIRECTION ( 'NONE',  ( 0.0000000000000000000, -0.0000000000000000000, 1.000000000000000000 ) ) ;
#2062 = EDGE_CURVE ( 'NONE', #1410, #3619, #4608, .T. ) ;
#2063 = FACE_OUTER_BOUND ( 'NONE', #670, .T. ) ;
#2064 = CARTESIAN_POINT ( 'NONE',  ( -1.508999999999999897, 0.8750000000000000000, 0.0000000000000000000 ) ) ;
#2065 = PRESENTATION_LAYER_ASSIGNMENT (  '', '', ( #3775 ) ) ;
#2066 = EDGE_CURVE ( 'NONE', #482, #3913, #2797, .T. ) ;
#2067 =( NAMED_UNIT ( * ) SI_UNIT ( $, .STERADIAN. ) SOLID_ANGLE_UNIT ( ) );
#2068 = CARTESIAN_POINT ( 'NONE',  ( 1.500000000000000000, -0.9750000000000005329, 0.09999999999999999167 ) ) ;
#2069 = AXIS2_PLACEMENT_3D ( 'NONE', #1571, #1220, #3050 ) ;
#2070 = STYLED_ITEM ( 'NONE', ( #654 ), #56 ) ;
#2071 = PRESENTATION_STYLE_ASSIGNMENT (( #534 ) ) ;
#2072 =( GEOMETRIC_REPRESENTATION_CONTEXT ( 3 ) GLOBAL_UNCERTAINTY_ASSIGNED_CONTEXT ( ( #1453 ) ) GLOBAL_UNIT_ASSIGNED_CONTEXT ( ( #35, #1494, #2944 ) ) REPRESENTATION_CONTEXT ( 'NONE', 'WORKASPACE' ) );
#2073 = EDGE_CURVE ( 'NONE', #1734, #2322, #3925, .T. ) ;
#2074 =( NAMED_UNIT ( * ) SI_UNIT ( $, .STERADIAN. ) SOLID_ANGLE_UNIT ( ) );
#2075 = FACE_OUTER_BOUND ( 'NONE', #2972, .T. ) ;
#2076 = FILL_AREA_STYLE_COLOUR ( '', #1980 ) ;
#2077 = STYLED_ITEM ( 'NONE', ( #3905 ), #1191 ) ;
#2078 = PRESENTATION_LAYER_ASSIGNMENT (  '', '', ( #4019 ) ) ;
#2079 = SURFACE_SIDE_STYLE ('',( #3579 ) ) ;
#2080 = ORIENTED_EDGE ( 'NONE', *, *, #852, .F. ) ;
#2081 = ORIENTED_EDGE ( 'NONE', *, *, #4658, .T. ) ;
#2082 = ORIENTED_EDGE ( 'NONE', *, *, #1307, .T. ) ;
#2083 = CARTESIAN_POINT ( 'NONE',  ( 0.5000000000000000000, 1.524999999999999911, 0.1000000000000000056 ) ) ;
#2084 =( NAMED_UNIT ( * ) PLANE_ANGLE_UNIT ( ) SI_UNIT ( $, .RADIAN. ) );
#2085 = PLANE ( 'NONE',  #1793 ) ;
#2086 = CARTESIAN_POINT ( 'NONE',  ( -0.5999999999999999778, 1.625000000000000222, 0.1000000000000000056 ) ) ;
#2087 = VERTEX_POINT ( 'NONE', #1326 ) ;
#2088 =( LENGTH_UNIT ( ) NAMED_UNIT ( * ) SI_UNIT ( .MILLI., .METRE. ) );
#2089 = ORIENTED_EDGE ( 'NONE', *, *, #1140, .T. ) ;
#2090 = FILL_AREA_STYLE ('',( #573 ) ) ;
#2091 = VECTOR ( 'NONE', #1288, 1000.000000000000000 ) ;
#2092 = LINE ( 'NONE', #2484, #1856 ) ;
#2093 = EDGE_CURVE ( 'NONE', #2614, #3395, #271, .T. ) ;
#2094 = CARTESIAN_POINT ( 'NONE',  ( 1.500000000000000000, 2.549999999999999822, 0.0000000000000000000 ) ) ;
#2095 = AXIS2_PLACEMENT_3D ( 'NONE', #405, #2216, #3715 ) ;
#2096 = CARTESIAN_POINT ( 'NONE',  ( 1.500000000000000000, 0.3750000000000000000, 0.1090000000000000135 ) ) ;
#2097 =( LENGTH_UNIT ( ) NAMED_UNIT ( * ) SI_UNIT ( .MILLI., .METRE. ) );
#2098 = VECTOR ( 'NONE', #1583, 1000.000000000000000 ) ;
#2099 =( LENGTH_UNIT ( ) NAMED_UNIT ( * ) SI_UNIT ( .MILLI., .METRE. ) );
#2100 = EDGE_CURVE ( 'NONE', #853, #2277, #2129, .T. ) ;
#2101 =( NAMED_UNIT ( * ) PLANE_ANGLE_UNIT ( ) SI_UNIT ( $, .RADIAN. ) );
#2102 = SURFACE_STYLE_FILL_AREA ( #2417 ) ;
#2103 =( LENGTH_UNIT ( ) NAMED_UNIT ( * ) SI_UNIT ( .MILLI., .METRE. ) );
#2104 = SURFACE_STYLE_USAGE ( .BOTH. , #3227 ) ;
#2105 = CARTESIAN_POINT ( 'NONE',  ( 0.9300000000000002709, -1.930000000000000160, 0.9500000000000002887 ) ) ;
#2106 = UNCERTAINTY_MEASURE_WITH_UNIT (LENGTH_MEASURE( 1.000000000000000082E-05 ), #3043, 'distance_accuracy_value', 'NONE');
#2107 = EDGE_CURVE ( 'NONE', #2027, #3868, #1342, .T. ) ;
#2108 = FILL_AREA_STYLE ('',( #4707 ) ) ;
#2109 = ORIENTED_EDGE ( 'NONE', *, *, #4188, .F. ) ;
#2110 = ORIENTED_EDGE ( 'NONE', *, *, #2655, .F. ) ;
#2111 = DIRECTION ( 'NONE',  ( 1.000000000000000000, 0.0000000000000000000, 0.0000000000000000000 ) ) ;
#2112 = LINE ( 'NONE', #2199, #2414 ) ;
#2113 = DIRECTION ( 'NONE',  ( 1.000000000000000000, -0.0000000000000000000, 0.0000000000000000000 ) ) ;
#2114 = CARTESIAN_POINT ( 'NONE',  ( -0.5999999999999999778, 0.8800000000000000044, 0.1050000000000000100 ) ) ;
#2115 = UNCERTAINTY_MEASURE_WITH_UNIT (LENGTH_MEASURE( 1.000000000000000082E-05 ), #1726, 'distance_accuracy_value', 'NONE');
#2116 = VECTOR ( 'NONE', #773, 1000.000000000000000 ) ;
#2117 = ORIENTED_EDGE ( 'NONE', *, *, #1307, .F. ) ;
#2118 = DIRECTION ( 'NONE',  ( 1.000000000000000000, 0.0000000000000000000, 0.0000000000000000000 ) ) ;
#2119 = PRESENTATION_LAYER_ASSIGNMENT (  '', '', ( #223 ) ) ;
#2120 = CARTESIAN_POINT ( 'NONE',  ( -0.5000000000000000000, -0.2750000000000000777, 0.1000000000000000056 ) ) ;
#2121 = LINE ( 'NONE', #1359, #104 ) ;
#2122 = DIRECTION ( 'NONE',  ( -1.000000000000000000, -0.0000000000000000000, -0.0000000000000000000 ) ) ;
#2123 = COLOUR_RGB ( '',0.8470588235294117530, 0.6901960784313725394, 0.2196078431372548989 ) ;
#2124 = LINE ( 'NONE', #4699, #3568 ) ;
#2125 = EDGE_CURVE ( 'NONE', #3697, #2304, #1808, .T. ) ;
#2126 = DIRECTION ( 'NONE',  ( 0.0000000000000000000, -0.0000000000000000000, -1.000000000000000000 ) ) ;
#2127 = FILL_AREA_STYLE ('',( #4626 ) ) ;
#2128 = EDGE_CURVE ( 'NONE', #827, #2433, #949, .T. ) ;
#2129 = LINE ( 'NONE', #611, #2786 ) ;
#2130 = SURFACE_SIDE_STYLE ('',( #1651 ) ) ;
#2131 = VERTEX_POINT ( 'NONE', #3253 ) ;
#2132 = PRESENTATION_LAYER_ASSIGNMENT (  '', '', ( #2745 ) ) ;
#2133 = DIRECTION ( 'NONE',  ( -0.0000000000000000000, -0.0000000000000000000, -1.000000000000000000 ) ) ;
#2134 = SURFACE_SIDE_STYLE ('',( #1377 ) ) ;
#2135 = EDGE_CURVE ( 'NONE', #2614, #2087, #1019, .T. ) ;
#2136 = CARTESIAN_POINT ( 'NONE',  ( -1.105735931288071239, 1.929999999999999716, 0.9499999999999999556 ) ) ;
#2137 = SURFACE_STYLE_FILL_AREA ( #2785 ) ;
#2138 = VERTEX_POINT ( 'NONE', #1004 ) ;
#2139 = CARTESIAN_POINT ( 'NONE',  ( 0.5999999999999999778, 1.620000000000000107, 0.0000000000000000000 ) ) ;
#2140 = ORIENTED_EDGE ( 'NONE', *, *, #4417, .F. ) ;
#2141 = DIRECTION ( 'NONE',  ( -0.0000000000000000000, -0.0000000000000000000, -1.000000000000000000 ) ) ;
#2142 = PLANE ( 'NONE',  #1528 ) ;
#2143 = DIRECTION ( 'NONE',  ( -0.0000000000000000000, 1.000000000000000000, 0.0000000000000000000 ) ) ;
#2144 = VERTEX_POINT ( 'NONE', #4660 ) ;
#2145 = SURFACE_SIDE_STYLE ('',( #3594 ) ) ;
#2146 = DIRECTION ( 'NONE',  ( 0.0000000000000000000, 0.0000000000000000000, 1.000000000000000000 ) ) ;
#2147 = FILL_AREA_STYLE_COLOUR ( '', #968 ) ;
#2148 = AXIS2_PLACEMENT_3D ( 'NONE', #4156, #1141, #1596 ) ;
#2149 = UNCERTAINTY_MEASURE_WITH_UNIT (LENGTH_MEASURE( 1.000000000000000082E-05 ), #574, 'distance_accuracy_value', 'NONE');
#2150 = STYLED_ITEM ( 'NONE', ( #3716 ), #900 ) ;
#2151 = ADVANCED_FACE ( 'NONE', ( #4734 ), #2891, .T. ) ;
#2152 = ORIENTED_EDGE ( 'NONE', *, *, #1256, .F. ) ;
#2153 = PRESENTATION_LAYER_ASSIGNMENT (  '', '', ( #183 ) ) ;
#2154 = ORIENTED_EDGE ( 'NONE', *, *, #1096, .T. ) ;
#2155 = FILL_AREA_STYLE ('',( #637 ) ) ;
#2156 = DIRECTION ( 'NONE',  ( 0.0000000000000000000, 0.0000000000000000000, -1.000000000000000000 ) ) ;
#2157 =( NAMED_UNIT ( * ) PLANE_ANGLE_UNIT ( ) SI_UNIT ( $, .RADIAN. ) );
#2158 = CARTESIAN_POINT ( 'NONE',  ( -0.5000000000000000000, 0.2750000000000000777, 0.1069999999999999979 ) ) ;
#2159 = DIRECTION ( 'NONE',  ( -0.0000000000000000000, -0.0000000000000000000, -1.000000000000000000 ) ) ;
#2160 = COLOUR_RGB ( '',0.8470588235294117530, 0.6901960784313725394, 0.2196078431372548989 ) ;
#2161 = DIRECTION ( 'NONE',  ( 1.000000000000000000, 0.0000000000000000000, 0.0000000000000000000 ) ) ;
#2162 = ORIENTED_EDGE ( 'NONE', *, *, #353, .T. ) ;
#2163 =( NAMED_UNIT ( * ) SI_UNIT ( $, .STERADIAN. ) SOLID_ANGLE_UNIT ( ) );
#2164 = PRESENTATION_LAYER_ASSIGNMENT (  '', '', ( #2851 ) ) ;
#2165 = ADVANCED_FACE ( 'NONE', ( #2075 ), #975, .T. ) ;
#2166 = ORIENTED_EDGE ( 'NONE', *, *, #2908, .T. ) ;
#2167 = COLOUR_RGB ( '',0.8470588235294117530, 0.6901960784313725394, 0.2196078431372548989 ) ;
#2168 = FACE_BOUND ( 'NONE', #2589, .T. ) ;
#2169 = CARTESIAN_POINT ( 'NONE',  ( -1.508999999999999897, -1.625000000000000222, 0.1090000000000000135 ) ) ;
#2170 = MECHANICAL_DESIGN_GEOMETRIC_PRESENTATION_REPRESENTATION (  '', ( #4557 ), #2862 ) ;
#2171 = SURFACE_SIDE_STYLE ('',( #4405 ) ) ;
#2172 = DIRECTION ( 'NONE',  ( -1.000000000000000000, 0.0000000000000000000, -0.0000000000000000000 ) ) ;
#2173 = COLOUR_RGB ( '',0.8470588235294117530, 0.6901960784313725394, 0.2196078431372548989 ) ;
#2174 = ORIENTED_EDGE ( 'NONE', *, *, #2578, .T. ) ;
#2175 = FACE_OUTER_BOUND ( 'NONE', #1619, .T. ) ;
#2176 = AXIS2_PLACEMENT_3D ( 'NONE', #2193, #4776, #3761 ) ;
#2177 = STYLED_ITEM ( 'NONE', ( #525 ), #3047 ) ;
#2178 = EDGE_CURVE ( 'NONE', #397, #2324, #422, .T. ) ;
#2179 = LINE ( 'NONE', #1010, #513 ) ;
#2180 = SURFACE_STYLE_FILL_AREA ( #1031 ) ;
#2181 = SURFACE_STYLE_USAGE ( .BOTH. , #2274 ) ;
#2182 = PLANE ( 'NONE',  #2267 ) ;
#2183 = ORIENTED_EDGE ( 'NONE', *, *, #2062, .T. ) ;
#2184 = EDGE_CURVE ( 'NONE', #1636, #2525, #1866, .T. ) ;
#2185 = VECTOR ( 'NONE', #2613, 1000.000000000000000 ) ;
#2186 = MECHANICAL_DESIGN_GEOMETRIC_PRESENTATION_REPRESENTATION (  '', ( #913 ), #1391 ) ;
#2187 = EDGE_LOOP ( 'NONE', ( #2901, #3442, #2954, #4597 ) ) ;
#2188 = AXIS2_PLACEMENT_3D ( 'NONE', #542, #1333, #4313 ) ;
#2189 = ADVANCED_FACE ( 'NONE', ( #1844 ), #1538, .F. ) ;
#2190 = DIRECTION ( 'NONE',  ( -1.000000000000000000, 0.0000000000000000000, -0.0000000000000000000 ) ) ;
#2191 = MECHANICAL_DESIGN_GEOMETRIC_PRESENTATION_REPRESENTATION (  '', ( #3194 ), #69 ) ;
#2192 = DIRECTION ( 'NONE',  ( 1.000000000000000000, 0.0000000000000000000, -0.0000000000000000000 ) ) ;
#2193 = CARTESIAN_POINT ( 'NONE',  ( 1.508999999999999897, 1.616000000000000103, 0.0000000000000000000 ) ) ;
#2194 = PRESENTATION_STYLE_ASSIGNMENT (( #320 ) ) ;
#2195 = DIRECTION ( 'NONE',  ( 0.0000000000000000000, -1.000000000000000000, -0.0000000000000000000 ) ) ;
#2196 = LINE ( 'NONE', #2936, #2843 ) ;
#2197 = SURFACE_STYLE_FILL_AREA ( #324 ) ;
#2198 =( REPRESENTATION_RELATIONSHIP ('NONE','NONE', #4678, #1152 ) REPRESENTATION_RELATIONSHIP_WITH_TRANSFORMATION ( #2897 )SHAPE_REPRESENTATION_RELATIONSHIP( ) );
#2199 = CARTESIAN_POINT ( 'NONE',  ( 0.9300000000000000488, 5.402499999999999858, 0.9500000000000000666 ) ) ;
#2200 = DIRECTION ( 'NONE',  ( -0.0000000000000000000, -1.000000000000000000, 0.0000000000000000000 ) ) ;
#2201 = FILL_AREA_STYLE_COLOUR ( '', #873 ) ;
#2202 =( LENGTH_UNIT ( ) NAMED_UNIT ( * ) SI_UNIT ( .MILLI., .METRE. ) );
#2204 = EDGE_CURVE ( 'NONE', #2671, #3817, #2960, .T. ) ;
#2203 = LINE ( 'NONE', #2139, #4059 ) ;
#2205 = ORIENTED_EDGE ( 'NONE', *, *, #4137, .F. ) ;
#2206 = SURFACE_SIDE_STYLE ('',( #3615 ) ) ;
#2207 = SURFACE_STYLE_FILL_AREA ( #2090 ) ;
#2208 =( GEOMETRIC_REPRESENTATION_CONTEXT ( 3 ) GLOBAL_UNCERTAINTY_ASSIGNED_CONTEXT ( ( #4012 ) ) GLOBAL_UNIT_ASSIGNED_CONTEXT ( ( #3146, #1745, #1285 ) ) REPRESENTATION_CONTEXT ( 'NONE', 'WORKASPACE' ) );
#2209 = DIRECTION ( 'NONE',  ( 1.000000000000000000, 0.0000000000000000000, 0.0000000000000000000 ) ) ;
#2210 = DIRECTION ( 'NONE',  ( -1.000000000000000000, -0.0000000000000000000, -0.0000000000000000000 ) ) ;
#2211 = ORIENTED_EDGE ( 'NONE', *, *, #288, .T. ) ;
#2212 = PLANE ( 'NONE',  #3572 ) ;
#2213 = DIRECTION ( 'NONE',  ( -0.0000000000000000000, -0.0000000000000000000, 1.000000000000000000 ) ) ;
#2214 = FILL_AREA_STYLE ('',( #3995 ) ) ;
#2215 =( LENGTH_UNIT ( ) NAMED_UNIT ( * ) SI_UNIT ( .MILLI., .METRE. ) );
#2216 = DIRECTION ( 'NONE',  ( -0.0000000000000000000, 1.000000000000000000, 0.0000000000000000000 ) ) ;
#2217 = FILL_AREA_STYLE ('',( #4431 ) ) ;
#2218 = LINE ( 'NONE', #3694, #802 ) ;
#2219 = CARTESIAN_POINT ( 'NONE',  ( 1.500000000000000000, 1.524999999999999911, 0.09999999999999999167 ) ) ;
#2220 = ADVANCED_FACE ( 'NONE', ( #3362 ), #2621, .T. ) ;
#2221 = AXIS2_PLACEMENT_3D ( 'NONE', #2114, #3932, #164 ) ;
#2222 = ORIENTED_EDGE ( 'NONE', *, *, #4815, .F. ) ;
#2223 = COLOUR_RGB ( '',0.8470588235294117530, 0.6901960784313725394, 0.2196078431372548989 ) ;
#2224 = LINE ( 'NONE', #4513, #117 ) ;
#2225 = VECTOR ( 'NONE', #3962, 1000.000000000000000 ) ;
#2226 = COLOUR_RGB ( '',0.8470588235294117530, 0.6901960784313725394, 0.2196078431372548989 ) ;
#2227 = FILL_AREA_STYLE_COLOUR ( '', #1836 ) ;
#2228 = PRESENTATION_STYLE_ASSIGNMENT (( #356 ) ) ;
#2229 = VERTEX_POINT ( 'NONE', #3515 ) ;
#2230 = AXIS2_PLACEMENT_3D ( 'NONE', #2507, #4329, #2814 ) ;
#2231 = PRESENTATION_LAYER_ASSIGNMENT (  '', '', ( #1269 ) ) ;
#2232 = ORIENTED_EDGE ( 'NONE', *, *, #1018, .T. ) ;
#2233 = CARTESIAN_POINT ( 'NONE',  ( 1.500000000000000000, 0.2750000000000000777, 0.3499999999999999778 ) ) ;
#2234 = ADVANCED_FACE ( 'NONE', ( #3102 ), #849, .T. ) ;
#2235 = CIRCLE ( 'NONE', #1280, 0.3000000000000000444 ) ;
#2236 = LINE ( 'NONE', #1865, #4751 ) ;
#2237 = AXIS2_PLACEMENT_3D ( 'NONE', #2983, #1114, #3744 ) ;
#2238 = CARTESIAN_POINT ( 'NONE',  ( -1.397000000000000020, -2.230000000000000426, 0.4000000000000000222 ) ) ;
#2239 = FILL_AREA_STYLE ('',( #720 ) ) ;
#2240 =( NAMED_UNIT ( * ) PLANE_ANGLE_UNIT ( ) SI_UNIT ( $, .RADIAN. ) );
#2241 = SURFACE_STYLE_FILL_AREA ( #434 ) ;
#2242 = EDGE_CURVE ( 'NONE', #460, #2418, #533, .T. ) ;
#2243 =( NAMED_UNIT ( * ) PLANE_ANGLE_UNIT ( ) SI_UNIT ( $, .RADIAN. ) );
#2244 = PLANE ( 'NONE',  #1346 ) ;
#2245 = SURFACE_STYLE_USAGE ( .BOTH. , #726 ) ;
#2246 = ORIENTED_EDGE ( 'NONE', *, *, #3546, .F. ) ;
#2247 = FACE_OUTER_BOUND ( 'NONE', #4184, .T. ) ;
#2248 = ORIENTED_EDGE ( 'NONE', *, *, #2854, .T. ) ;
#2249 = PRESENTATION_LAYER_ASSIGNMENT (  '', '', ( #1059 ) ) ;
#2250 = FILL_AREA_STYLE_COLOUR ( '', #1625 ) ;
#2251 = FILL_AREA_STYLE ('',( #3773 ) ) ;
#2252 = FACE_OUTER_BOUND ( 'NONE', #3757, .T. ) ;
#2253 = PRESENTATION_LAYER_ASSIGNMENT (  '', '', ( #294 ) ) ;
#2254 = VECTOR ( 'NONE', #1322, 1000.000000000000000 ) ;
#2255 = ORIENTED_EDGE ( 'NONE', *, *, #423, .T. ) ;
#2256 = LINE ( 'NONE', #3733, #1224 ) ;
#2257 = EDGE_LOOP ( 'NONE', ( #1631, #3246, #44, #4640 ) ) ;
#2258 =( NAMED_UNIT ( * ) SI_UNIT ( $, .STERADIAN. ) SOLID_ANGLE_UNIT ( ) );
#2259 =( GEOMETRIC_REPRESENTATION_CONTEXT ( 3 ) GLOBAL_UNCERTAINTY_ASSIGNED_CONTEXT ( ( #2050 ) ) GLOBAL_UNIT_ASSIGNED_CONTEXT ( ( #416, #2325, #912 ) ) REPRESENTATION_CONTEXT ( 'NONE', 'WORKASPACE' ) );
#2260 = CARTESIAN_POINT ( 'NONE',  ( -1.500000000000000000, -0.8750000000000000000, 0.1090000000000000135 ) ) ;
#2261 = UNCERTAINTY_MEASURE_WITH_UNIT (LENGTH_MEASURE( 1.000000000000000082E-05 ), #4529, 'distance_accuracy_value', 'NONE');
#2262 = ORIENTED_EDGE ( 'NONE', *, *, #4433, .T. ) ;
#2263 = COLOUR_RGB ( '',0.8470588235294117530, 0.6901960784313725394, 0.2196078431372548989 ) ;
#2264 = ADVANCED_FACE ( 'NONE', ( #4528 ), #3862, .T. ) ;
#2265 =( NAMED_UNIT ( * ) SI_UNIT ( $, .STERADIAN. ) SOLID_ANGLE_UNIT ( ) );
#2266 = CARTESIAN_POINT ( 'NONE',  ( 1.105735931288071461, 2.032943725152286607, 0.9500000000000001776 ) ) ;
#2267 = AXIS2_PLACEMENT_3D ( 'NONE', #4744, #1383, #1767 ) ;
#2268 = DIRECTION ( 'NONE',  ( 1.000000000000000000, 0.0000000000000000000, -0.0000000000000000000 ) ) ;
#2269 = SURFACE_STYLE_USAGE ( .BOTH. , #3344 ) ;
#2270 = ORIENTED_EDGE ( 'NONE', *, *, #2066, .T. ) ;
#2271 = LINE ( 'NONE', #3743, #2116 ) ;
#2272 = CYLINDRICAL_SURFACE ( 'NONE', #420, 0.2999999999999999889 ) ;
#2273 =( NAMED_UNIT ( * ) PLANE_ANGLE_UNIT ( ) SI_UNIT ( $, .RADIAN. ) );
#2274 = SURFACE_SIDE_STYLE ('',( #310 ) ) ;
#2275 = SURFACE_SIDE_STYLE ('',( #3725 ) ) ;
#2276 = EDGE_CURVE ( 'NONE', #1621, #4191, #4379, .T. ) ;
#2277 = VERTEX_POINT ( 'NONE', #2068 ) ;
#2278 = FACE_OUTER_BOUND ( 'NONE', #3524, .T. ) ;
#2279 =( NAMED_UNIT ( * ) PLANE_ANGLE_UNIT ( ) SI_UNIT ( $, .RADIAN. ) );
#2280 = ORIENTED_EDGE ( 'NONE', *, *, #1849, .F. ) ;
#2281 = FILL_AREA_STYLE ('',( #2992 ) ) ;
#2282 = EDGE_LOOP ( 'NONE', ( #1188, #445, #2519, #1204 ) ) ;
#2283 = VECTOR ( 'NONE', #469, 1000.000000000000000 ) ;
#2284 = SURFACE_STYLE_USAGE ( .BOTH. , #1955 ) ;
#2285 = CARTESIAN_POINT ( 'NONE',  ( -1.510000000000000009, -1.524999999999999911, 0.1100000000000000006 ) ) ;
#2286 = ORIENTED_EDGE ( 'NONE', *, *, #1672, .F. ) ;
#2287 =( NAMED_UNIT ( * ) PLANE_ANGLE_UNIT ( ) SI_UNIT ( $, .RADIAN. ) );
#2288 = PRESENTATION_STYLE_ASSIGNMENT (( #226 ) ) ;
#2289 = CARTESIAN_POINT ( 'NONE',  ( 1.229999999999999538, 2.105735931288072127, 0.8257359312880714342 ) ) ;
#2290 = FILL_AREA_STYLE ('',( #4150 ) ) ;
#2291 = ORIENTED_EDGE ( 'NONE', *, *, #3613, .T. ) ;
#2292 = CARTESIAN_POINT ( 'NONE',  ( -1.500000000000000000, -0.9749999999999999778, 0.3499999999999999778 ) ) ;
#2293 = ADVANCED_FACE ( 'NONE', ( #3542 ), #270, .T. ) ;
#2294 = FILL_AREA_STYLE ('',( #923 ) ) ;
#2295 = SURFACE_STYLE_USAGE ( .BOTH. , #3354 ) ;
#2296 = DIRECTION ( 'NONE',  ( -1.000000000000000000, 0.0000000000000000000, 0.0000000000000000000 ) ) ;
#2297 = PRESENTATION_LAYER_ASSIGNMENT (  '', '', ( #1581 ) ) ;
#2298 =( GEOMETRIC_REPRESENTATION_CONTEXT ( 3 ) GLOBAL_UNCERTAINTY_ASSIGNED_CONTEXT ( ( #810 ) ) GLOBAL_UNIT_ASSIGNED_CONTEXT ( ( #348, #4494, #3302 ) ) REPRESENTATION_CONTEXT ( 'NONE', 'WORKASPACE' ) );
#2299 = DIRECTION ( 'NONE',  ( 0.0000000000000000000, 0.0000000000000000000, 1.000000000000000000 ) ) ;
#2300 = ADVANCED_FACE ( 'NONE', ( #4279 ), #3943, .T. ) ;
#2301 = VECTOR ( 'NONE', #1268, 1000.000000000000000 ) ;
#2302 = DIRECTION ( 'NONE',  ( 1.000000000000000000, 0.0000000000000000000, -0.0000000000000000000 ) ) ;
#2303 = MECHANICAL_DESIGN_GEOMETRIC_PRESENTATION_REPRESENTATION (  '', ( #264 ), #3454 ) ;
#2304 = VERTEX_POINT ( 'NONE', #2905 ) ;
#2305 =( LENGTH_UNIT ( ) NAMED_UNIT ( * ) SI_UNIT ( .MILLI., .METRE. ) );
#2306 = PLANE ( 'NONE',  #1781 ) ;
#2307 = COLOUR_RGB ( '',0.8470588235294117530, 0.6901960784313725394, 0.2196078431372548989 ) ;
#2308 = EDGE_CURVE ( 'NONE', #2845, #18, #1041, .T. ) ;
#2309 = PRESENTATION_LAYER_ASSIGNMENT (  '', '', ( #2921 ) ) ;
#2310 = PRESENTATION_LAYER_ASSIGNMENT (  '', '', ( #1189 ) ) ;
#2311 = LINE ( 'NONE', #4223, #4647 ) ;
#2312 = DIRECTION ( 'NONE',  ( 0.0000000000000000000, -0.0000000000000000000, -1.000000000000000000 ) ) ;
#2313 = VECTOR ( 'NONE', #1911, 1000.000000000000000 ) ;
#2314 = DIRECTION ( 'NONE',  ( 0.0000000000000000000, -0.0000000000000000000, -1.000000000000000000 ) ) ;
#2315 = ORIENTED_EDGE ( 'NONE', *, *, #4171, .T. ) ;
#2316 = EDGE_LOOP ( 'NONE', ( #2495, #884, #2603, #261 ) ) ;
#2317 = PRESENTATION_STYLE_ASSIGNMENT (( #1676 ) ) ;
#2318 = SURFACE_STYLE_USAGE ( .BOTH. , #1894 ) ;
#2319 = SURFACE_SIDE_STYLE ('',( #1895 ) ) ;
#2320 = SURFACE_STYLE_FILL_AREA ( #858 ) ;
#2321 =( GEOMETRIC_REPRESENTATION_CONTEXT ( 3 ) GLOBAL_UNCERTAINTY_ASSIGNED_CONTEXT ( ( #4438 ) ) GLOBAL_UNIT_ASSIGNED_CONTEXT ( ( #1470, #693, #2265 ) ) REPRESENTATION_CONTEXT ( 'NONE', 'WORKASPACE' ) );
#2322 = VERTEX_POINT ( 'NONE', #4042 ) ;
#2323 = SURFACE_SIDE_STYLE ('',( #779 ) ) ;
#2324 = VERTEX_POINT ( 'NONE', #3358 ) ;
#2325 =( NAMED_UNIT ( * ) PLANE_ANGLE_UNIT ( ) SI_UNIT ( $, .RADIAN. ) );
#2326 = CARTESIAN_POINT ( 'NONE',  ( -0.5999999999999999778, -0.8750000000000000000, 0.0000000000000000000 ) ) ;
#2327 = EDGE_CURVE ( 'NONE', #1098, #1302, #3687, .T. ) ;
#2328 = MECHANICAL_DESIGN_GEOMETRIC_PRESENTATION_REPRESENTATION (  '', ( #734 ), #3564 ) ;
#2329 = DIRECTION ( 'NONE',  ( -0.0000000000000000000, -1.000000000000000000, 0.0000000000000000000 ) ) ;
#2330 = ORIENTED_EDGE ( 'NONE', *, *, #43, .F. ) ;
#2331 = LINE ( 'NONE', #1978, #2708 ) ;
#2332 = FILL_AREA_STYLE ('',( #95 ) ) ;
#2333 =( GEOMETRIC_REPRESENTATION_CONTEXT ( 3 ) GLOBAL_UNCERTAINTY_ASSIGNED_CONTEXT ( ( #2106 ) ) GLOBAL_UNIT_ASSIGNED_CONTEXT ( ( #3043, #2724, #1644 ) ) REPRESENTATION_CONTEXT ( 'NONE', 'WORKASPACE' ) );
#2334 = CARTESIAN_POINT ( 'NONE',  ( -1.500000000000000000, 2.225000000000000089, 0.3499999999999999778 ) ) ;
#2335 = COLOUR_RGB ( '',0.8470588235294117530, 0.6901960784313725394, 0.2196078431372548989 ) ;
#2336 = AXIS2_PLACEMENT_3D ( 'NONE', #285, #2141, #2118 ) ;
#2337 = EDGE_CURVE ( 'NONE', #865, #482, #4485, .T. ) ;
#2338 = SURFACE_SIDE_STYLE ('',( #3128 ) ) ;
#2339 = LINE ( 'NONE', #2440, #906 ) ;
#2340 = VECTOR ( 'NONE', #2302, 1000.000000000000000 ) ;
#2341 = CARTESIAN_POINT ( 'NONE',  ( -1.500000000000000000, -2.225000000000000089, 0.3499999999999999778 ) ) ;
#2342 = PRESENTATION_STYLE_ASSIGNMENT (( #1567 ) ) ;
#2343 = VERTEX_POINT ( 'NONE', #361 ) ;
#2344 = VERTEX_POINT ( 'NONE', #2996 ) ;
#2345 = STYLED_ITEM ( 'NONE', ( #1521 ), #4331 ) ;
#2346 = CARTESIAN_POINT ( 'NONE',  ( 0.4000000000000000777, 1.649999999999999911, 0.7500000000000000000 ) ) ;
#2347 = UNCERTAINTY_MEASURE_WITH_UNIT (LENGTH_MEASURE( 1.000000000000000082E-05 ), #680, 'distance_accuracy_value', 'NONE');
#2348 = CARTESIAN_POINT ( 'NONE',  ( 0.9300000000000000488, 2.230000000000000426, 0.4000000000000001332 ) ) ;
#2349 = AXIS2_PLACEMENT_3D ( 'NONE', #4389, #1048, #306 ) ;
#2350 = ORIENTED_EDGE ( 'NONE', *, *, #1395, .F. ) ;
#2351 = FILL_AREA_STYLE ('',( #4538 ) ) ;
#2352 = VERTEX_POINT ( 'NONE', #2974 ) ;
#2353 = DIRECTION ( 'NONE',  ( -1.000000000000000000, 0.0000000000000000000, 0.0000000000000000000 ) ) ;
#2354 = DIRECTION ( 'NONE',  ( -0.0000000000000000000, 1.000000000000000000, 0.0000000000000000000 ) ) ;
#2355 = CARTESIAN_POINT ( 'NONE',  ( 1.350000000000000089, -2.250000000000000444, 0.3999999999999999667 ) ) ;
#2356 = VERTEX_POINT ( 'NONE', #2577 ) ;
#2357 = LINE ( 'NONE', #3827, #2340 ) ;
#2358 = ORIENTED_EDGE ( 'NONE', *, *, #3359, .T. ) ;
#2359 = PRESENTATION_STYLE_ASSIGNMENT (( #4069 ) ) ;
#2360 = LINE ( 'NONE', #3886, #4793 ) ;
#2361 = VECTOR ( 'NONE', #4800, 1000.000000000000000 ) ;
#2362 = LINE ( 'NONE', #2644, #3076 ) ;
#2363 =( LENGTH_UNIT ( ) NAMED_UNIT ( * ) SI_UNIT ( .MILLI., .METRE. ) );
#2364 = SURFACE_STYLE_FILL_AREA ( #150 ) ;
#2365 = DIRECTION ( 'NONE',  ( 1.000000000000000000, 0.0000000000000000000, 0.0000000000000000000 ) ) ;
#2366 = LINE ( 'NONE', #3463, #4326 ) ;
#2367 = ORIENTED_EDGE ( 'NONE', *, *, #107, .F. ) ;
#2368 = EDGE_LOOP ( 'NONE', ( #2757, #1756, #3209, #1858 ) ) ;
#2369 = FILL_AREA_STYLE_COLOUR ( '', #640 ) ;
#2370 = ADVANCED_FACE ( 'NONE', ( #1861 ), #19, .T. ) ;
#2371 = LINE ( 'NONE', #4589, #408 ) ;
#2372 = ORIENTED_EDGE ( 'NONE', *, *, #1416, .T. ) ;
#2373 = ORIENTED_EDGE ( 'NONE', *, *, #1426, .T. ) ;
#2374 = CARTESIAN_POINT ( 'NONE',  ( 0.5000000000000000000, -1.524999999999999911, 0.09999999999999985290 ) ) ;
#2375 = ORIENTED_EDGE ( 'NONE', *, *, #3541, .T. ) ;
#2376 = CARTESIAN_POINT ( 'NONE',  ( -1.229999999999999982, -2.230000000000000426, 0.9499999999999999556 ) ) ;
#2377 = CARTESIAN_POINT ( 'NONE',  ( -1.500000000000000000, 2.500000000000000000, 0.2999999999999999889 ) ) ;
#2378 = DIRECTION ( 'NONE',  ( 0.0000000000000000000, 0.0000000000000000000, -1.000000000000000000 ) ) ;
#2379 = VERTEX_POINT ( 'NONE', #385 ) ;
#2380 = ORIENTED_EDGE ( 'NONE', *, *, #3218, .F. ) ;
#2381 = DIRECTION ( 'NONE',  ( -1.000000000000000000, 0.0000000000000000000, -0.0000000000000000000 ) ) ;
#2382 = CARTESIAN_POINT ( 'NONE',  ( -1.250000000000000000, 2.250000000000000444, 0.2999999999999999334 ) ) ;
#2383 = FILL_AREA_STYLE ('',( #4579 ) ) ;
#2384 = EDGE_CURVE ( 'NONE', #1376, #506, #1886, .T. ) ;
#2385 = VECTOR ( 'NONE', #1686, 1000.000000000000000 ) ;
#2386 = COLOUR_RGB ( '',0.8470588235294117530, 0.6901960784313725394, 0.2196078431372548989 ) ;
#2387 = CARTESIAN_POINT ( 'NONE',  ( -1.508999999999999897, 2.125000000000000000, 0.0000000000000000000 ) ) ;
#2388 = EDGE_CURVE ( 'NONE', #4564, #4760, #671, .T. ) ;
#2389 = DIRECTION ( 'NONE',  ( 1.000000000000000000, 0.0000000000000000000, -0.0000000000000000000 ) ) ;
#2390 = FILL_AREA_STYLE_COLOUR ( '', #1794 ) ;
#2391 = DIRECTION ( 'NONE',  ( 1.000000000000000000, 0.0000000000000000000, 0.0000000000000000000 ) ) ;
#2392 = FILL_AREA_STYLE ('',( #2749 ) ) ;
#2393 = VERTEX_POINT ( 'NONE', #3293 ) ;
#2394 = ORIENTED_EDGE ( 'NONE', *, *, #4596, .T. ) ;
#2395 = EDGE_CURVE ( 'NONE', #374, #2304, #2642, .T. ) ;
#2396 = VECTOR ( 'NONE', #817, 1000.000000000000000 ) ;
#2397 = CARTESIAN_POINT ( 'NONE',  ( 0.9299999999999997158, -2.230000000000000426, 0.8257359312880717672 ) ) ;
#2398 = UNCERTAINTY_MEASURE_WITH_UNIT (LENGTH_MEASURE( 1.000000000000000082E-05 ), #3592, 'distance_accuracy_value', 'NONE');
#2399 =( NAMED_UNIT ( * ) SI_UNIT ( $, .STERADIAN. ) SOLID_ANGLE_UNIT ( ) );
#2400 = VERTEX_POINT ( 'NONE', #4221 ) ;
#2401 = ORIENTED_EDGE ( 'NONE', *, *, #2454, .F. ) ;
#2402 = AXIS2_PLACEMENT_3D ( 'NONE', #2628, #4113, #1548 ) ;
#2403 = EDGE_CURVE ( 'NONE', #1774, #1636, #4505, .T. ) ;
#2404 = CARTESIAN_POINT ( 'NONE',  ( -0.9299999999999998268, -1.930000000000000160, 0.6500000000000001332 ) ) ;
#2405 = PLANE ( 'NONE',  #4245 ) ;
#2406 = PRESENTATION_LAYER_ASSIGNMENT (  '', '', ( #3318 ) ) ;
#2407 = ORIENTED_EDGE ( 'NONE', *, *, #3947, .T. ) ;
#2408 = ORIENTED_EDGE ( 'NONE', *, *, #4569, .T. ) ;
#2409 =( NAMED_UNIT ( * ) SI_UNIT ( $, .STERADIAN. ) SOLID_ANGLE_UNIT ( ) );
#2410 = VECTOR ( 'NONE', #1909, 1000.000000000000000 ) ;
#2411 = COLOUR_RGB ( '',0.8470588235294117530, 0.6901960784313725394, 0.2196078431372548989 ) ;
#2412 = LINE ( 'NONE', #169, #2091 ) ;
#2413 =( GEOMETRIC_REPRESENTATION_CONTEXT ( 3 ) GLOBAL_UNCERTAINTY_ASSIGNED_CONTEXT ( ( #951 ) ) GLOBAL_UNIT_ASSIGNED_CONTEXT ( ( #2099, #1728, #3646 ) ) REPRESENTATION_CONTEXT ( 'NONE', 'WORKASPACE' ) );
#2414 = VECTOR ( 'NONE', #2849, 1000.000000000000000 ) ;
#2415 =( GEOMETRIC_REPRESENTATION_CONTEXT ( 3 ) GLOBAL_UNCERTAINTY_ASSIGNED_CONTEXT ( ( #3602 ) ) GLOBAL_UNIT_ASSIGNED_CONTEXT ( ( #1797, #2590, #1879 ) ) REPRESENTATION_CONTEXT ( 'NONE', 'WORKASPACE' ) );
#2416 = EDGE_CURVE ( 'NONE', #4182, #4443, #2715, .T. ) ;
#2417 = FILL_AREA_STYLE ('',( #4255 ) ) ;
#2418 = VERTEX_POINT ( 'NONE', #46 ) ;
#2419 = CARTESIAN_POINT ( 'NONE',  ( 1.550000000000000266, -0.9749999999999999778, 0.0000000000000000000 ) ) ;
#2420 =( GEOMETRIC_REPRESENTATION_CONTEXT ( 3 ) GLOBAL_UNCERTAINTY_ASSIGNED_CONTEXT ( ( #2643 ) ) GLOBAL_UNIT_ASSIGNED_CONTEXT ( ( #2088, #3120, #2036 ) ) REPRESENTATION_CONTEXT ( 'NONE', 'WORKASPACE' ) );
#2421 =( GEOMETRIC_REPRESENTATION_CONTEXT ( 3 ) GLOBAL_UNCERTAINTY_ASSIGNED_CONTEXT ( ( #1248 ) ) GLOBAL_UNIT_ASSIGNED_CONTEXT ( ( #4375, #4419, #3682 ) ) REPRESENTATION_CONTEXT ( 'NONE', 'WORKASPACE' ) );
#2422 = FILL_AREA_STYLE ('',( #978 ) ) ;
#2423 = VERTEX_POINT ( 'NONE', #4247 ) ;
#2424 = ORIENTED_EDGE ( 'NONE', *, *, #2308, .T. ) ;
#2425 = AXIS2_PLACEMENT_3D ( 'NONE', #4615, #3954, #2781 ) ;
#2426 = PRESENTATION_LAYER_ASSIGNMENT (  '', '', ( #913 ) ) ;
#2427 = SURFACE_STYLE_USAGE ( .BOTH. , #909 ) ;
#2428 = ORIENTED_EDGE ( 'NONE', *, *, #3673, .F. ) ;
#2429 =( LENGTH_UNIT ( ) NAMED_UNIT ( * ) SI_UNIT ( .MILLI., .METRE. ) );
#2430 = LINE ( 'NONE', #1379, #3249 ) ;
#2431 = VECTOR ( 'NONE', #1813, 1000.000000000000000 ) ;
#2432 = EDGE_CURVE ( 'NONE', #2671, #4806, #498, .T. ) ;
#2433 = VERTEX_POINT ( 'NONE', #816 ) ;
#2434 = FILL_AREA_STYLE_COLOUR ( '', #3729 ) ;
#2435 = EDGE_LOOP ( 'NONE', ( #2019, #3269, #728, #1111 ) ) ;
#2436 =( NAMED_UNIT ( * ) PLANE_ANGLE_UNIT ( ) SI_UNIT ( $, .RADIAN. ) );
#2437 = EDGE_CURVE ( 'NONE', #157, #2618, #2360, .T. ) ;
#2438 = CARTESIAN_POINT ( 'NONE',  ( 1.250000000000000000, -2.350000000000000089, 0.4270000000000000462 ) ) ;
#2439 = FILL_AREA_STYLE ('',( #2509 ) ) ;
#2440 = CARTESIAN_POINT ( 'NONE',  ( -1.500000000000000000, 2.125000000000000000, 0.1090000000000000135 ) ) ;
#2441 = FILL_AREA_STYLE_COLOUR ( '', #4774 ) ;
#2442 = SURFACE_STYLE_USAGE ( .BOTH. , #632 ) ;
#2443 = DIRECTION ( 'NONE',  ( 1.000000000000000000, -0.0000000000000000000, 0.0000000000000000000 ) ) ;
#2444 = DIRECTION ( 'NONE',  ( 0.0000000000000000000, 1.000000000000000000, -0.0000000000000000000 ) ) ;
#2445 = UNCERTAINTY_MEASURE_WITH_UNIT (LENGTH_MEASURE( 1.000000000000000082E-05 ), #1820, 'distance_accuracy_value', 'NONE');
#2446 = DIRECTION ( 'NONE',  ( 1.000000000000000000, 0.0000000000000000000, -0.0000000000000000000 ) ) ;
#2447 = ORIENTED_EDGE ( 'NONE', *, *, #1486, .T. ) ;
#2448 = ORIENTED_EDGE ( 'NONE', *, *, #2578, .F. ) ;
#2449 = FILL_AREA_STYLE_COLOUR ( '', #2645 ) ;
#2450 = VERTEX_POINT ( 'NONE', #3833 ) ;
#2451 = DIRECTION ( 'NONE',  ( 0.0000000000000000000, 0.0000000000000000000, 1.000000000000000000 ) ) ;
#2452 =( NAMED_UNIT ( * ) PLANE_ANGLE_UNIT ( ) SI_UNIT ( $, .RADIAN. ) );
#2453 = FACE_OUTER_BOUND ( 'NONE', #4216, .T. ) ;
#2454 = EDGE_CURVE ( 'NONE', #231, #81, #2331, .T. ) ;
#2455 = FILL_AREA_STYLE_COLOUR ( '', #4153 ) ;
#2456 = SURFACE_SIDE_STYLE ('',( #4296 ) ) ;
#2457 = ORIENTED_EDGE ( 'NONE', *, *, #3349, .F. ) ;
#2458 = PLANE ( 'NONE',  #4269 ) ;
#2459 = CARTESIAN_POINT ( 'NONE',  ( 1.550000000000000266, -2.500000000000000000, 0.0000000000000000000 ) ) ;
#2460 = EDGE_CURVE ( 'NONE', #3447, #918, #867, .T. ) ;
#2461 =( NAMED_UNIT ( * ) PLANE_ANGLE_UNIT ( ) SI_UNIT ( $, .RADIAN. ) );
#2462 = FILL_AREA_STYLE_COLOUR ( '', #1435 ) ;
#2463 = MECHANICAL_DESIGN_GEOMETRIC_PRESENTATION_REPRESENTATION (  '', ( #2691 ), #4619 ) ;
#2464 = DIRECTION ( 'NONE',  ( 0.0000000000000000000, -1.000000000000000000, 0.0000000000000000000 ) ) ;
#2465 = EDGE_CURVE ( 'NONE', #3053, #2052, #845, .T. ) ;
#2466 = CARTESIAN_POINT ( 'NONE',  ( 0.5909999999999999698, -0.3750000000000000000, 0.0000000000000000000 ) ) ;
#2467 = PRESENTATION_LAYER_ASSIGNMENT (  '', '', ( #4612 ) ) ;
#2468 = FACE_OUTER_BOUND ( 'NONE', #998, .T. ) ;
#2469 = PRESENTATION_LAYER_ASSIGNMENT (  '', '', ( #4535 ) ) ;
#2470 = COLOUR_RGB ( '',0.8470588235294117530, 0.6901960784313725394, 0.2196078431372548989 ) ;
#2471 = FILL_AREA_STYLE ('',( #2512 ) ) ;
#2472 = SURFACE_STYLE_FILL_AREA ( #3576 ) ;
#2473 = AXIS2_PLACEMENT_3D ( 'NONE', #2675, #805, #2732 ) ;
#2474 = EDGE_LOOP ( 'NONE', ( #4271, #807, #4523, #485, #88, #2914, #2262, #2232 ) ) ;
#2475 = EDGE_LOOP ( 'NONE', ( #93, #3107, #2330, #31 ) ) ;
#2476 = DIRECTION ( 'NONE',  ( -0.0000000000000000000, -1.000000000000000000, -0.0000000000000000000 ) ) ;
#2477 = LINE ( 'NONE', #2499, #2952 ) ;
#2478 = CARTESIAN_POINT ( 'NONE',  ( 1.500000000000000000, -2.500000000000000000, 0.3499999999999999778 ) ) ;
#2479 = CARTESIAN_POINT ( 'NONE',  ( 1.229999999999999982, 1.930000000000000160, 0.9499999999999999556 ) ) ;
#2480 = DIRECTION ( 'NONE',  ( -0.0000000000000000000, -1.000000000000000000, -0.0000000000000000000 ) ) ;
#2481 =( GEOMETRIC_REPRESENTATION_CONTEXT ( 3 ) GLOBAL_UNCERTAINTY_ASSIGNED_CONTEXT ( ( #662 ) ) GLOBAL_UNIT_ASSIGNED_CONTEXT ( ( #4506, #2287, #1101 ) ) REPRESENTATION_CONTEXT ( 'NONE', 'WORKASPACE' ) );
#2482 = ORIENTED_EDGE ( 'NONE', *, *, #4696, .T. ) ;
#2483 = CARTESIAN_POINT ( 'NONE',  ( 1.550000000000000266, -1.524999999999999911, 0.0000000000000000000 ) ) ;
#2484 = CARTESIAN_POINT ( 'NONE',  ( -0.5999999999999999778, 1.514999999999999902, 0.1000000000000000056 ) ) ;
#2485 = SURFACE_STYLE_FILL_AREA ( #3939 ) ;
#2486 = CARTESIAN_POINT ( 'NONE',  ( 0.5000000000000000000, -2.549999999999999822, 0.0000000000000000000 ) ) ;
#2487 = AXIS2_PLACEMENT_3D ( 'NONE', #3736, #3382, #1415 ) ;
#2488 = LINE ( 'NONE', #4656, #4090 ) ;
#2489 = EDGE_CURVE ( 'NONE', #2736, #4564, #2744, .T. ) ;
#2490 = VECTOR ( 'NONE', #16, 1000.000000000000000 ) ;
#2491 = AXIS2_PLACEMENT_3D ( 'NONE', #1983, #1614, #3487 ) ;
#2492 = VECTOR ( 'NONE', #3944, 1000.000000000000000 ) ;
#2493 = UNCERTAINTY_MEASURE_WITH_UNIT (LENGTH_MEASURE( 1.000000000000000082E-05 ), #947, 'distance_accuracy_value', 'NONE');
#2494 = ORIENTED_EDGE ( 'NONE', *, *, #2416, .F. ) ;
#2495 = ORIENTED_EDGE ( 'NONE', *, *, #1239, .F. ) ;
#2496 = DIRECTION ( 'NONE',  ( -0.0000000000000000000, -0.0000000000000000000, -1.000000000000000000 ) ) ;
#2497 = ORIENTED_EDGE ( 'NONE', *, *, #2073, .T. ) ;
#2498 = VECTOR ( 'NONE', #1046, 1000.000000000000000 ) ;
#2499 = CARTESIAN_POINT ( 'NONE',  ( 1.350000000000000089, 2.250000000000000444, 0.4470000000000000084 ) ) ;
#2500 = VECTOR ( 'NONE', #4323, 1000.000000000000000 ) ;
#2501 =( NAMED_UNIT ( * ) SI_UNIT ( $, .STERADIAN. ) SOLID_ANGLE_UNIT ( ) );
#2502 = FILL_AREA_STYLE ('',( #3140 ) ) ;
#2503 = LINE ( 'NONE', #259, #2385 ) ;
#2504 = VECTOR ( 'NONE', #3322, 1000.000000000000000 ) ;
#2505 = FILL_AREA_STYLE_COLOUR ( '', #1331 ) ;
#2506 =( GEOMETRIC_REPRESENTATION_CONTEXT ( 3 ) GLOBAL_UNCERTAINTY_ASSIGNED_CONTEXT ( ( #2445 ) ) GLOBAL_UNIT_ASSIGNED_CONTEXT ( ( #1820, #2852, #1076 ) ) REPRESENTATION_CONTEXT ( 'NONE', 'WORKASPACE' ) );
#2507 = CARTESIAN_POINT ( 'NONE',  ( -1.397000000000000020, -2.396999999999999797, 0.4000000000000000222 ) ) ;
#2508 = VERTEX_POINT ( 'NONE', #3808 ) ;
#2509 = FILL_AREA_STYLE_COLOUR ( '', #904 ) ;
#2510 = EDGE_CURVE ( 'NONE', #4495, #1082, #359, .T. ) ;
#2511 = DIRECTION ( 'NONE',  ( 1.000000000000000000, 0.0000000000000000000, 0.0000000000000000000 ) ) ;
#2512 = FILL_AREA_STYLE_COLOUR ( '', #3731 ) ;
#2513 = DIRECTION ( 'NONE',  ( 0.0000000000000000000, -1.000000000000000000, -0.0000000000000000000 ) ) ;
#2514 = CARTESIAN_POINT ( 'NONE',  ( 1.500000000000000000, -0.2750000000000000777, 0.3499999999999999778 ) ) ;
#2515 = ADVANCED_FACE ( 'NONE', ( #3124 ), #2306, .T. ) ;
#2516 = SURFACE_STYLE_USAGE ( .BOTH. , #1069 ) ;
#2517 = CARTESIAN_POINT ( 'NONE',  ( -1.500000000000000000, 0.2750000000000000777, 0.3499999999999999778 ) ) ;
#2518 = ORIENTED_EDGE ( 'NONE', *, *, #578, .T. ) ;
#2519 = ORIENTED_EDGE ( 'NONE', *, *, #2184, .F. ) ;
#2520 = LINE ( 'NONE', #3633, #3658 ) ;
#2521 = LINE ( 'NONE', #658, #1303 ) ;
#2522 = EDGE_CURVE ( 'NONE', #4168, #1376, #552, .T. ) ;
#2523 = FILL_AREA_STYLE_COLOUR ( '', #2411 ) ;
#2524 = PLANE ( 'NONE',  #2979 ) ;
#2525 = VERTEX_POINT ( 'NONE', #2120 ) ;
#2526 =( LENGTH_UNIT ( ) NAMED_UNIT ( * ) SI_UNIT ( .MILLI., .METRE. ) );
#2527 = ORIENTED_EDGE ( 'NONE', *, *, #1660, .F. ) ;
#2528 = SURFACE_STYLE_USAGE ( .BOTH. , #963 ) ;
#2529 = ORIENTED_EDGE ( 'NONE', *, *, #418, .F. ) ;
#2530 = VECTOR ( 'NONE', #3062, 1000.000000000000000 ) ;
#2531 = DIRECTION ( 'NONE',  ( 0.0000000000000000000, 0.0000000000000000000, -1.000000000000000000 ) ) ;
#2532 = ADVANCED_FACE ( 'NONE', ( #2063 ), #193, .T. ) ;
#2533 = AXIS2_PLACEMENT_3D ( 'NONE', #1428, #1851, #2922 ) ;
#2534 = CARTESIAN_POINT ( 'NONE',  ( 0.9299999999999998268, -1.930000000000000160, 0.6500000000000001332 ) ) ;
#2535 = LINE ( 'NONE', #3652, #345 ) ;
#2536 = VECTOR ( 'NONE', #4778, 1000.000000000000000 ) ;
#2537 = CARTESIAN_POINT ( 'NONE',  ( 1.500000000000000000, -0.3750000000000000000, 0.09999999999999999167 ) ) ;
#2538 =( GEOMETRIC_REPRESENTATION_CONTEXT ( 3 ) GLOBAL_UNCERTAINTY_ASSIGNED_CONTEXT ( ( #916 ) ) GLOBAL_UNIT_ASSIGNED_CONTEXT ( ( #3782, #425, #1641 ) ) REPRESENTATION_CONTEXT ( 'NONE', 'WORKASPACE' ) );
#2539 = VERTEX_POINT ( 'NONE', #3199 ) ;
#2540 = SURFACE_STYLE_USAGE ( .BOTH. , #3260 ) ;
#2541 = SURFACE_STYLE_FILL_AREA ( #2155 ) ;
#2542 = CARTESIAN_POINT ( 'NONE',  ( -1.105735931288071683, 2.230000000000000426, 0.8257359312880714342 ) ) ;
#2543 = DIRECTION ( 'NONE',  ( -1.000000000000000000, 0.0000000000000000000, -0.0000000000000000000 ) ) ;
#2544 = VECTOR ( 'NONE', #3117, 1000.000000000000000 ) ;
#2545 = DIRECTION ( 'NONE',  ( 1.000000000000000000, 0.0000000000000000000, -0.0000000000000000000 ) ) ;
#2546 = UNCERTAINTY_MEASURE_WITH_UNIT (LENGTH_MEASURE( 1.000000000000000082E-05 ), #2884, 'distance_accuracy_value', 'NONE');
#2547 = STYLED_ITEM ( 'NONE', ( #1242 ), #1420 ) ;
#2548 = DIRECTION ( 'NONE',  ( 0.0000000000000000000, 0.0000000000000000000, 1.000000000000000000 ) ) ;
#2549 = EDGE_CURVE ( 'NONE', #2685, #827, #2092, .T. ) ;
#2550 = ORIENTED_EDGE ( 'NONE', *, *, #1084, .T. ) ;
#2551 = PRESENTATION_LAYER_ASSIGNMENT (  '', '', ( #3634 ) ) ;
#2552 = VECTOR ( 'NONE', #3081, 1000.000000000000000 ) ;
#2553 = SURFACE_SIDE_STYLE ('',( #1414 ) ) ;
#2554 = COLOUR_RGB ( '',0.8470588235294117530, 0.6901960784313725394, 0.2196078431372548989 ) ;
#2555 = FILL_AREA_STYLE ('',( #1510 ) ) ;
#2556 = VECTOR ( 'NONE', #764, 1000.000000000000000 ) ;
#2557 = DIRECTION ( 'NONE',  ( 0.0000000000000000000, 0.0000000000000000000, -1.000000000000000000 ) ) ;
#2558 = PRESENTATION_STYLE_ASSIGNMENT (( #4704 ) ) ;
#2559 = SURFACE_SIDE_STYLE ('',( #2935 ) ) ;
#2560 = ADVANCED_FACE ( 'NONE', ( #4273 ), #2142, .T. ) ;
#2561 = CARTESIAN_POINT ( 'NONE',  ( -0.5999999999999999778, -0.3699999999999999956, 0.0000000000000000000 ) ) ;
#2562 = MECHANICAL_DESIGN_GEOMETRIC_PRESENTATION_REPRESENTATION (  '', ( #593 ), #2636 ) ;
#2563 = CARTESIAN_POINT ( 'NONE',  ( 1.510000000000000009, 0.2750000000000000222, 0.1000000000000000056 ) ) ;
#2564 = PRESENTATION_LAYER_ASSIGNMENT (  '', '', ( #3011 ) ) ;
#2565 = DIRECTION ( 'NONE',  ( 0.0000000000000000000, 1.000000000000000000, 0.0000000000000000000 ) ) ;
#2566 = EDGE_CURVE ( 'NONE', #1904, #798, #2813, .T. ) ;
#2567 = STYLED_ITEM ( 'NONE', ( #1120 ), #3182 ) ;
#2568 = FACE_OUTER_BOUND ( 'NONE', #2782, .T. ) ;
#2569 = ORIENTED_EDGE ( 'NONE', *, *, #4596, .F. ) ;
#2570 = AXIS2_PLACEMENT_3D ( 'NONE', #4167, #1953, #3408 ) ;
#2571 = FILL_AREA_STYLE_COLOUR ( '', #1024 ) ;
#2572 =( GEOMETRIC_REPRESENTATION_CONTEXT ( 3 ) GLOBAL_UNCERTAINTY_ASSIGNED_CONTEXT ( ( #3256 ) ) GLOBAL_UNIT_ASSIGNED_CONTEXT ( ( #3790, #1570, #828 ) ) REPRESENTATION_CONTEXT ( 'NONE', 'WORKASPACE' ) );
#2573 = EDGE_CURVE ( 'NONE', #2324, #2987, #1057, .T. ) ;
#2574 = ORIENTED_EDGE ( 'NONE', *, *, #2107, .T. ) ;
#2575 = PRESENTATION_LAYER_ASSIGNMENT (  '', '', ( #4655 ) ) ;
#2576 =( NAMED_UNIT ( * ) SI_UNIT ( $, .STERADIAN. ) SOLID_ANGLE_UNIT ( ) );
#2577 = CARTESIAN_POINT ( 'NONE',  ( -0.9300000000000000488, -2.230000000000000426, 0.6500000000000000222 ) ) ;
#2578 = EDGE_CURVE ( 'NONE', #1302, #4806, #1458, .T. ) ;
#2579 = FILL_AREA_STYLE ('',( #1471 ) ) ;
#2580 =( NAMED_UNIT ( * ) PLANE_ANGLE_UNIT ( ) SI_UNIT ( $, .RADIAN. ) );
#2581 = CARTESIAN_POINT ( 'NONE',  ( -0.5000000000000000000, 0.2750000000000000777, 0.0000000000000000000 ) ) ;
#2582 = DIRECTION ( 'NONE',  ( -0.0000000000000000000, -0.0000000000000000000, 1.000000000000000000 ) ) ;
#2583 = CARTESIAN_POINT ( 'NONE',  ( -1.550000000000000266, -2.350000000000000089, 0.2999999999999999889 ) ) ;
#2584 = ORIENTED_EDGE ( 'NONE', *, *, #2178, .T. ) ;
#2585 = CARTESIAN_POINT ( 'NONE',  ( -1.508999999999999897, -0.3750000000000000000, 0.1090000000000000135 ) ) ;
#2586 = UNCERTAINTY_MEASURE_WITH_UNIT (LENGTH_MEASURE( 1.000000000000000082E-05 ), #1155, 'distance_accuracy_value', 'NONE');
#2587 = FILL_AREA_STYLE ('',( #3702 ) ) ;
#2588 = DIRECTION ( 'NONE',  ( 1.000000000000000000, 0.0000000000000000000, -0.0000000000000000000 ) ) ;
#2589 = EDGE_LOOP ( 'NONE', ( #627, #3755, #1172, #313, #456, #1532, #2154, #190 ) ) ;
#2590 =( NAMED_UNIT ( * ) PLANE_ANGLE_UNIT ( ) SI_UNIT ( $, .RADIAN. ) );
#2591 = ADVANCED_FACE ( 'NONE', ( #3683 ), #1799, .F. ) ;
#2592 = DIRECTION ( 'NONE',  ( -1.000000000000000000, 0.0000000000000000000, 0.0000000000000000000 ) ) ;
#2593 = EDGE_LOOP ( 'NONE', ( #3470, #3933 ) ) ;
#2594 = EDGE_CURVE ( 'NONE', #106, #4387, #1604, .T. ) ;
#2595 = UNCERTAINTY_MEASURE_WITH_UNIT (LENGTH_MEASURE( 1.000000000000000082E-05 ), #2920, 'distance_accuracy_value', 'NONE');
#2596 = ADVANCED_FACE ( 'NONE', ( #3089 ), #3404, .T. ) ;
#2597 =( NAMED_UNIT ( * ) SI_UNIT ( $, .STERADIAN. ) SOLID_ANGLE_UNIT ( ) );
#2598 = CARTESIAN_POINT ( 'NONE',  ( 0.6500000000000001332, 1.649999999999999911, 0.7500000000000000000 ) ) ;
#2599 = PLANE ( 'NONE',  #2570 ) ;
#2600 =( NAMED_UNIT ( * ) SI_UNIT ( $, .STERADIAN. ) SOLID_ANGLE_UNIT ( ) );
#2601 = FACE_OUTER_BOUND ( 'NONE', #1658, .T. ) ;
#2602 = PRESENTATION_STYLE_ASSIGNMENT (( #1515 ) ) ;
#2603 = ORIENTED_EDGE ( 'NONE', *, *, #1807, .F. ) ;
#2604 = LINE ( 'NONE', #4091, #3536 ) ;
#2605 = DIRECTION ( 'NONE',  ( 0.0000000000000000000, 0.0000000000000000000, -1.000000000000000000 ) ) ;
#2606 = ORIENTED_EDGE ( 'NONE', *, *, #11, .F. ) ;
#2607 = CARTESIAN_POINT ( 'NONE',  ( -0.5909999999999999698, 0.3750000000000000000, 0.1090000000000000135 ) ) ;
#2608 = AXIS2_PLACEMENT_3D ( 'NONE', #4210, #1996, #459 ) ;
#2609 = MECHANICAL_DESIGN_GEOMETRIC_PRESENTATION_REPRESENTATION (  '', ( #404 ), #1764 ) ;
#2610 =( LENGTH_UNIT ( ) NAMED_UNIT ( * ) SI_UNIT ( .MILLI., .METRE. ) );
#2611 = MECHANICAL_DESIGN_GEOMETRIC_PRESENTATION_REPRESENTATION (  '', ( #411 ), #109 ) ;
#2612 = PRODUCT_DEFINITION ( 'UNKNOWN', '', #4521, #966 ) ;
#2613 = DIRECTION ( 'NONE',  ( -0.0000000000000000000, -1.000000000000000000, 0.0000000000000000000 ) ) ;
#2614 = VERTEX_POINT ( 'NONE', #2377 ) ;
#2615 = PLANE ( 'NONE',  #911 ) ;
#2616 = MECHANICAL_DESIGN_GEOMETRIC_PRESENTATION_REPRESENTATION (  '', ( #2851 ), #2481 ) ;
#2617 =( NAMED_UNIT ( * ) PLANE_ANGLE_UNIT ( ) SI_UNIT ( $, .RADIAN. ) );
#2618 = VERTEX_POINT ( 'NONE', #3475 ) ;
#2619 = LINE ( 'NONE', #1153, #1841 ) ;
#2620 = AXIS2_PLACEMENT_3D ( 'NONE', #2585, #2656, #1875 ) ;
#2621 = PLANE ( 'NONE',  #3084 ) ;
#2622 = COLOUR_RGB ( '',0.8470588235294117530, 0.6901960784313725394, 0.2196078431372548989 ) ;
#2623 = EDGE_CURVE ( 'NONE', #3095, #2356, #2016, .T. ) ;
#2624 = SURFACE_STYLE_FILL_AREA ( #1089 ) ;
#2625 = STYLED_ITEM ( 'NONE', ( #2887 ), #2293 ) ;
#2626 = ORIENTED_EDGE ( 'NONE', *, *, #2128, .T. ) ;
#2627 = DIRECTION ( 'NONE',  ( 0.0000000000000000000, 1.000000000000000000, 0.0000000000000000000 ) ) ;
#2628 = CARTESIAN_POINT ( 'NONE',  ( -0.9300000000000000488, -1.930000000000000160, 0.6500000000000000222 ) ) ;
#2629 =( NAMED_UNIT ( * ) SI_UNIT ( $, .STERADIAN. ) SOLID_ANGLE_UNIT ( ) );
#2630 = PLANE ( 'NONE',  #355 ) ;
#2631 = DIRECTION ( 'NONE',  ( 0.0000000000000000000, 0.0000000000000000000, -1.000000000000000000 ) ) ;
#2632 = ORIENTED_EDGE ( 'NONE', *, *, #4772, .T. ) ;
#2633 = COLOUR_RGB ( '',0.8470588235294117530, 0.6901960784313725394, 0.2196078431372548989 ) ;
#2634 = FACE_BOUND ( 'NONE', #2593, .T. ) ;
#2635 = DIRECTION ( 'NONE',  ( 0.0000000000000000000, -0.0000000000000000000, 1.000000000000000000 ) ) ;
#2636 =( GEOMETRIC_REPRESENTATION_CONTEXT ( 3 ) GLOBAL_UNCERTAINTY_ASSIGNED_CONTEXT ( ( #3112 ) ) GLOBAL_UNIT_ASSIGNED_CONTEXT ( ( #4344, #3503, #3529 ) ) REPRESENTATION_CONTEXT ( 'NONE', 'WORKASPACE' ) );
#2637 = CARTESIAN_POINT ( 'NONE',  ( -0.4899999999999999911, 1.524999999999999911, 0.1100000000000000006 ) ) ;
#2638 =( GEOMETRIC_REPRESENTATION_CONTEXT ( 3 ) GLOBAL_UNCERTAINTY_ASSIGNED_CONTEXT ( ( #2870 ) ) GLOBAL_UNIT_ASSIGNED_CONTEXT ( ( #293, #4795, #2258 ) ) REPRESENTATION_CONTEXT ( 'NONE', 'WORKASPACE' ) );
#2639 = ORIENTED_EDGE ( 'NONE', *, *, #3931, .F. ) ;
#2640 = SURFACE_STYLE_FILL_AREA ( #2806 ) ;
#2641 = COLOUR_RGB ( '',0.8470588235294117530, 0.6901960784313725394, 0.2196078431372548989 ) ;
#2642 = LINE ( 'NONE', #4425, #2556 ) ;
#2643 = UNCERTAINTY_MEASURE_WITH_UNIT (LENGTH_MEASURE( 1.000000000000000082E-05 ), #2088, 'distance_accuracy_value', 'NONE');
#2644 = CARTESIAN_POINT ( 'NONE',  ( -1.229999999999999982, -1.930000000000000160, 0.9499999999999999556 ) ) ;
#2645 = COLOUR_RGB ( '',0.8470588235294117530, 0.6901960784313725394, 0.2196078431372548989 ) ;
#2646 = STYLED_ITEM ( 'NONE', ( #4762 ), #3412 ) ;
#2647 = SURFACE_STYLE_FILL_AREA ( #692 ) ;
#2648 = PRESENTATION_STYLE_ASSIGNMENT (( #1134 ) ) ;
#2649 = CARTESIAN_POINT ( 'NONE',  ( 1.032943725152285941, 2.105735931288072127, 0.9500000000000001776 ) ) ;
#2650 = CARTESIAN_POINT ( 'NONE',  ( -1.500000000000000000, 1.620000000000000107, 0.0000000000000000000 ) ) ;
#2651 = PLANE ( 'NONE',  #1037 ) ;
#2652 = EDGE_LOOP ( 'NONE', ( #3720, #4692, #4638 ) ) ;
#2653 = ORIENTED_EDGE ( 'NONE', *, *, #1871, .F. ) ;
#2654 = CARTESIAN_POINT ( 'NONE',  ( 0.5000000000000000000, 0.2750000000000000777, 0.0000000000000000000 ) ) ;
#2655 = EDGE_CURVE ( 'NONE', #4227, #3259, #3958, .T. ) ;
#2656 = DIRECTION ( 'NONE',  ( -0.0000000000000000000, 1.000000000000000000, 0.0000000000000000000 ) ) ;
#2657 = LINE ( 'NONE', #3745, #20 ) ;
#2658 = DIRECTION ( 'NONE',  ( 0.0000000000000000000, 1.000000000000000000, 0.0000000000000000000 ) ) ;
#2659 = FILL_AREA_STYLE ('',( #4117 ) ) ;
#2660 = ORIENTED_EDGE ( 'NONE', *, *, #3834, .F. ) ;
#2661 = DIRECTION ( 'NONE',  ( 0.0000000000000000000, -1.000000000000000000, 0.0000000000000000000 ) ) ;
#2662 = LINE ( 'NONE', #835, #936 ) ;
#2663 =( LENGTH_UNIT ( ) NAMED_UNIT ( * ) SI_UNIT ( .MILLI., .METRE. ) );
#2664 = ORIENTED_EDGE ( 'NONE', *, *, #4460, .F. ) ;
#2665 = FILL_AREA_STYLE_COLOUR ( '', #3245 ) ;
#2666 = AXIS2_PLACEMENT_3D ( 'NONE', #887, #567, #4642 ) ;
#2667 = LINE ( 'NONE', #2334, #197 ) ;
#2668 = CARTESIAN_POINT ( 'NONE',  ( -0.5000000000000000000, -1.524999999999999911, 0.0000000000000000000 ) ) ;
#2669 = CARTESIAN_POINT ( 'NONE',  ( 1.500000000000000000, 0.2750000000000000777, 0.0000000000000000000 ) ) ;
#2670 = EDGE_CURVE ( 'NONE', #1621, #798, #2430, .T. ) ;
#2671 = VERTEX_POINT ( 'NONE', #3910 ) ;
#2672 = ORIENTED_EDGE ( 'NONE', *, *, #848, .T. ) ;
#2673 = DIRECTION ( 'NONE',  ( 1.000000000000000000, -0.0000000000000000000, 0.0000000000000000000 ) ) ;
#2674 =( NAMED_UNIT ( * ) SI_UNIT ( $, .STERADIAN. ) SOLID_ANGLE_UNIT ( ) );
#2675 = CARTESIAN_POINT ( 'NONE',  ( 0.6500000000000001332, 1.649999999999999911, 0.7500000000000000000 ) ) ;
#2676 = AXIS2_PLACEMENT_3D ( 'NONE', #808, #4165, #3825 ) ;
#2677 = EDGE_CURVE ( 'NONE', #4495, #2322, #987, .T. ) ;
#2678 = ORIENTED_EDGE ( 'NONE', *, *, #3349, .T. ) ;
#2679 = PLANE ( 'NONE',  #751 ) ;
#2680 = ORIENTED_EDGE ( 'NONE', *, *, #1738, .T. ) ;
#2681 = VECTOR ( 'NONE', #3530, 1000.000000000000000 ) ;
#2682 = CARTESIAN_POINT ( 'NONE',  ( -1.508999999999999897, 2.125000000000000000, 0.1090000000000000135 ) ) ;
#2683 = FACE_OUTER_BOUND ( 'NONE', #2474, .T. ) ;
#2684 = EDGE_CURVE ( 'NONE', #389, #1593, #666, .T. ) ;
#2685 = VERTEX_POINT ( 'NONE', #2086 ) ;
#2686 =( GEOMETRIC_REPRESENTATION_CONTEXT ( 3 ) GLOBAL_UNCERTAINTY_ASSIGNED_CONTEXT ( ( #1550 ) ) GLOBAL_UNIT_ASSIGNED_CONTEXT ( ( #1372, #977, #4231 ) ) REPRESENTATION_CONTEXT ( 'NONE', 'WORKASPACE' ) );
#2687 = ORIENTED_EDGE ( 'NONE', *, *, #3056, .T. ) ;
#2688 =( NAMED_UNIT ( * ) PLANE_ANGLE_UNIT ( ) SI_UNIT ( $, .RADIAN. ) );
#2689 = DIRECTION ( 'NONE',  ( -1.000000000000000000, 0.0000000000000000000, 0.0000000000000000000 ) ) ;
#2690 = VECTOR ( 'NONE', #3300, 1000.000000000000000 ) ;
#2691 = STYLED_ITEM ( 'NONE', ( #3291 ), #343 ) ;
#2692 = CARTESIAN_POINT ( 'NONE',  ( -1.500000000000000000, 0.3699999999999999956, 0.0000000000000000000 ) ) ;
#2693 = VECTOR ( 'NONE', #78, 1000.000000000000000 ) ;
#2694 = DIRECTION ( 'NONE',  ( -1.000000000000000000, -0.0000000000000000000, -0.0000000000000000000 ) ) ;
#2695 = CARTESIAN_POINT ( 'NONE',  ( 1.500000000000000000, -2.125000000000000000, 0.09999999999999999167 ) ) ;
#2696 = ORIENTED_EDGE ( 'NONE', *, *, #3768, .F. ) ;
#2697 = ORIENTED_EDGE ( 'NONE', *, *, #2750, .T. ) ;
#2698 = CIRCLE ( 'NONE', #2402, 0.2999999999999999334 ) ;
#2699 = CARTESIAN_POINT ( 'NONE',  ( 1.500000000000000000, 2.549999999999999822, 0.0000000000000000000 ) ) ;
#2700 = DIRECTION ( 'NONE',  ( 1.000000000000000000, -0.0000000000000000000, 0.0000000000000000000 ) ) ;
#2701 =( BOUNDED_SURFACE ( )  B_SPLINE_SURFACE ( 3, 3, ( 
 ( #585, #2105, #3979, #4609 ),
 ( #3549, #4259, #3578, #614 ),
 ( #2397, #229, #4634, #205 ),
 ( #1707, #881, #3185, #1732 ) ),
 .UNSPECIFIED., .F., .F., .F. ) 
 B_SPLINE_SURFACE_WITH_KNOTS ( ( 4, 4 ),
 ( 4, 4 ),
 ( 0.0000000000000000000, 1.000000000000000000 ),
 ( 0.0000000000000000000, 1.000000000000000000 ),
 .UNSPECIFIED. ) 
 GEOMETRIC_REPRESENTATION_ITEM ( )  RATIONAL_B_SPLINE_SURFACE ( (
 ( 1.000000000000000000, 0.8047378541243647154, 0.8047378541243647154, 1.000000000000000000),
 ( 0.8047378541243646044, 0.6476030138606871933, 0.6476030138606871933, 0.8047378541243646044),
 ( 0.8047378541243646044, 0.6476030138606871933, 0.6476030138606871933, 0.8047378541243646044),
 ( 1.000000000000000000, 0.8047378541243647154, 0.8047378541243647154, 1.000000000000000000) ) ) 
 REPRESENTATION_ITEM ( '' )  SURFACE ( )  );
#2702 = VECTOR ( 'NONE', #1890, 1000.000000000000000 ) ;
#2703 = ORIENTED_EDGE ( 'NONE', *, *, #1849, .T. ) ;
#2704 = ORIENTED_EDGE ( 'NONE', *, *, #2566, .T. ) ;
#2705 = ORIENTED_EDGE ( 'NONE', *, *, #3992, .T. ) ;
#2706 = LINE ( 'NONE', #2002, #3974 ) ;
#2707 = CARTESIAN_POINT ( 'NONE',  ( 0.6500000000000001332, 1.649999999999999911, 0.9499999999999999556 ) ) ;
#2708 = VECTOR ( 'NONE', #470, 1000.000000000000000 ) ;
#2709 = EDGE_CURVE ( 'NONE', #1373, #2618, #4616, .T. ) ;
#2710 = LINE ( 'NONE', #3432, #3942 ) ;
#2711 = ORIENTED_EDGE ( 'NONE', *, *, #1643, .T. ) ;
#2712 = COLOUR_RGB ( '',0.8470588235294117530, 0.6901960784313725394, 0.2196078431372548989 ) ;
#2713 = ORIENTED_EDGE ( 'NONE', *, *, #4142, .T. ) ;
#2714 = FILL_AREA_STYLE ('',( #1609 ) ) ;
#2715 = LINE ( 'NONE', #3069, #4422 ) ;
#2716 =( GEOMETRIC_REPRESENTATION_CONTEXT ( 3 ) GLOBAL_UNCERTAINTY_ASSIGNED_CONTEXT ( ( #907 ) ) GLOBAL_UNIT_ASSIGNED_CONTEXT ( ( #1585, #4527, #3387 ) ) REPRESENTATION_CONTEXT ( 'NONE', 'WORKASPACE' ) );
#2717 =( NAMED_UNIT ( * ) SI_UNIT ( $, .STERADIAN. ) SOLID_ANGLE_UNIT ( ) );
#2718 = AXIS2_PLACEMENT_3D ( 'NONE', #246, #1699, #2126 ) ;
#2719 = LINE ( 'NONE', #2692, #2313 ) ;
#2720 =( GEOMETRIC_REPRESENTATION_CONTEXT ( 3 ) GLOBAL_UNCERTAINTY_ASSIGNED_CONTEXT ( ( #2975 ) ) GLOBAL_UNIT_ASSIGNED_CONTEXT ( ( #1404, #4391, #2501 ) ) REPRESENTATION_CONTEXT ( 'NONE', 'WORKASPACE' ) );
#2721 = PRESENTATION_LAYER_ASSIGNMENT (  '', '', ( #2567 ) ) ;
#2722 = PRESENTATION_STYLE_ASSIGNMENT (( #474 ) ) ;
#2723 =( NAMED_UNIT ( * ) SI_UNIT ( $, .STERADIAN. ) SOLID_ANGLE_UNIT ( ) );
#2724 =( NAMED_UNIT ( * ) PLANE_ANGLE_UNIT ( ) SI_UNIT ( $, .RADIAN. ) );
#2725 = VECTOR ( 'NONE', #3778, 1000.000000000000000 ) ;
#2726 = STYLED_ITEM ( 'NONE', ( #255 ), #3379 ) ;
#2727 = LINE ( 'NONE', #4204, #3312 ) ;
#2728 = ORIENTED_EDGE ( 'NONE', *, *, #252, .T. ) ;
#2729 = EDGE_LOOP ( 'NONE', ( #1254, #3631, #3590, #3709 ) ) ;
#2730 = LINE ( 'NONE', #4209, #3936 ) ;
#2731 = UNCERTAINTY_MEASURE_WITH_UNIT (LENGTH_MEASURE( 1.000000000000000082E-05 ), #595, 'distance_accuracy_value', 'NONE');
#2732 = DIRECTION ( 'NONE',  ( -1.000000000000000000, 0.0000000000000000000, 0.0000000000000000000 ) ) ;
#2733 = ORIENTED_EDGE ( 'NONE', *, *, #2741, .F. ) ;
#2734 = EDGE_LOOP ( 'NONE', ( #953, #1262, #2703, #1250, #1947, #1034, #3520, #3789, #2680, #2286, #1723, #1431, #1887, #2872, #4341, #2089, #4745, #515, #2315, #3160, #358, #664, #2270, #3048, #172, #4518, #2740, #4126, #1553, #3666, #2081, #1374, #4628, #3816, #1422, #3234 ) ) ;
#2735 = DIRECTION ( 'NONE',  ( 1.000000000000000000, -0.0000000000000000000, 0.0000000000000000000 ) ) ;
#2736 = VERTEX_POINT ( 'NONE', #1656 ) ;
#2737 = SURFACE_SIDE_STYLE ('',( #2783 ) ) ;
#2738 = DIRECTION ( 'NONE',  ( -0.0000000000000000000, 1.000000000000000000, 0.0000000000000000000 ) ) ;
#2739 =( LENGTH_UNIT ( ) NAMED_UNIT ( * ) SI_UNIT ( .MILLI., .METRE. ) );
#2740 = ORIENTED_EDGE ( 'NONE', *, *, #653, .T. ) ;
#2741 = EDGE_CURVE ( 'NONE', #566, #3289, #182, .T. ) ;
#2742 = VERTEX_POINT ( 'NONE', #1743 ) ;
#2743 = DIRECTION ( 'NONE',  ( 0.0000000000000000000, -1.000000000000000000, 0.0000000000000000000 ) ) ;
#2744 = LINE ( 'NONE', #4170, #3966 ) ;
#2745 = STYLED_ITEM ( 'NONE', ( #3171 ), #4748 ) ;
#2746 = CARTESIAN_POINT ( 'NONE',  ( -1.229999999999999316, 1.930000000000000382, 0.3999999999999994671 ) ) ;
#2747 = EDGE_CURVE ( 'NONE', #1193, #433, #1718, .T. ) ;
#2748 =( LENGTH_UNIT ( ) NAMED_UNIT ( * ) SI_UNIT ( .MILLI., .METRE. ) );
#2749 = FILL_AREA_STYLE_COLOUR ( '', #4614 ) ;
#2750 = EDGE_CURVE ( 'NONE', #2343, #1904, #958, .T. ) ;
#2751 = DIRECTION ( 'NONE',  ( 0.0000000000000000000, 0.0000000000000000000, 1.000000000000000000 ) ) ;
#2752 =( LENGTH_UNIT ( ) NAMED_UNIT ( * ) SI_UNIT ( .MILLI., .METRE. ) );
#2753 = CARTESIAN_POINT ( 'NONE',  ( 1.350000000000000089, 2.250000000000000444, 0.2999999999999999334 ) ) ;
#2754 = SURFACE_SIDE_STYLE ('',( #1572 ) ) ;
#2755 = ORIENTED_EDGE ( 'NONE', *, *, #1084, .F. ) ;
#2756 =( LENGTH_UNIT ( ) NAMED_UNIT ( * ) SI_UNIT ( .MILLI., .METRE. ) );
#2757 = ORIENTED_EDGE ( 'NONE', *, *, #3438, .F. ) ;
#2758 = DIRECTION ( 'NONE',  ( 0.0000000000000000000, 0.0000000000000000000, 1.000000000000000000 ) ) ;
#2759 = ORIENTED_EDGE ( 'NONE', *, *, #1823, .T. ) ;
#2760 = ORIENTED_EDGE ( 'NONE', *, *, #101, .T. ) ;
#2761 = VECTOR ( 'NONE', #4807, 1000.000000000000000 ) ;
#2762 = COLOUR_RGB ( '',0.8470588235294117530, 0.6901960784313725394, 0.2196078431372548989 ) ;
#2763 = VECTOR ( 'NONE', #284, 1000.000000000000000 ) ;
#2764 = STYLED_ITEM ( 'NONE', ( #144 ), #201 ) ;
#2765 = LINE ( 'NONE', #1238, #3953 ) ;
#2766 = DIRECTION ( 'NONE',  ( 0.0000000000000000000, 0.0000000000000000000, -1.000000000000000000 ) ) ;
#2767 =( GEOMETRIC_REPRESENTATION_CONTEXT ( 3 ) GLOBAL_UNCERTAINTY_ASSIGNED_CONTEXT ( ( #3310 ) ) GLOBAL_UNIT_ASSIGNED_CONTEXT ( ( #1142, #1942, #931 ) ) REPRESENTATION_CONTEXT ( 'NONE', 'WORKASPACE' ) );
#2768 = MECHANICAL_DESIGN_GEOMETRIC_PRESENTATION_REPRESENTATION (  '', ( #4019 ), #4607 ) ;
#2769 = FILL_AREA_STYLE ('',( #3837 ) ) ;
#2770 = ADVANCED_FACE ( 'NONE', ( #1763 ), #659, .T. ) ;
#2771 = MECHANICAL_DESIGN_GEOMETRIC_PRESENTATION_REPRESENTATION (  '', ( #647 ), #4407 ) ;
#2772 = SURFACE_STYLE_FILL_AREA ( #3224 ) ;
#2773 = ORIENTED_EDGE ( 'NONE', *, *, #815, .F. ) ;
#2774 = ORIENTED_EDGE ( 'NONE', *, *, #803, .T. ) ;
#2775 = AXIS2_PLACEMENT_3D ( 'NONE', #3436, #4550, #1211 ) ;
#2776 = EDGE_CURVE ( 'NONE', #4410, #4191, #2179, .T. ) ;
#2777 = FILL_AREA_STYLE ('',( #2076 ) ) ;
#2778 = CYLINDRICAL_SURFACE ( 'NONE', #1762, 0.2500000000000000000 ) ;
#2779 = ORIENTED_EDGE ( 'NONE', *, *, #3243, .T. ) ;
#2780 = COLOUR_RGB ( '',0.8470588235294117530, 0.6901960784313725394, 0.2196078431372548989 ) ;
#2781 = DIRECTION ( 'NONE',  ( 0.0000000000000000000, 0.0000000000000000000, -1.000000000000000000 ) ) ;
#2782 = EDGE_LOOP ( 'NONE', ( #2824, #3132, #4243, #536 ) ) ;
#2783 = SURFACE_STYLE_FILL_AREA ( #4591 ) ;
#2784 = DIRECTION ( 'NONE',  ( 0.0000000000000000000, 0.0000000000000000000, 1.000000000000000000 ) ) ;
#2785 = FILL_AREA_STYLE ('',( #2455 ) ) ;
#2786 = VECTOR ( 'NONE', #3599, 1000.000000000000000 ) ;
#2787 = UNCERTAINTY_MEASURE_WITH_UNIT (LENGTH_MEASURE( 1.000000000000000082E-05 ), #4409, 'distance_accuracy_value', 'NONE');
#2788 = ORIENTED_EDGE ( 'NONE', *, *, #2308, .F. ) ;
#2789 = PRODUCT_DEFINITION_CONTEXT ( 'detailed design', #1267, 'design' ) ;
#2790 = AXIS2_PLACEMENT_3D ( 'NONE', #2682, #4164, #1198 ) ;
#2791 = FACE_OUTER_BOUND ( 'NONE', #1022, .T. ) ;
#2792 =( GEOMETRIC_REPRESENTATION_CONTEXT ( 3 ) GLOBAL_UNCERTAINTY_ASSIGNED_CONTEXT ( ( #4287 ) ) GLOBAL_UNIT_ASSIGNED_CONTEXT ( ( #2959, #4083, #1444 ) ) REPRESENTATION_CONTEXT ( 'NONE', 'WORKASPACE' ) );
#2793 = VECTOR ( 'NONE', #2381, 1000.000000000000000 ) ;
#2794 = VECTOR ( 'NONE', #4054, 1000.000000000000000 ) ;
#2795 = COLOUR_RGB ( '',0.8470588235294117530, 0.6901960784313725394, 0.2196078431372548989 ) ;
#2796 = EDGE_CURVE ( 'NONE', #3875, #4387, #1030, .T. ) ;
#2797 = LINE ( 'NONE', #3902, #4345 ) ;
#2798 = PRESENTATION_LAYER_ASSIGNMENT (  '', '', ( #672 ) ) ;
#2799 = STYLED_ITEM ( 'NONE', ( #2317 ), #3502 ) ;
#2800 = CARTESIAN_POINT ( 'NONE',  ( -1.510000000000000009, 1.625000000000000222, 0.1000000000000000056 ) ) ;
#2801 =( NAMED_UNIT ( * ) SI_UNIT ( $, .STERADIAN. ) SOLID_ANGLE_UNIT ( ) );
#2802 = ORIENTED_EDGE ( 'NONE', *, *, #3514, .F. ) ;
#2803 = ORIENTED_EDGE ( 'NONE', *, *, #2337, .F. ) ;
#2804 =( NAMED_UNIT ( * ) SI_UNIT ( $, .STERADIAN. ) SOLID_ANGLE_UNIT ( ) );
#2805 = VERTEX_POINT ( 'NONE', #3763 ) ;
#2806 = FILL_AREA_STYLE ('',( #1977 ) ) ;
#2807 = SURFACE_SIDE_STYLE ('',( #4295 ) ) ;
#2808 = FILL_AREA_STYLE ('',( #1792 ) ) ;
#2809 = ORIENTED_EDGE ( 'NONE', *, *, #4233, .T. ) ;
#2810 = ADVANCED_FACE ( 'NONE', ( #638 ), #1427, .T. ) ;
#2811 = VERTEX_POINT ( 'NONE', #679 ) ;
#2812 = FACE_OUTER_BOUND ( 'NONE', #1234, .T. ) ;
#2813 = LINE ( 'NONE', #1385, #2865 ) ;
#2814 = DIRECTION ( 'NONE',  ( 1.000000000000000000, 0.0000000000000000000, -0.0000000000000000000 ) ) ;
#2815 = CARTESIAN_POINT ( 'NONE',  ( -0.9299999999999990496, 1.930000000000000160, 0.6500000000000012434 ) ) ;
#2816 = CYLINDRICAL_SURFACE ( 'NONE', #2946, 0.2999999999999999889 ) ;
#2817 =( LENGTH_UNIT ( ) NAMED_UNIT ( * ) SI_UNIT ( .MILLI., .METRE. ) );
#2818 = DIRECTION ( 'NONE',  ( -0.0000000000000000000, -1.000000000000000000, -0.0000000000000000000 ) ) ;
#2819 = DIRECTION ( 'NONE',  ( -1.000000000000000000, 0.0000000000000000000, -0.0000000000000000000 ) ) ;
#2820 = FILL_AREA_STYLE ('',( #1704 ) ) ;
#2821 = SURFACE_STYLE_FILL_AREA ( #3548 ) ;
#2822 = UNCERTAINTY_MEASURE_WITH_UNIT (LENGTH_MEASURE( 1.000000000000000082E-05 ), #1972, 'distance_accuracy_value', 'NONE');
#2823 = EDGE_CURVE ( 'NONE', #2007, #1098, #768, .T. ) ;
#2824 = ORIENTED_EDGE ( 'NONE', *, *, #2908, .F. ) ;
#2825 = ORIENTED_EDGE ( 'NONE', *, *, #1578, .T. ) ;
#2826 = FILL_AREA_STYLE ('',( #619 ) ) ;
#2827 = CARTESIAN_POINT ( 'NONE',  ( -0.5000000000000000000, 0.9819999999999999840, 0.1000000000000000056 ) ) ;
#2828 = LINE ( 'NONE', #937, #3364 ) ;
#2829 = CARTESIAN_POINT ( 'NONE',  ( 0.5999999999999999778, 0.8750000000000000000, 0.09999999999999995004 ) ) ;
#2830 = DIRECTION ( 'NONE',  ( 1.000000000000000000, 0.0000000000000000000, 0.0000000000000000000 ) ) ;
#2831 = DIRECTION ( 'NONE',  ( 0.0000000000000000000, 0.0000000000000000000, -1.000000000000000000 ) ) ;
#2832 = SURFACE_STYLE_FILL_AREA ( #965 ) ;
#2833 = SURFACE_SIDE_STYLE ('',( #2485 ) ) ;
#2834 = EDGE_CURVE ( 'NONE', #2885, #2811, #4056, .T. ) ;
#2835 = STYLED_ITEM ( 'NONE', ( #4032 ), #645 ) ;
#2836 = FACE_OUTER_BOUND ( 'NONE', #2435, .T. ) ;
#2837 = SURFACE_STYLE_FILL_AREA ( #580 ) ;
#2838 =( GEOMETRIC_REPRESENTATION_CONTEXT ( 3 ) GLOBAL_UNCERTAINTY_ASSIGNED_CONTEXT ( ( #4514 ) ) GLOBAL_UNIT_ASSIGNED_CONTEXT ( ( #1518, #1115, #1819 ) ) REPRESENTATION_CONTEXT ( 'NONE', 'WORKASPACE' ) );
#2839 = PRESENTATION_LAYER_ASSIGNMENT (  '', '', ( #4087 ) ) ;
#2840 = FACE_OUTER_BOUND ( 'NONE', #3813, .T. ) ;
#2841 = CARTESIAN_POINT ( 'NONE',  ( -1.510000000000000009, 2.225000000000000089, 0.1000000000000000056 ) ) ;
#2842 = CARTESIAN_POINT ( 'NONE',  ( 0.9300000000000000488, 1.930000000000000160, 0.6500000000000001332 ) ) ;
#2843 = VECTOR ( 'NONE', #1828, 1000.000000000000000 ) ;
#2844 = VERTEX_POINT ( 'NONE', #3026 ) ;
#2845 = VERTEX_POINT ( 'NONE', #2669 ) ;
#2846 = PRESENTATION_STYLE_ASSIGNMENT (( #4761 ) ) ;
#2847 = FACE_OUTER_BOUND ( 'NONE', #2368, .T. ) ;
#2848 = VECTOR ( 'NONE', #557, 1000.000000000000000 ) ;
#2849 = DIRECTION ( 'NONE',  ( 0.0000000000000000000, -1.000000000000000000, 0.0000000000000000000 ) ) ;
#2850 = PRESENTATION_STYLE_ASSIGNMENT (( #3504 ) ) ;
#2851 = STYLED_ITEM ( 'NONE', ( #3783 ), #1533 ) ;
#2852 =( NAMED_UNIT ( * ) PLANE_ANGLE_UNIT ( ) SI_UNIT ( $, .RADIAN. ) );
#2853 = ORIENTED_EDGE ( 'NONE', *, *, #475, .T. ) ;
#2854 = EDGE_CURVE ( 'NONE', #2356, #2423, #4149, .T. ) ;
#2855 = COLOUR_RGB ( '',0.8470588235294117530, 0.6901960784313725394, 0.2196078431372548989 ) ;
#2856 = SURFACE_STYLE_USAGE ( .BOTH. , #1725 ) ;
#2857 = DIRECTION ( 'NONE',  ( 0.0000000000000000000, -0.0000000000000000000, -1.000000000000000000 ) ) ;
#2858 = SURFACE_SIDE_STYLE ('',( #36 ) ) ;
#2859 = ORIENTED_EDGE ( 'NONE', *, *, #3841, .F. ) ;
#2860 = EDGE_CURVE ( 'NONE', #3875, #4811, #2339, .T. ) ;
#2861 = FILL_AREA_STYLE_COLOUR ( '', #3004 ) ;
#2862 =( GEOMETRIC_REPRESENTATION_CONTEXT ( 3 ) GLOBAL_UNCERTAINTY_ASSIGNED_CONTEXT ( ( #1397 ) ) GLOBAL_UNIT_ASSIGNED_CONTEXT ( ( #2097, #969, #707 ) ) REPRESENTATION_CONTEXT ( 'NONE', 'WORKASPACE' ) );
#2863 = CARTESIAN_POINT ( 'NONE',  ( 1.508999999999999897, -2.125000000000000000, 0.0000000000000000000 ) ) ;
#2864 = COLOUR_RGB ( '',0.8470588235294117530, 0.6901960784313725394, 0.2196078431372548989 ) ;
#2865 = VECTOR ( 'NONE', #2881, 1000.000000000000000 ) ;
#2866 = EDGE_CURVE ( 'NONE', #1557, #826, #1565, .T. ) ;
#2867 = LINE ( 'NONE', #2890, #3409 ) ;
#2868 = CIRCLE ( 'NONE', #4498, 0.2999999999999999334 ) ;
#2869 = COLOUR_RGB ( '',0.8470588235294117530, 0.6901960784313725394, 0.2196078431372548989 ) ;
#2870 = UNCERTAINTY_MEASURE_WITH_UNIT (LENGTH_MEASURE( 1.000000000000000082E-05 ), #293, 'distance_accuracy_value', 'NONE');
#2871 = ORIENTED_EDGE ( 'NONE', *, *, #2594, .F. ) ;
#2872 = ORIENTED_EDGE ( 'NONE', *, *, #613, .F. ) ;
#2873 = DIRECTION ( 'NONE',  ( 1.000000000000000000, 0.0000000000000000000, -0.0000000000000000000 ) ) ;
#2874 = CIRCLE ( 'NONE', #746, 0.1000000000000000472 ) ;
#2875 = CARTESIAN_POINT ( 'NONE',  ( -1.500000000000000000, 2.225000000000000089, 0.09999999999999999167 ) ) ;
#2876 = CARTESIAN_POINT ( 'NONE',  ( -1.032943725152285941, -2.105735931288072571, 0.9500000000000001776 ) ) ;
#2877 = UNCERTAINTY_MEASURE_WITH_UNIT (LENGTH_MEASURE( 1.000000000000000082E-05 ), #4282, 'distance_accuracy_value', 'NONE');
#2878 = VECTOR ( 'NONE', #4257, 1000.000000000000000 ) ;
#2879 = FILL_AREA_STYLE ('',( #311 ) ) ;
#2880 = ORIENTED_EDGE ( 'NONE', *, *, #3812, .F. ) ;
#2881 = DIRECTION ( 'NONE',  ( -0.0000000000000000000, 1.000000000000000000, 0.0000000000000000000 ) ) ;
#2882 = UNCERTAINTY_MEASURE_WITH_UNIT (LENGTH_MEASURE( 1.000000000000000082E-05 ), #4686, 'distance_accuracy_value', 'NONE');
#2883 = ADVANCED_FACE ( 'NONE', ( #1214 ), #925, .T. ) ;
#2884 =( LENGTH_UNIT ( ) NAMED_UNIT ( * ) SI_UNIT ( .MILLI., .METRE. ) );
#2885 = VERTEX_POINT ( 'NONE', #2695 ) ;
#2886 = FILL_AREA_STYLE_COLOUR ( '', #2633 ) ;
#2887 = PRESENTATION_STYLE_ASSIGNMENT (( #3621 ) ) ;
#2888 =( NAMED_UNIT ( * ) PLANE_ANGLE_UNIT ( ) SI_UNIT ( $, .RADIAN. ) );
#2889 = SURFACE_SIDE_STYLE ('',( #3276 ) ) ;
#2890 = CARTESIAN_POINT ( 'NONE',  ( 1.550000000000000266, 1.524999999999999911, 0.0000000000000000000 ) ) ;
#2891 = PLANE ( 'NONE',  #4710 ) ;
#2892 = EDGE_CURVE ( 'NONE', #482, #3314, #4602, .T. ) ;
#2893 = CARTESIAN_POINT ( 'NONE',  ( -1.229999999999999982, 2.230000000000000426, 0.9499999999999999556 ) ) ;
#2894 = VECTOR ( 'NONE', #2354, 1000.000000000000000 ) ;
#2895 = ORIENTED_EDGE ( 'NONE', *, *, #704, .F. ) ;
#2896 = ORIENTED_EDGE ( 'NONE', *, *, #1730, .F. ) ;
#2897 = ITEM_DEFINED_TRANSFORMATION ( 'NONE', 'NONE', #549,  #166 ) ;
#2898 = LINE ( 'NONE', #3236, #2794 ) ;
#2899 = CARTESIAN_POINT ( 'NONE',  ( 1.350000000000000089, -2.250000000000000444, 0.2999999999999999334 ) ) ;
#2900 = SURFACE_STYLE_USAGE ( .BOTH. , #3681 ) ;
#2901 = ORIENTED_EDGE ( 'NONE', *, *, #3082, .F. ) ;
#2902 = DIRECTION ( 'NONE',  ( 0.0000000000000000000, 0.0000000000000000000, -1.000000000000000000 ) ) ;
#2903 =( NAMED_UNIT ( * ) SI_UNIT ( $, .STERADIAN. ) SOLID_ANGLE_UNIT ( ) );
#2904 = ORIENTED_EDGE ( 'NONE', *, *, #1655, .F. ) ;
#2905 = CARTESIAN_POINT ( 'NONE',  ( -1.500000000000000000, -1.524999999999999911, 0.09999999999999999167 ) ) ;
#2906 = PRESENTATION_LAYER_ASSIGNMENT (  '', '', ( #2691 ) ) ;
#2907 = VECTOR ( 'NONE', #1279, 1000.000000000000000 ) ;
#2908 = EDGE_CURVE ( 'NONE', #460, #3197, #4175, .T. ) ;
#2909 = FILL_AREA_STYLE ('',( #1826 ) ) ;
#2910 = DIRECTION ( 'NONE',  ( 0.0000000000000000000, 0.0000000000000000000, -1.000000000000000000 ) ) ;
#2911 = VECTOR ( 'NONE', #1626, 1000.000000000000000 ) ;
#2912 = LINE ( 'NONE', #695, #4320 ) ;
#2913 = MECHANICAL_DESIGN_GEOMETRIC_PRESENTATION_REPRESENTATION (  '', ( #24 ), #3303 ) ;
#2914 = ORIENTED_EDGE ( 'NONE', *, *, #1871, .T. ) ;
#2915 = PLANE ( 'NONE',  #2349 ) ;
#2916 = SHAPE_DEFINITION_REPRESENTATION ( #347, #4678 ) ;
#2917 = ADVANCED_FACE ( 'NONE', ( #1587 ), #4203, .T. ) ;
#2918 = LINE ( 'NONE', #326, #601 ) ;
#2919 =( GEOMETRIC_REPRESENTATION_CONTEXT ( 3 ) GLOBAL_UNCERTAINTY_ASSIGNED_CONTEXT ( ( #1896 ) ) GLOBAL_UNIT_ASSIGNED_CONTEXT ( ( #2202, #377, #2629 ) ) REPRESENTATION_CONTEXT ( 'NONE', 'WORKASPACE' ) );
#2920 =( LENGTH_UNIT ( ) NAMED_UNIT ( * ) SI_UNIT ( .MILLI., .METRE. ) );
#2921 = STYLED_ITEM ( 'NONE', ( #4064 ), #319 ) ;
#2922 = DIRECTION ( 'NONE',  ( 1.000000000000000000, 0.0000000000000000000, 0.0000000000000000000 ) ) ;
#2923 = LINE ( 'NONE', #681, #4084 ) ;
#2924 = ORIENTED_EDGE ( 'NONE', *, *, #2125, .F. ) ;
#2925 = PRESENTATION_STYLE_ASSIGNMENT (( #703 ) ) ;
#2926 = AXIS2_PLACEMENT_3D ( 'NONE', #3672, #4798, #2511 ) ;
#2927 = VERTEX_POINT ( 'NONE', #630 ) ;
#2928 = FILL_AREA_STYLE_COLOUR ( '', #3015 ) ;
#2929 =( LENGTH_UNIT ( ) NAMED_UNIT ( * ) SI_UNIT ( .MILLI., .METRE. ) );
#2930 =( NAMED_UNIT ( * ) SI_UNIT ( $, .STERADIAN. ) SOLID_ANGLE_UNIT ( ) );
#2931 = CARTESIAN_POINT ( 'NONE',  ( -0.5999999999999999778, 2.129999999999999893, 0.0000000000000000000 ) ) ;
#2932 = PRESENTATION_LAYER_ASSIGNMENT (  '', '', ( #2625 ) ) ;
#2933 = FILL_AREA_STYLE_COLOUR ( '', #1289 ) ;
#2934 = CARTESIAN_POINT ( 'NONE',  ( 0.5000000000000000000, -0.2750000000000000777, 0.1069999999999999979 ) ) ;
#2935 = SURFACE_STYLE_FILL_AREA ( #1782 ) ;
#2936 = CARTESIAN_POINT ( 'NONE',  ( -0.9000000000000001332, -1.649999999999999911, 0.7500000000000000000 ) ) ;
#2937 = VECTOR ( 'NONE', #257, 1000.000000000000000 ) ;
#2938 = EDGE_CURVE ( 'NONE', #421, #39, #3971, .T. ) ;
#2939 = CARTESIAN_POINT ( 'NONE',  ( 1.500000000000000000, -1.524999999999999911, 0.0000000000000000000 ) ) ;
#2940 = ORIENTED_EDGE ( 'NONE', *, *, #712, .F. ) ;
#2941 = PLANE ( 'NONE',  #2237 ) ;
#2942 = VECTOR ( 'NONE', #1241, 1000.000000000000000 ) ;
#2943 = DIRECTION ( 'NONE',  ( -0.0000000000000000000, -0.0000000000000000000, 1.000000000000000000 ) ) ;
#2944 =( NAMED_UNIT ( * ) SI_UNIT ( $, .STERADIAN. ) SOLID_ANGLE_UNIT ( ) );
#2945 = EDGE_CURVE ( 'NONE', #2131, #2006, #3571, .T. ) ;
#2946 = AXIS2_PLACEMENT_3D ( 'NONE', #945, #2464, #3940 ) ;
#2947 = AXIS2_PLACEMENT_3D ( 'NONE', #2607, #3372, #4078 ) ;
#2948 = SURFACE_STYLE_FILL_AREA ( #4060 ) ;
#2949 = ORIENTED_EDGE ( 'NONE', *, *, #1426, .F. ) ;
#2950 =( LENGTH_UNIT ( ) NAMED_UNIT ( * ) SI_UNIT ( .MILLI., .METRE. ) );
#2951 = SURFACE_STYLE_FILL_AREA ( #1080 ) ;
#2952 = VECTOR ( 'NONE', #3584, 1000.000000000000000 ) ;
#2953 = EDGE_CURVE ( 'NONE', #3525, #49, #608, .T. ) ;
#2954 = ORIENTED_EDGE ( 'NONE', *, *, #584, .T. ) ;
#2955 = PRESENTATION_LAYER_ASSIGNMENT (  '', '', ( #2345 ) ) ;
#2956 = FILL_AREA_STYLE ('',( #1465 ) ) ;
#2957 = SURFACE_STYLE_FILL_AREA ( #2214 ) ;
#2958 = FILL_AREA_STYLE ('',( #899 ) ) ;
#2959 =( LENGTH_UNIT ( ) NAMED_UNIT ( * ) SI_UNIT ( .MILLI., .METRE. ) );
#2960 = LINE ( 'NONE', #1511, #2702 ) ;
#2961 = LINE ( 'NONE', #1490, #2690 ) ;
#2962 = ORIENTED_EDGE ( 'NONE', *, *, #1256, .T. ) ;
#2963 = FILL_AREA_STYLE_COLOUR ( '', #2780 ) ;
#2964 = EDGE_CURVE ( 'NONE', #2393, #2450, #199, .T. ) ;
#2965 = LINE ( 'NONE', #2158, #1259 ) ;
#2966 = UNCERTAINTY_MEASURE_WITH_UNIT (LENGTH_MEASURE( 1.000000000000000082E-05 ), #4005, 'distance_accuracy_value', 'NONE');
#2967 = AXIS2_PLACEMENT_3D ( 'NONE', #715, #1842, #1610 ) ;
#2968 =( LENGTH_UNIT ( ) NAMED_UNIT ( * ) SI_UNIT ( .MILLI., .METRE. ) );
#2969 = ORIENTED_EDGE ( 'NONE', *, *, #458, .T. ) ;
#2970 = DIRECTION ( 'NONE',  ( -1.807003620809173794E-15, 0.0000000000000000000, 1.000000000000000000 ) ) ;
#2971 = ORIENTED_EDGE ( 'NONE', *, *, #4384, .F. ) ;
#2972 = EDGE_LOOP ( 'NONE', ( #3899, #4377, #2373, #3795 ) ) ;
#2973 = EDGE_CURVE ( 'NONE', #2001, #157, #4356, .T. ) ;
#2974 = CARTESIAN_POINT ( 'NONE',  ( -0.5000000000000000000, -0.9749999999999999778, 0.1000000000000000056 ) ) ;
#2975 = UNCERTAINTY_MEASURE_WITH_UNIT (LENGTH_MEASURE( 1.000000000000000082E-05 ), #1404, 'distance_accuracy_value', 'NONE');
#2976 = FACE_OUTER_BOUND ( 'NONE', #2257, .T. ) ;
#2977 = FILL_AREA_STYLE_COLOUR ( '', #3881 ) ;
#2978 = FILL_AREA_STYLE_COLOUR ( '', #3376 ) ;
#2979 = AXIS2_PLACEMENT_3D ( 'NONE', #1791, #660, #3348 ) ;
#2980 = FILL_AREA_STYLE_COLOUR ( '', #2123 ) ;
#2981 = ORIENTED_EDGE ( 'NONE', *, *, #453, .T. ) ;
#2982 = STYLED_ITEM ( 'NONE', ( #2602 ), #33 ) ;
#2983 = CARTESIAN_POINT ( 'NONE',  ( 1.530000000000000027, -2.500000000000000000, 0.3300000000000000155 ) ) ;
#2984 =( NAMED_UNIT ( * ) SI_UNIT ( $, .STERADIAN. ) SOLID_ANGLE_UNIT ( ) );
#2985 = AXIS2_PLACEMENT_3D ( 'NONE', #2842, #3229, #3903 ) ;
#2986 = PRESENTATION_LAYER_ASSIGNMENT (  '', '', ( #3622 ) ) ;
#2987 = VERTEX_POINT ( 'NONE', #581 ) ;
#2988 = PRESENTATION_LAYER_ASSIGNMENT (  '', '', ( #2077 ) ) ;
#2989 = AXIS2_PLACEMENT_3D ( 'NONE', #1318, #3917, #2857 ) ;
#2990 =( NAMED_UNIT ( * ) SI_UNIT ( $, .STERADIAN. ) SOLID_ANGLE_UNIT ( ) );
#2991 = VECTOR ( 'NONE', #4254, 1000.000000000000000 ) ;
#2993 = ADVANCED_FACE ( 'NONE', ( #3595 ), #4332, .T. ) ;
#2992 = FILL_AREA_STYLE_COLOUR ( '', #604 ) ;
#2994 = DIRECTION ( 'NONE',  ( 0.0000000000000000000, -0.0000000000000000000, 1.000000000000000000 ) ) ;
#2995 = VECTOR ( 'NONE', #4489, 1000.000000000000000 ) ;
#2996 = CARTESIAN_POINT ( 'NONE',  ( -0.5000000000000000000, 1.524999999999999911, 0.0000000000000000000 ) ) ;
#2997 = VECTOR ( 'NONE', #352, 1000.000000000000000 ) ;
#2998 = EDGE_CURVE ( 'NONE', #3197, #2144, #1236, .T. ) ;
#2999 = SURFACE_STYLE_FILL_AREA ( #4449 ) ;
#3000 = CARTESIAN_POINT ( 'NONE',  ( 0.9299999999999999378, 2.230000000000000426, 0.8257359312880714342 ) ) ;
#3001 =( NAMED_UNIT ( * ) SI_UNIT ( $, .STERADIAN. ) SOLID_ANGLE_UNIT ( ) );
#3002 = EDGE_CURVE ( 'NONE', #2229, #4075, #3914, .T. ) ;
#3003 = ORIENTED_EDGE ( 'NONE', *, *, #2834, .T. ) ;
#3004 = COLOUR_RGB ( '',0.8470588235294117530, 0.6901960784313725394, 0.2196078431372548989 ) ;
#3005 =( LENGTH_UNIT ( ) NAMED_UNIT ( * ) SI_UNIT ( .MILLI., .METRE. ) );
#3006 = ORIENTED_EDGE ( 'NONE', *, *, #3438, .T. ) ;
#3007 =( NAMED_UNIT ( * ) SI_UNIT ( $, .STERADIAN. ) SOLID_ANGLE_UNIT ( ) );
#3008 = MECHANICAL_DESIGN_GEOMETRIC_PRESENTATION_REPRESENTATION (  '', ( #3393 ), #3324 ) ;
#3009 = UNCERTAINTY_MEASURE_WITH_UNIT (LENGTH_MEASURE( 1.000000000000000082E-05 ), #4050, 'distance_accuracy_value', 'NONE');
#3010 = ORIENTED_EDGE ( 'NONE', *, *, #667, .T. ) ;
#3011 = STYLED_ITEM ( 'NONE', ( #1178 ), #3668 ) ;
#3012 = DIRECTION ( 'NONE',  ( -0.0000000000000000000, -0.0000000000000000000, -1.000000000000000000 ) ) ;
#3013 = AXIS2_PLACEMENT_3D ( 'NONE', #3129, #1986, #1182 ) ;
#3014 = FILL_AREA_STYLE ('',( #3851 ) ) ;
#3015 = COLOUR_RGB ( '',0.8470588235294117530, 0.6901960784313725394, 0.2196078431372548989 ) ;
#3016 = EDGE_LOOP ( 'NONE', ( #2971, #4708, #80, #3826 ) ) ;
#3017 = DIRECTION ( 'NONE',  ( 0.0000000000000000000, 0.0000000000000000000, -1.000000000000000000 ) ) ;
#3018 = PRESENTATION_LAYER_ASSIGNMENT (  '', '', ( #2646 ) ) ;
#3019 = DIRECTION ( 'NONE',  ( 1.000000000000000000, 0.0000000000000000000, 0.0000000000000000000 ) ) ;
#3020 = EDGE_CURVE ( 'NONE', #2052, #2277, #3508, .T. ) ;
#3021 = UNCERTAINTY_MEASURE_WITH_UNIT (LENGTH_MEASURE( 1.000000000000000082E-05 ), #2526, 'distance_accuracy_value', 'NONE');
#3022 = DIRECTION ( 'NONE',  ( 1.000000000000000000, -0.0000000000000000000, 0.0000000000000000000 ) ) ;
#3023 = VECTOR ( 'NONE', #1971, 1000.000000000000000 ) ;
#3024 = CARTESIAN_POINT ( 'NONE',  ( 0.9299999999999998268, 2.230000000000000426, 0.6500000000000000222 ) ) ;
#3025 = AXIS2_PLACEMENT_3D ( 'NONE', #1070, #2496, #1424 ) ;
#3026 = CARTESIAN_POINT ( 'NONE',  ( -1.229999999999999982, -1.930000000000000382, 0.6500000000000002442 ) ) ;
#3027 = CYLINDRICAL_SURFACE ( 'NONE', #1766, 0.3000000000000000444 ) ;
#3028 = DIRECTION ( 'NONE',  ( 1.000000000000000000, 0.0000000000000000000, 0.0000000000000000000 ) ) ;
#3029 = ORIENTED_EDGE ( 'NONE', *, *, #3598, .T. ) ;
#3030 =( NAMED_UNIT ( * ) PLANE_ANGLE_UNIT ( ) SI_UNIT ( $, .RADIAN. ) );
#3031 = ADVANCED_FACE ( 'NONE', ( #4272 ), #2458, .T. ) ;
#3032 = SURFACE_SIDE_STYLE ('',( #2320 ) ) ;
#3033 = ORIENTED_EDGE ( 'NONE', *, *, #2964, .T. ) ;
#3034 = SURFACE_STYLE_USAGE ( .BOTH. , #2275 ) ;
#3035 = ORIENTED_EDGE ( 'NONE', *, *, #2860, .F. ) ;
#3036 = CARTESIAN_POINT ( 'NONE',  ( 0.9300000000000000488, -1.930000000000000160, 0.6500000000000001332 ) ) ;
#3037 =( NAMED_UNIT ( * ) PLANE_ANGLE_UNIT ( ) SI_UNIT ( $, .RADIAN. ) );
#3038 = EDGE_LOOP ( 'NONE', ( #2367, #4138, #4181, #4312 ) ) ;
#3039 = VECTOR ( 'NONE', #4163, 1000.000000000000000 ) ;
#3040 = SURFACE_STYLE_USAGE ( .BOTH. , #449 ) ;
#3041 = DIRECTION ( 'NONE',  ( -0.0000000000000000000, -1.000000000000000000, -0.0000000000000000000 ) ) ;
#3042 = EDGE_CURVE ( 'NONE', #3095, #123, #4650, .T. ) ;
#3043 =( LENGTH_UNIT ( ) NAMED_UNIT ( * ) SI_UNIT ( .MILLI., .METRE. ) );
#3044 = PRESENTATION_STYLE_ASSIGNMENT (( #1987 ) ) ;
#3045 = FACE_OUTER_BOUND ( 'NONE', #4089, .T. ) ;
#3046 = CARTESIAN_POINT ( 'NONE',  ( 1.229999999999999982, -2.230000000000000426, 0.9499999999999999556 ) ) ;
#3047 = ADVANCED_FACE ( 'NONE', ( #1690 ), #3934, .T. ) ;
#3048 = ORIENTED_EDGE ( 'NONE', *, *, #1991, .F. ) ;
#3049 = DIRECTION ( 'NONE',  ( 0.0000000000000000000, 1.000000000000000000, -0.0000000000000000000 ) ) ;
#3050 = DIRECTION ( 'NONE',  ( 0.0000000000000000000, -0.0000000000000000000, -1.000000000000000000 ) ) ;
#3051 = SURFACE_STYLE_USAGE ( .BOTH. , #2754 ) ;
#3052 = VECTOR ( 'NONE', #1354, 1000.000000000000000 ) ;
#3053 = VERTEX_POINT ( 'NONE', #262 ) ;
#3054 = ORIENTED_EDGE ( 'NONE', *, *, #4233, .F. ) ;
#3055 = PRESENTATION_STYLE_ASSIGNMENT (( #1478 ) ) ;
#3056 = EDGE_CURVE ( 'NONE', #2144, #1193, #4348, .T. ) ;
#3057 = ORIENTED_EDGE ( 'NONE', *, *, #4803, .T. ) ;
#3058 = CARTESIAN_POINT ( 'NONE',  ( 1.500000000000000000, 0.9749999999999999778, 0.0000000000000000000 ) ) ;
#3059 = CARTESIAN_POINT ( 'NONE',  ( -0.9299999999999990496, 2.230000000000000426, 0.9499999999999999556 ) ) ;
#3060 = STYLED_ITEM ( 'NONE', ( #3476 ), #450 ) ;
#3061 = AXIS2_PLACEMENT_3D ( 'NONE', #1421, #304, #4759 ) ;
#3062 = DIRECTION ( 'NONE',  ( 1.000000000000000000, -0.0000000000000000000, 0.0000000000000000000 ) ) ;
#3063 = ORIENTED_EDGE ( 'NONE', *, *, #874, .F. ) ;
#3064 = AXIS2_PLACEMENT_3D ( 'NONE', #368, #1869, #2172 ) ;
#3065 = EDGE_CURVE ( 'NONE', #4440, #865, #1432, .T. ) ;
#3066 =( GEOMETRIC_REPRESENTATION_CONTEXT ( 3 ) GLOBAL_UNCERTAINTY_ASSIGNED_CONTEXT ( ( #3800 ) ) GLOBAL_UNIT_ASSIGNED_CONTEXT ( ( #1584, #3070, #846 ) ) REPRESENTATION_CONTEXT ( 'NONE', 'WORKASPACE' ) );
#3067 = EDGE_LOOP ( 'NONE', ( #395, #2672, #3210, #1923 ) ) ;
#3068 = FACE_OUTER_BOUND ( 'NONE', #889, .T. ) ;
#3069 = CARTESIAN_POINT ( 'NONE',  ( 1.500000000000000000, 1.625000000000000222, 0.1090000000000000135 ) ) ;
#3070 =( NAMED_UNIT ( * ) PLANE_ANGLE_UNIT ( ) SI_UNIT ( $, .RADIAN. ) );
#3071 = AXIS2_PLACEMENT_3D ( 'NONE', #1345, #3230, #2051 ) ;
#3072 = CARTESIAN_POINT ( 'NONE',  ( -1.510000000000000009, -0.2750000000000000222, 0.1100000000000000006 ) ) ;
#3073 = VECTOR ( 'NONE', #1473, 1000.000000000000000 ) ;
#3074 =( NAMED_UNIT ( * ) PLANE_ANGLE_UNIT ( ) SI_UNIT ( $, .RADIAN. ) );
#3075 = DIRECTION ( 'NONE',  ( 0.0000000000000000000, -0.0000000000000000000, 1.000000000000000000 ) ) ;
#3076 = VECTOR ( 'NONE', #792, 1000.000000000000000 ) ;
#3077 = LINE ( 'NONE', #4554, #1277 ) ;
#3078 = ORIENTED_EDGE ( 'NONE', *, *, #3150, .F. ) ;
#3079 = ORIENTED_EDGE ( 'NONE', *, *, #3294, .T. ) ;
#3080 = STYLED_ITEM ( 'NONE', ( #778 ), #1901 ) ;
#3081 = DIRECTION ( 'NONE',  ( -0.0000000000000000000, 1.000000000000000000, 0.0000000000000000000 ) ) ;
#3082 = EDGE_CURVE ( 'NONE', #3803, #3844, #1536, .T. ) ;
#3083 = DIRECTION ( 'NONE',  ( 0.0000000000000000000, 0.0000000000000000000, 1.000000000000000000 ) ) ;
#3084 = AXIS2_PLACEMENT_3D ( 'NONE', #1615, #149, #4224 ) ;
#3085 = ORIENTED_EDGE ( 'NONE', *, *, #1140, .F. ) ;
#3086 = LINE ( 'NONE', #159, #1390 ) ;
#3087 = ORIENTED_EDGE ( 'NONE', *, *, #4252, .T. ) ;
#3088 = AXIS2_PLACEMENT_3D ( 'NONE', #2382, #2039, #3019 ) ;
#3089 = FACE_OUTER_BOUND ( 'NONE', #139, .T. ) ;
#3090 =( NAMED_UNIT ( * ) PLANE_ANGLE_UNIT ( ) SI_UNIT ( $, .RADIAN. ) );
#3091 = ADVANCED_FACE ( 'NONE', ( #1035 ), #3988, .T. ) ;
#3092 = VERTEX_POINT ( 'NONE', #4768 ) ;
#3093 =( GEOMETRIC_REPRESENTATION_CONTEXT ( 3 ) GLOBAL_UNCERTAINTY_ASSIGNED_CONTEXT ( ( #1151 ) ) GLOBAL_UNIT_ASSIGNED_CONTEXT ( ( #2950, #4120, #731 ) ) REPRESENTATION_CONTEXT ( 'NONE', 'WORKASPACE' ) );
#3094 = LINE ( 'NONE', #4574, #2185 ) ;
#3095 = VERTEX_POINT ( 'NONE', #3641 ) ;
#3096 = DIRECTION ( 'NONE',  ( 0.0000000000000000000, -1.000000000000000000, -0.0000000000000000000 ) ) ;
#3097 = STYLED_ITEM ( 'NONE', ( #2722 ), #3642 ) ;
#3098 =( NAMED_UNIT ( * ) PLANE_ANGLE_UNIT ( ) SI_UNIT ( $, .RADIAN. ) );
#3099 = PRESENTATION_LAYER_ASSIGNMENT (  '', '', ( #3882 ) ) ;
#3100 = EDGE_CURVE ( 'NONE', #634, #3108, #3180, .T. ) ;
#3101 = PRESENTATION_LAYER_ASSIGNMENT (  '', '', ( #3406 ) ) ;
#3102 = FACE_OUTER_BOUND ( 'NONE', #1264, .T. ) ;
#3103 = PRESENTATION_STYLE_ASSIGNMENT (( #1616 ) ) ;
#3104 = VECTOR ( 'NONE', #3997, 1000.000000000000000 ) ;
#3105 = VECTOR ( 'NONE', #3262, 1000.000000000000000 ) ;
#3106 = CARTESIAN_POINT ( 'NONE',  ( -1.229999999999999982, -2.396999999999999797, 0.4000000000000000222 ) ) ;
#3107 = ORIENTED_EDGE ( 'NONE', *, *, #2573, .T. ) ;
#3108 = VERTEX_POINT ( 'NONE', #4008 ) ;
#3109 = VECTOR ( 'NONE', #2548, 1000.000000000000000 ) ;
#3110 = CARTESIAN_POINT ( 'NONE',  ( -0.5000000000000000000, -2.225000000000000089, 0.1000000000000000056 ) ) ;
#3111 = LINE ( 'NONE', #4588, #3539 ) ;
#3112 = UNCERTAINTY_MEASURE_WITH_UNIT (LENGTH_MEASURE( 1.000000000000000082E-05 ), #4344, 'distance_accuracy_value', 'NONE');
#3113 = DIRECTION ( 'NONE',  ( 0.0000000000000000000, 1.000000000000000000, -0.0000000000000000000 ) ) ;
#3114 = ORIENTED_EDGE ( 'NONE', *, *, #260, .T. ) ;
#3115 = ORIENTED_EDGE ( 'NONE', *, *, #2741, .T. ) ;
#3116 = ORIENTED_EDGE ( 'NONE', *, *, #3613, .F. ) ;
#3117 = DIRECTION ( 'NONE',  ( -0.0000000000000000000, 0.0000000000000000000, 1.000000000000000000 ) ) ;
#3118 = UNCERTAINTY_MEASURE_WITH_UNIT (LENGTH_MEASURE( 1.000000000000000082E-05 ), #2610, 'distance_accuracy_value', 'NONE');
#3119 = ORIENTED_EDGE ( 'NONE', *, *, #1443, .T. ) ;
#3120 =( NAMED_UNIT ( * ) PLANE_ANGLE_UNIT ( ) SI_UNIT ( $, .RADIAN. ) );
#3121 = ORIENTED_EDGE ( 'NONE', *, *, #3841, .T. ) ;
#3122 = CARTESIAN_POINT ( 'NONE',  ( -1.250000000000000000, -2.250000000000000444, -0.7062500000000000444 ) ) ;
#3123 = ADVANCED_FACE ( 'NONE', ( #3591 ), #3667, .T. ) ;
#3124 = FACE_OUTER_BOUND ( 'NONE', #2316, .T. ) ;
#3125 = CARTESIAN_POINT ( 'NONE',  ( -1.510000000000000009, -1.625000000000000222, 0.1000000000000000056 ) ) ;
#3126 = PRESENTATION_LAYER_ASSIGNMENT (  '', '', ( #3204 ) ) ;
#3127 = ADVANCED_FACE ( 'NONE', ( #2278 ), #4519, .T. ) ;
#3128 = SURFACE_STYLE_FILL_AREA ( #51 ) ;
#3129 = CARTESIAN_POINT ( 'NONE',  ( 1.377000000000000002, -2.350000000000000089, 0.4270000000000000462 ) ) ;
#3130 = DIRECTION ( 'NONE',  ( -0.0000000000000000000, 1.000000000000000000, 0.0000000000000000000 ) ) ;
#3131 = SURFACE_SIDE_STYLE ('',( #1646 ) ) ;
#3132 = ORIENTED_EDGE ( 'NONE', *, *, #3628, .T. ) ;
#3133 = ORIENTED_EDGE ( 'NONE', *, *, #964, .T. ) ;
#3134 = CARTESIAN_POINT ( 'NONE',  ( 0.5999999999999999778, -0.8750000000000000000, 0.0000000000000000000 ) ) ;
#3135 = PRESENTATION_STYLE_ASSIGNMENT (( #2024 ) ) ;
#3136 = CARTESIAN_POINT ( 'NONE',  ( 0.6500000000000001332, 1.649999999999999911, 0.7500000000000000000 ) ) ;
#3137 = ORIENTED_EDGE ( 'NONE', *, *, #1754, .F. ) ;
#3138 = LINE ( 'NONE', #2030, #4121 ) ;
#3139 = ORIENTED_EDGE ( 'NONE', *, *, #504, .T. ) ;
#3140 = FILL_AREA_STYLE_COLOUR ( '', #2712 ) ;
#3141 =( NAMED_UNIT ( * ) SI_UNIT ( $, .STERADIAN. ) SOLID_ANGLE_UNIT ( ) );
#3142 = PRESENTATION_LAYER_ASSIGNMENT (  '', '', ( #400 ) ) ;
#3143 = ORIENTED_EDGE ( 'NONE', *, *, #2860, .T. ) ;
#3144 = CARTESIAN_POINT ( 'NONE',  ( 0.5000000000000000000, -2.225000000000000089, 0.09999999999999989453 ) ) ;
#3145 = ORIENTED_EDGE ( 'NONE', *, *, #777, .F. ) ;
#3146 =( LENGTH_UNIT ( ) NAMED_UNIT ( * ) SI_UNIT ( .MILLI., .METRE. ) );
#3147 = COLOUR_RGB ( '',0.8470588235294117530, 0.6901960784313725394, 0.2196078431372548989 ) ;
#3148 = DIRECTION ( 'NONE',  ( -1.000000000000000000, 0.0000000000000000000, -0.0000000000000000000 ) ) ;
#3149 = VECTOR ( 'NONE', #2480, 1000.000000000000000 ) ;
#3150 = EDGE_CURVE ( 'NONE', #4781, #49, #4812, .T. ) ;
#3151 = COLOUR_RGB ( '',0.8470588235294117530, 0.6901960784313725394, 0.2196078431372548989 ) ;
#3152 = DIRECTION ( 'NONE',  ( -0.0000000000000000000, 1.000000000000000000, 0.0000000000000000000 ) ) ;
#3153 = PRESENTATION_STYLE_ASSIGNMENT (( #1667 ) ) ;
#3154 = VECTOR ( 'NONE', #4159, 1000.000000000000000 ) ;
#3155 =( GEOMETRIC_REPRESENTATION_CONTEXT ( 3 ) GLOBAL_UNCERTAINTY_ASSIGNED_CONTEXT ( ( #1493 ) ) GLOBAL_UNIT_ASSIGNED_CONTEXT ( ( #3315, #4079, #4421 ) ) REPRESENTATION_CONTEXT ( 'NONE', 'WORKASPACE' ) );
#3156 =( NAMED_UNIT ( * ) SI_UNIT ( $, .STERADIAN. ) SOLID_ANGLE_UNIT ( ) );
#3157 = EDGE_CURVE ( 'NONE', #4075, #2805, #1306, .T. ) ;
#3158 =( NAMED_UNIT ( * ) SI_UNIT ( $, .STERADIAN. ) SOLID_ANGLE_UNIT ( ) );
#3159 = VECTOR ( 'NONE', #3022, 1000.000000000000000 ) ;
#3160 = ORIENTED_EDGE ( 'NONE', *, *, #1744, .F. ) ;
#3161 = AXIS2_PLACEMENT_3D ( 'NONE', #4623, #220, #1665 ) ;
#3162 = PRESENTATION_STYLE_ASSIGNMENT (( #2427 ) ) ;
#3163 = CARTESIAN_POINT ( 'NONE',  ( 0.0000000000000000000, 0.0000000000000000000, 0.0000000000000000000 ) ) ;
#3164 = DIRECTION ( 'NONE',  ( -0.0000000000000000000, -0.0000000000000000000, -1.000000000000000000 ) ) ;
#3165 = CARTESIAN_POINT ( 'NONE',  ( 1.500000000000000000, 0.9749999999999999778, 0.09999999999999999167 ) ) ;
#3166 = MECHANICAL_DESIGN_GEOMETRIC_PRESENTATION_REPRESENTATION (  '', ( #3960 ), #4038 ) ;
#3167 = LINE ( 'NONE', #959, #3149 ) ;
#3168 =( LENGTH_UNIT ( ) NAMED_UNIT ( * ) SI_UNIT ( .MILLI., .METRE. ) );
#3169 = EDGE_LOOP ( 'NONE', ( #2527, #2482, #643, #130 ) ) ;
#3170 =( NAMED_UNIT ( * ) PLANE_ANGLE_UNIT ( ) SI_UNIT ( $, .RADIAN. ) );
#3171 = PRESENTATION_STYLE_ASSIGNMENT (( #1638 ) ) ;
#3172 = VECTOR ( 'NONE', #1749, 1000.000000000000000 ) ;
#3173 = CARTESIAN_POINT ( 'NONE',  ( 0.4000000000000000777, 1.649999999999999911, 0.7500000000000000000 ) ) ;
#3174 = MECHANICAL_DESIGN_GEOMETRIC_PRESENTATION_REPRESENTATION (  '', ( #4490 ), #3093 ) ;
#3175 = CARTESIAN_POINT ( 'NONE',  ( -1.350000000000000089, -2.250000000000000444, 0.3999999999999999667 ) ) ;
#3176 = PRESENTATION_LAYER_ASSIGNMENT (  '', '', ( #738 ) ) ;
#3177 = VECTOR ( 'NONE', #2312, 1000.000000000000000 ) ;
#3178 = SURFACE_STYLE_FILL_AREA ( #2127 ) ;
#3179 = COLOUR_RGB ( '',0.8470588235294117530, 0.6901960784313725394, 0.2196078431372548989 ) ;
#3180 = CIRCLE ( 'NONE', #2336, 0.1000000000000000472 ) ;
#3181 = PLANE ( 'NONE',  #3796 ) ;
#3182 = ADVANCED_FACE ( 'NONE', ( #4139, #2634, #4456 ), #1169, .T. ) ;
#3183 = CARTESIAN_POINT ( 'NONE',  ( -1.500000000000000000, -2.549999999999999822, 0.2999999999999999889 ) ) ;
#3184 = MECHANICAL_DESIGN_GEOMETRIC_PRESENTATION_REPRESENTATION (  '', ( #4052 ), #4732 ) ;
#3185 = CARTESIAN_POINT ( 'NONE',  ( 1.230000000000000204, -2.105735931288071683, 0.6500000000000000222 ) ) ;
#3186 = DIRECTION ( 'NONE',  ( 0.0000000000000000000, 0.0000000000000000000, -1.000000000000000000 ) ) ;
#3187 = ORIENTED_EDGE ( 'NONE', *, *, #3780, .F. ) ;
#3188 = ORIENTED_EDGE ( 'NONE', *, *, #2454, .T. ) ;
#3189 = COLOUR_RGB ( '',0.8470588235294117530, 0.6901960784313725394, 0.2196078431372548989 ) ;
#3190 = PLANE ( 'NONE',  #2188 ) ;
#3191 = EDGE_CURVE ( 'NONE', #2418, #2508, #2706, .T. ) ;
#3192 = CARTESIAN_POINT ( 'NONE',  ( 3.652499999999999858, -1.930000000000000160, 0.9500000000000000666 ) ) ;
#3193 = DIRECTION ( 'NONE',  ( 0.0000000000000000000, 0.0000000000000000000, 1.000000000000000000 ) ) ;
#3194 = STYLED_ITEM ( 'NONE', ( #2846 ), #4520 ) ;
#3195 = LINE ( 'NONE', #2479, #4400 ) ;
#3196 = FILL_AREA_STYLE ('',( #2434 ) ) ;
#3197 = VERTEX_POINT ( 'NONE', #3058 ) ;
#3198 = SURFACE_STYLE_USAGE ( .BOTH. , #2206 ) ;
#3199 = CARTESIAN_POINT ( 'NONE',  ( -1.500000000000000000, 0.3750000000000000000, 0.09999999999999999167 ) ) ;
#3200 = FILL_AREA_STYLE ('',( #2462 ) ) ;
#3201 = DIRECTION ( 'NONE',  ( 1.000000000000000000, 0.0000000000000000000, 0.0000000000000000000 ) ) ;
#3202 =( NAMED_UNIT ( * ) SI_UNIT ( $, .STERADIAN. ) SOLID_ANGLE_UNIT ( ) );
#3203 = SURFACE_SIDE_STYLE ('',( #1778 ) ) ;
#3204 = STYLED_ITEM ( 'NONE', ( #2359 ), #4604 ) ;
#3205 = PRESENTATION_STYLE_ASSIGNMENT (( #2104 ) ) ;
#3206 = CARTESIAN_POINT ( 'NONE',  ( 0.5000000000000000000, -0.2750000000000000777, 0.0000000000000000000 ) ) ;
#3207 = EDGE_CURVE ( 'NONE', #2322, #1653, #2874, .T. ) ;
#3208 = VERTEX_POINT ( 'NONE', #1228 ) ;
#3209 = ORIENTED_EDGE ( 'NONE', *, *, #2432, .T. ) ;
#3210 = ORIENTED_EDGE ( 'NONE', *, *, #4544, .F. ) ;
#3211 = SHAPE_REPRESENTATION_RELATIONSHIP ( 'NONE' , 'NONE' ,  #1152, #3402 ) ;
#3212 = LINE ( 'NONE', #1350, #4572 ) ;
#3213 = CARTESIAN_POINT ( 'NONE',  ( -1.350000000000000089, 2.250000000000000444, -0.7062500000000000444 ) ) ;
#3214 = CARTESIAN_POINT ( 'NONE',  ( -1.500000000000000000, 2.500000000000000000, 0.3499999999999999778 ) ) ;
#3215 = ORIENTED_EDGE ( 'NONE', *, *, #195, .F. ) ;
#3216 = SURFACE_STYLE_FILL_AREA ( #4328 ) ;
#3217 = DIRECTION ( 'NONE',  ( -1.000000000000000000, 0.0000000000000000000, -0.0000000000000000000 ) ) ;
#3218 = EDGE_CURVE ( 'NONE', #634, #389, #4540, .T. ) ;
#3219 = SURFACE_STYLE_FILL_AREA ( #2294 ) ;
#3220 = PRESENTATION_LAYER_ASSIGNMENT (  '', '', ( #1669 ) ) ;
#3221 = VECTOR ( 'NONE', #512, 1000.000000000000000 ) ;
#3222 =( GEOMETRIC_REPRESENTATION_CONTEXT ( 3 ) GLOBAL_UNCERTAINTY_ASSIGNED_CONTEXT ( ( #2787 ) ) GLOBAL_UNIT_ASSIGNED_CONTEXT ( ( #4409, #2240, #8 ) ) REPRESENTATION_CONTEXT ( 'NONE', 'WORKASPACE' ) );
#3223 = CARTESIAN_POINT ( 'NONE',  ( -1.500000000000000000, 0.9749999999999998668, 0.09999999999999999167 ) ) ;
#3224 = FILL_AREA_STYLE ('',( #2441 ) ) ;
#3225 =( GEOMETRIC_REPRESENTATION_CONTEXT ( 3 ) GLOBAL_UNCERTAINTY_ASSIGNED_CONTEXT ( ( #3397 ) ) GLOBAL_UNIT_ASSIGNED_CONTEXT ( ( #230, #1733, #2801 ) ) REPRESENTATION_CONTEXT ( 'NONE', 'WORKASPACE' ) );
#3226 =( GEOMETRIC_REPRESENTATION_CONTEXT ( 3 ) GLOBAL_UNCERTAINTY_ASSIGNED_CONTEXT ( ( #4670 ) ) GLOBAL_UNIT_ASSIGNED_CONTEXT ( ( #971, #1261, #3158 ) ) REPRESENTATION_CONTEXT ( 'NONE', 'WORKASPACE' ) );
#3227 = SURFACE_SIDE_STYLE ('',( #2472 ) ) ;
#3228 = LINE ( 'NONE', #4362, #2504 ) ;
#3229 = DIRECTION ( 'NONE',  ( 1.000000000000000000, -0.0000000000000000000, -0.0000000000000000000 ) ) ;
#3230 = DIRECTION ( 'NONE',  ( 0.0000000000000000000, 0.0000000000000000000, 1.000000000000000000 ) ) ;
#3231 = VERTEX_POINT ( 'NONE', #4186 ) ;
#3232 = ORIENTED_EDGE ( 'NONE', *, *, #1823, .F. ) ;
#3233 =( NAMED_UNIT ( * ) PLANE_ANGLE_UNIT ( ) SI_UNIT ( $, .RADIAN. ) );
#3234 = ORIENTED_EDGE ( 'NONE', *, *, #2566, .F. ) ;
#3235 = DIRECTION ( 'NONE',  ( -0.0000000000000000000, -1.000000000000000000, 0.0000000000000000000 ) ) ;
#3236 = CARTESIAN_POINT ( 'NONE',  ( -0.5999999999999999778, -2.234999999999999876, 0.1000000000000000056 ) ) ;
#3237 = EDGE_CURVE ( 'NONE', #4478, #4036, #1196, .T. ) ;
#3238 = DIRECTION ( 'NONE',  ( 0.0000000000000000000, 0.0000000000000000000, -1.000000000000000000 ) ) ;
#3239 = LINE ( 'NONE', #596, #2763 ) ;
#3240 = CARTESIAN_POINT ( 'NONE',  ( 1.508999999999999897, -2.133999999999999897, 0.0000000000000000000 ) ) ;
#3241 = ORIENTED_EDGE ( 'NONE', *, *, #943, .F. ) ;
#3242 = FILL_AREA_STYLE_COLOUR ( '', #2795 ) ;
#3243 = EDGE_CURVE ( 'NONE', #4613, #1821, #3848, .T. ) ;
#3244 = FILL_AREA_STYLE_COLOUR ( '', #4467 ) ;
#3245 = COLOUR_RGB ( '',0.8470588235294117530, 0.6901960784313725394, 0.2196078431372548989 ) ;
#3246 = ORIENTED_EDGE ( 'NONE', *, *, #2854, .F. ) ;
#3247 = ADVANCED_FACE ( 'NONE', ( #1276 ), #1251, .T. ) ;
#3248 = CARTESIAN_POINT ( 'NONE',  ( 1.510000000000000009, -2.225000000000000089, 0.1100000000000000006 ) ) ;
#3249 = VECTOR ( 'NONE', #2113, 1000.000000000000000 ) ;
#3250 = CARTESIAN_POINT ( 'NONE',  ( -1.510000000000000009, -2.125000000000000000, 0.1000000000000000056 ) ) ;
#3251 = FILL_AREA_STYLE ('',( #689 ) ) ;
#3252 = PRESENTATION_LAYER_ASSIGNMENT (  '', '', ( #4490 ) ) ;
#3253 = CARTESIAN_POINT ( 'NONE',  ( -0.5000000000000000000, -2.225000000000000089, 0.0000000000000000000 ) ) ;
#3254 = CARTESIAN_POINT ( 'NONE',  ( 0.9300000000000000488, 2.230000000000000426, -1.561250000000000249 ) ) ;
#3255 = CARTESIAN_POINT ( 'NONE',  ( 0.5999999999999999778, 2.125000000000000000, 0.1000000000000000056 ) ) ;
#3256 = UNCERTAINTY_MEASURE_WITH_UNIT (LENGTH_MEASURE( 1.000000000000000082E-05 ), #3790, 'distance_accuracy_value', 'NONE');
#3257 = DIRECTION ( 'NONE',  ( 0.0000000000000000000, -0.0000000000000000000, 1.000000000000000000 ) ) ;
#3258 = ORIENTED_EDGE ( 'NONE', *, *, #803, .F. ) ;
#3259 = VERTEX_POINT ( 'NONE', #1304 ) ;
#3260 = SURFACE_SIDE_STYLE ('',( #1786 ) ) ;
#3261 = VECTOR ( 'NONE', #763, 1000.000000000000000 ) ;
#3262 = DIRECTION ( 'NONE',  ( -0.0000000000000000000, -1.000000000000000000, 0.0000000000000000000 ) ) ;
#3263 = STYLED_ITEM ( 'NONE', ( #1769 ), #3123 ) ;
#3264 = CARTESIAN_POINT ( 'NONE',  ( -0.9299999999999993827, 2.230000000000000426, 0.6500000000000001332 ) ) ;
#3265 = CARTESIAN_POINT ( 'NONE',  ( -1.105735931288071683, -1.930000000000000382, 0.9500000000000001776 ) ) ;
#3266 = DIRECTION ( 'NONE',  ( -0.0000000000000000000, -1.000000000000000000, 0.0000000000000000000 ) ) ;
#3267 = UNCERTAINTY_MEASURE_WITH_UNIT (LENGTH_MEASURE( 1.000000000000000082E-05 ), #2968, 'distance_accuracy_value', 'NONE');
#3268 = VECTOR ( 'NONE', #4766, 1000.000000000000000 ) ;
#3269 = ORIENTED_EDGE ( 'NONE', *, *, #4633, .T. ) ;
#3270 = CARTESIAN_POINT ( 'NONE',  ( -0.6500000000000001332, -1.649999999999999911, 0.7500000000000000000 ) ) ;
#3271 = FACE_OUTER_BOUND ( 'NONE', #992, .T. ) ;
#3272 = EDGE_CURVE ( 'NONE', #4182, #4545, #441, .T. ) ;
#3273 = ORIENTED_EDGE ( 'NONE', *, *, #1129, .F. ) ;
#3274 = CARTESIAN_POINT ( 'NONE',  ( -1.500000000000000000, -1.625000000000000222, 0.1090000000000000135 ) ) ;
#3275 =( NAMED_UNIT ( * ) PLANE_ANGLE_UNIT ( ) SI_UNIT ( $, .RADIAN. ) );
#3276 = SURFACE_STYLE_FILL_AREA ( #3623 ) ;
#3277 =( NAMED_UNIT ( * ) SI_UNIT ( $, .STERADIAN. ) SOLID_ANGLE_UNIT ( ) );
#3278 = LINE ( 'NONE', #4756, #2536 ) ;
#3279 = EDGE_CURVE ( 'NONE', #2987, #4546, #2029, .T. ) ;
#3280 =( GEOMETRIC_REPRESENTATION_CONTEXT ( 3 ) GLOBAL_UNCERTAINTY_ASSIGNED_CONTEXT ( ( #1360 ) ) GLOBAL_UNIT_ASSIGNED_CONTEXT ( ( #1577, #2279, #1170 ) ) REPRESENTATION_CONTEXT ( 'NONE', 'WORKASPACE' ) );
#3281 = ORIENTED_EDGE ( 'NONE', *, *, #379, .F. ) ;
#3282 = DIRECTION ( 'NONE',  ( -0.0000000000000000000, -0.0000000000000000000, -1.000000000000000000 ) ) ;
#3283 = SURFACE_STYLE_USAGE ( .BOTH. , #307 ) ;
#3284 = CARTESIAN_POINT ( 'NONE',  ( -1.032943725152286607, 2.105735931288071683, 0.9499999999999999556 ) ) ;
#3285 =( NAMED_UNIT ( * ) SI_UNIT ( $, .STERADIAN. ) SOLID_ANGLE_UNIT ( ) );
#3286 =( GEOMETRIC_REPRESENTATION_CONTEXT ( 3 ) GLOBAL_UNCERTAINTY_ASSIGNED_CONTEXT ( ( #2882 ) ) GLOBAL_UNIT_ASSIGNED_CONTEXT ( ( #4686, #2084, #935 ) ) REPRESENTATION_CONTEXT ( 'NONE', 'WORKASPACE' ) );
#3287 = CYLINDRICAL_SURFACE ( 'NONE', #4244, 0.3000000000000000444 ) ;
#3288 = CARTESIAN_POINT ( 'NONE',  ( -1.500000000000000000, -2.234999999999999876, 0.1000000000000000056 ) ) ;
#3289 = VERTEX_POINT ( 'NONE', #464 ) ;
#3290 =( LENGTH_UNIT ( ) NAMED_UNIT ( * ) SI_UNIT ( .MILLI., .METRE. ) );
#3291 = PRESENTATION_STYLE_ASSIGNMENT (( #3730 ) ) ;
#3292 = SURFACE_STYLE_FILL_AREA ( #1083 ) ;
#3293 = CARTESIAN_POINT ( 'NONE',  ( 0.5999999999999999778, -2.125000000000000000, 0.0000000000000000000 ) ) ;
#3294 = EDGE_CURVE ( 'NONE', #1821, #1648, #3820, .T. ) ;
#3295 = LINE ( 'NONE', #3340, #351 ) ;
#3296 = DIRECTION ( 'NONE',  ( 0.0000000000000000000, 0.0000000000000000000, 1.000000000000000000 ) ) ;
#3297 = STYLED_ITEM ( 'NONE', ( #3765 ), #73 ) ;
#3298 = SURFACE_STYLE_FILL_AREA ( #2909 ) ;
#3299 = LINE ( 'NONE', #1810, #335 ) ;
#3300 = DIRECTION ( 'NONE',  ( -0.0000000000000000000, -0.0000000000000000000, 1.000000000000000000 ) ) ;
#3301 = STYLED_ITEM ( 'NONE', ( #3368 ), #1014 ) ;
#3302 =( NAMED_UNIT ( * ) SI_UNIT ( $, .STERADIAN. ) SOLID_ANGLE_UNIT ( ) );
#3303 =( GEOMETRIC_REPRESENTATION_CONTEXT ( 3 ) GLOBAL_UNCERTAINTY_ASSIGNED_CONTEXT ( ( #3961 ) ) GLOBAL_UNIT_ASSIGNED_CONTEXT ( ( #168, #3098, #2717 ) ) REPRESENTATION_CONTEXT ( 'NONE', 'WORKASPACE' ) );
#3304 = PLANE ( 'NONE',  #3900 ) ;
#3305 = ORIENTED_EDGE ( 'NONE', *, *, #4302, .T. ) ;
#3306 = CARTESIAN_POINT ( 'NONE',  ( 1.500000000000000000, 1.524999999999999911, 0.0000000000000000000 ) ) ;
#3307 = VECTOR ( 'NONE', #2910, 1000.000000000000000 ) ;
#3308 = EDGE_CURVE ( 'NONE', #1921, #506, #3449, .T. ) ;
#3309 = DIRECTION ( 'NONE',  ( -1.000000000000000000, -0.0000000000000000000, -0.0000000000000000000 ) ) ;
#3310 = UNCERTAINTY_MEASURE_WITH_UNIT (LENGTH_MEASURE( 1.000000000000000082E-05 ), #1142, 'distance_accuracy_value', 'NONE');
#3311 = DIRECTION ( 'NONE',  ( -0.0000000000000000000, -1.000000000000000000, -0.0000000000000000000 ) ) ;
#3312 = VECTOR ( 'NONE', #2365, 1000.000000000000000 ) ;
#3313 = FILL_AREA_STYLE_COLOUR ( '', #1939 ) ;
#3314 = VERTEX_POINT ( 'NONE', #2083 ) ;
#3315 =( LENGTH_UNIT ( ) NAMED_UNIT ( * ) SI_UNIT ( .MILLI., .METRE. ) );
#3316 = ORIENTED_EDGE ( 'NONE', *, *, #4297, .F. ) ;
#3317 = STYLED_ITEM ( 'NONE', ( #12 ), #1881 ) ;
#3318 = STYLED_ITEM ( 'NONE', ( #3205 ), #2151 ) ;
#3319 = CYLINDRICAL_SURFACE ( 'NONE', #2926, 0.2999999999999999334 ) ;
#3320 = DIRECTION ( 'NONE',  ( 0.0000000000000000000, 0.0000000000000000000, -1.000000000000000000 ) ) ;
#3321 = VECTOR ( 'NONE', #3410, 1000.000000000000000 ) ;
#3322 = DIRECTION ( 'NONE',  ( 0.0000000000000000000, 1.000000000000000000, 0.0000000000000000000 ) ) ;
#3323 = CARTESIAN_POINT ( 'NONE',  ( -0.5000000000000000000, -2.549999999999999822, 0.0000000000000000000 ) ) ;
#3324 =( GEOMETRIC_REPRESENTATION_CONTEXT ( 3 ) GLOBAL_UNCERTAINTY_ASSIGNED_CONTEXT ( ( #2398 ) ) GLOBAL_UNIT_ASSIGNED_CONTEXT ( ( #3592, #2461, #3537 ) ) REPRESENTATION_CONTEXT ( 'NONE', 'WORKASPACE' ) );
#3325 = EDGE_LOOP ( 'NONE', ( #1952, #3281, #3133, #4418 ) ) ;
#3326 = FACE_OUTER_BOUND ( 'NONE', #1137, .T. ) ;
#3327 = PRESENTATION_LAYER_ASSIGNMENT (  '', '', ( #4185 ) ) ;
#3328 = STYLED_ITEM ( 'NONE', ( #3480 ), #3031 ) ;
#3329 = CARTESIAN_POINT ( 'NONE',  ( -0.4899999999999999911, -0.9749999999999999778, 0.1000000000000000056 ) ) ;
#3330 = SURFACE_SIDE_STYLE ('',( #4058 ) ) ;
#3331 = VECTOR ( 'NONE', #592, 1000.000000000000000 ) ;
#3332 = FILL_AREA_STYLE_COLOUR ( '', #3413 ) ;
#3333 = ORIENTED_EDGE ( 'NONE', *, *, #609, .F. ) ;
#3334 = MECHANICAL_DESIGN_GEOMETRIC_PRESENTATION_REPRESENTATION (  '', ( #672 ), #2420 ) ;
#3335 = PLANE ( 'NONE',  #1666 ) ;
#3336 = ORIENTED_EDGE ( 'NONE', *, *, #551, .T. ) ;
#3337 = COLOUR_RGB ( '',0.8470588235294117530, 0.6901960784313725394, 0.2196078431372548989 ) ;
#3338 = SURFACE_SIDE_STYLE ('',( #1 ) ) ;
#3339 = VECTOR ( 'NONE', #2873, 1000.000000000000000 ) ;
#3340 = CARTESIAN_POINT ( 'NONE',  ( 1.500000000000000000, 2.225000000000000089, 0.3499999999999999778 ) ) ;
#3341 = CARTESIAN_POINT ( 'NONE',  ( 1.229999999999999982, -1.930000000000000160, -1.561250000000000249 ) ) ;
#3342 =( LENGTH_UNIT ( ) NAMED_UNIT ( * ) SI_UNIT ( .MILLI., .METRE. ) );
#3343 = DIRECTION ( 'NONE',  ( -0.0000000000000000000, 1.000000000000000000, 0.0000000000000000000 ) ) ;
#3344 = SURFACE_SIDE_STYLE ('',( #2624 ) ) ;
#3345 = CARTESIAN_POINT ( 'NONE',  ( 0.4899999999999999911, -0.2750000000000000222, 0.09999999999999989453 ) ) ;
#3346 = EDGE_LOOP ( 'NONE', ( #4146, #4595, #1602 ) ) ;
#3347 = CARTESIAN_POINT ( 'NONE',  ( 0.5999999999999999778, 0.8750000000000000000, 0.0000000000000000000 ) ) ;
#3348 = DIRECTION ( 'NONE',  ( 0.0000000000000000000, 0.0000000000000000000, 1.000000000000000000 ) ) ;
#3349 = EDGE_CURVE ( 'NONE', #827, #4811, #1760, .T. ) ;
#3350 = PRESENTATION_LAYER_ASSIGNMENT (  '', '', ( #1822 ) ) ;
#3351 = PRESENTATION_STYLE_ASSIGNMENT (( #4808 ) ) ;
#3352 = FILL_AREA_STYLE ('',( #4135 ) ) ;
#3353 = EDGE_LOOP ( 'NONE', ( #3608, #832, #1165, #2110 ) ) ;
#3354 = SURFACE_SIDE_STYLE ('',( #781 ) ) ;
#3355 =( LENGTH_UNIT ( ) NAMED_UNIT ( * ) SI_UNIT ( .MILLI., .METRE. ) );
#3356 = EDGE_CURVE ( 'NONE', #1576, #3611, #3984, .T. ) ;
#3357 = CARTESIAN_POINT ( 'NONE',  ( 0.5999999999999999778, 1.625000000000000222, 0.1000000000000000056 ) ) ;
#3358 = CARTESIAN_POINT ( 'NONE',  ( -0.4000000000000000777, -1.649999999999999911, 0.9499999999999999556 ) ) ;
#3359 = EDGE_CURVE ( 'NONE', #123, #1332, #4028, .T. ) ;
#3360 = UNCERTAINTY_MEASURE_WITH_UNIT (LENGTH_MEASURE( 1.000000000000000082E-05 ), #4162, 'distance_accuracy_value', 'NONE');
#3361 = LINE ( 'NONE', #4463, #3159 ) ;
#3362 = FACE_OUTER_BOUND ( 'NONE', #1998, .T. ) ;
#3363 =( NAMED_UNIT ( * ) PLANE_ANGLE_UNIT ( ) SI_UNIT ( $, .RADIAN. ) );
#3364 = VECTOR ( 'NONE', #4688, 1000.000000000000000 ) ;
#3365 = ORIENTED_EDGE ( 'NONE', *, *, #1129, .T. ) ;
#3366 =( GEOMETRIC_REPRESENTATION_CONTEXT ( 3 ) GLOBAL_UNCERTAINTY_ASSIGNED_CONTEXT ( ( #623 ) ) GLOBAL_UNIT_ASSIGNED_CONTEXT ( ( #1936, #3420, #3440 ) ) REPRESENTATION_CONTEXT ( 'NONE', 'WORKASPACE' ) );
#3367 = STYLED_ITEM ( 'NONE', ( #3135 ), #819 ) ;
#3368 = PRESENTATION_STYLE_ASSIGNMENT (( #938 ) ) ;
#3369 = CARTESIAN_POINT ( 'NONE',  ( 0.5909999999999999698, 2.125000000000000000, 0.1090000000000000135 ) ) ;
#3370 = SURFACE_SIDE_STYLE ('',( #1897 ) ) ;
#3371 = EDGE_LOOP ( 'NONE', ( #4212, #4388, #315, #1711 ) ) ;
#3372 = DIRECTION ( 'NONE',  ( 0.0000000000000000000, -1.000000000000000000, 0.0000000000000000000 ) ) ;
#3373 = VECTOR ( 'NONE', #1967, 1000.000000000000000 ) ;
#3374 = EDGE_CURVE ( 'NONE', #2400, #4739, #3555, .T. ) ;
#3375 = DIRECTION ( 'NONE',  ( 0.0000000000000000000, 0.0000000000000000000, 1.000000000000000000 ) ) ;
#3376 = COLOUR_RGB ( '',0.8470588235294117530, 0.6901960784313725394, 0.2196078431372548989 ) ;
#3377 = LINE ( 'NONE', #42, #438 ) ;
#3378 = ORIENTED_EDGE ( 'NONE', *, *, #1560, .F. ) ;
#3379 = ADVANCED_FACE ( 'NONE', ( #2847 ), #1713, .T. ) ;
#3380 = SURFACE_SIDE_STYLE ('',( #447 ) ) ;
#3381 = VECTOR ( 'NONE', #3152, 1000.000000000000000 ) ;
#3382 = DIRECTION ( 'NONE',  ( 0.0000000000000000000, 0.0000000000000000000, -1.000000000000000000 ) ) ;
#3383 = ORIENTED_EDGE ( 'NONE', *, *, #2892, .T. ) ;
#3384 = CARTESIAN_POINT ( 'NONE',  ( 1.250000000000000000, -2.350000000000000089, 0.3999999999999999667 ) ) ;
#3385 =( GEOMETRIC_REPRESENTATION_CONTEXT ( 3 ) GLOBAL_UNCERTAINTY_ASSIGNED_CONTEXT ( ( #1053 ) ) GLOBAL_UNIT_ASSIGNED_CONTEXT ( ( #2752, #83, #3467 ) ) REPRESENTATION_CONTEXT ( 'NONE', 'WORKASPACE' ) );
#3386 = EDGE_CURVE ( 'NONE', #780, #2, #2477, .T. ) ;
#3387 =( NAMED_UNIT ( * ) SI_UNIT ( $, .STERADIAN. ) SOLID_ANGLE_UNIT ( ) );
#3388 = SURFACE_STYLE_FILL_AREA ( #744 ) ;
#3389 = FILL_AREA_STYLE ('',( #3762 ) ) ;
#3390 = VECTOR ( 'NONE', #3650, 1000.000000000000000 ) ;
#3391 = DIRECTION ( 'NONE',  ( 0.0000000000000000000, 0.0000000000000000000, 1.000000000000000000 ) ) ;
#3392 = CARTESIAN_POINT ( 'NONE',  ( 0.5999999999999999778, -2.125000000000000000, 0.1090000000000000135 ) ) ;
#3393 = STYLED_ITEM ( 'NONE', ( #4376 ), #2532 ) ;
#3394 = DIRECTION ( 'NONE',  ( -1.000000000000000000, -0.0000000000000000000, -0.0000000000000000000 ) ) ;
#3395 = VERTEX_POINT ( 'NONE', #4666 ) ;
#3396 = VECTOR ( 'NONE', #163, 1000.000000000000000 ) ;
#3397 = UNCERTAINTY_MEASURE_WITH_UNIT (LENGTH_MEASURE( 1.000000000000000082E-05 ), #230, 'distance_accuracy_value', 'NONE');
#3398 = CARTESIAN_POINT ( 'NONE',  ( 3.652499999999999858, -1.930000000000000160, 0.6500000000000001332 ) ) ;
#3399 = ORIENTED_EDGE ( 'NONE', *, *, #206, .F. ) ;
#3400 =( NAMED_UNIT ( * ) SI_UNIT ( $, .STERADIAN. ) SOLID_ANGLE_UNIT ( ) );
#3401 = ORIENTED_EDGE ( 'NONE', *, *, #2489, .F. ) ;
#3402 = ADVANCED_BREP_SHAPE_REPRESENTATION ( '', ( #33, #166 ), #4305 ) ;
#3403 =( NAMED_UNIT ( * ) SI_UNIT ( $, .STERADIAN. ) SOLID_ANGLE_UNIT ( ) );
#3404 = PLANE ( 'NONE',  #2790 ) ;
#3405 = FACE_OUTER_BOUND ( 'NONE', #3554, .T. ) ;
#3406 = STYLED_ITEM ( 'NONE', ( #814 ), #3798 ) ;
#3407 = EDGE_CURVE ( 'NONE', #722, #1483, #2520, .T. ) ;
#3408 = DIRECTION ( 'NONE',  ( -1.000000000000000000, 0.0000000000000000000, -0.0000000000000000000 ) ) ;
#3409 = VECTOR ( 'NONE', #1294, 1000.000000000000000 ) ;
#3410 = DIRECTION ( 'NONE',  ( 1.000000000000000000, -0.0000000000000000000, 0.0000000000000000000 ) ) ;
#3411 = DIRECTION ( 'NONE',  ( 0.0000000000000000000, 0.0000000000000000000, -1.000000000000000000 ) ) ;
#3412 = ADVANCED_FACE ( 'NONE', ( #1027 ), #3955, .T. ) ;
#3413 = COLOUR_RGB ( '',0.8470588235294117530, 0.6901960784313725394, 0.2196078431372548989 ) ;
#3414 = FILL_AREA_STYLE_COLOUR ( '', #1127 ) ;
#3415 =( NAMED_UNIT ( * ) PLANE_ANGLE_UNIT ( ) SI_UNIT ( $, .RADIAN. ) );
#3416 = CARTESIAN_POINT ( 'NONE',  ( 1.229999999999999982, 1.930000000000000382, 0.6500000000000000222 ) ) ;
#3417 = COLOUR_RGB ( '',0.8470588235294117530, 0.6901960784313725394, 0.2196078431372548989 ) ;
#3418 = EDGE_CURVE ( 'NONE', #2131, #4065, #1112, .T. ) ;
#3419 = LINE ( 'NONE', #1960, #2693 ) ;
#3420 =( NAMED_UNIT ( * ) PLANE_ANGLE_UNIT ( ) SI_UNIT ( $, .RADIAN. ) );
#3421 = ORIENTED_EDGE ( 'NONE', *, *, #2135, .T. ) ;
#3422 = ORIENTED_EDGE ( 'NONE', *, *, #458, .F. ) ;
#3423 = DIRECTION ( 'NONE',  ( -1.000000000000000000, 0.0000000000000000000, -0.0000000000000000000 ) ) ;
#3424 = LINE ( 'NONE', #59, #3373 ) ;
#3425 = EDGE_LOOP ( 'NONE', ( #241, #2653, #939, #3305 ) ) ;
#3426 = VERTEX_POINT ( 'NONE', #2654 ) ;
#3427 = PLANE ( 'NONE',  #2425 ) ;
#3428 = ORIENTED_EDGE ( 'NONE', *, *, #1209, .F. ) ;
#3429 = FILL_AREA_STYLE_COLOUR ( '', #523 ) ;
#3430 = DIRECTION ( 'NONE',  ( 0.0000000000000000000, 0.0000000000000000000, -1.000000000000000000 ) ) ;
#3431 =( GEOMETRIC_REPRESENTATION_CONTEXT ( 3 ) GLOBAL_UNCERTAINTY_ASSIGNED_CONTEXT ( ( #4622 ) ) GLOBAL_UNIT_ASSIGNED_CONTEXT ( ( #3290, #1524, #3403 ) ) REPRESENTATION_CONTEXT ( 'NONE', 'WORKASPACE' ) );
#3432 = CARTESIAN_POINT ( 'NONE',  ( 0.5999999999999999778, -0.8800000000000000044, 0.0000000000000000000 ) ) ;
#3433 = ORIENTED_EDGE ( 'NONE', *, *, #1230, .T. ) ;
#3434 = FILL_AREA_STYLE ('',( #786 ) ) ;
#3435 = VERTEX_POINT ( 'NONE', #752 ) ;
#3436 = CARTESIAN_POINT ( 'NONE',  ( 1.250000000000000000, 2.250000000000000444, 0.3999999999999999667 ) ) ;
#3437 = LINE ( 'NONE', #793, #1296 ) ;
#3438 = EDGE_CURVE ( 'NONE', #3817, #1600, #2271, .T. ) ;
#3439 = CARTESIAN_POINT ( 'NONE',  ( -0.3950000000000000178, -1.905000000000000027, 0.7500000000000000000 ) ) ;
#3440 =( NAMED_UNIT ( * ) SI_UNIT ( $, .STERADIAN. ) SOLID_ANGLE_UNIT ( ) );
#3441 = ORIENTED_EDGE ( 'NONE', *, *, #1498, .T. ) ;
#3442 = ORIENTED_EDGE ( 'NONE', *, *, #4088, .F. ) ;
#3443 = EDGE_CURVE ( 'NONE', #3844, #1734, #1594, .T. ) ;
#3444 = CARTESIAN_POINT ( 'NONE',  ( -1.500000000000000000, -2.125000000000000000, 0.09999999999999999167 ) ) ;
#3445 = FACE_OUTER_BOUND ( 'NONE', #3353, .T. ) ;
#3446 = VECTOR ( 'NONE', #3309, 1000.000000000000000 ) ;
#3447 = VERTEX_POINT ( 'NONE', #902 ) ;
#3448 = VERTEX_POINT ( 'NONE', #509 ) ;
#3449 = LINE ( 'NONE', #4685, #3105 ) ;
#3450 =( LENGTH_UNIT ( ) NAMED_UNIT ( * ) SI_UNIT ( .MILLI., .METRE. ) );
#3451 = EDGE_CURVE ( 'NONE', #4478, #2742, #3495, .T. ) ;
#3452 = VECTOR ( 'NONE', #2444, 1000.000000000000000 ) ;
#3453 =( GEOMETRIC_REPRESENTATION_CONTEXT ( 3 ) GLOBAL_UNCERTAINTY_ASSIGNED_CONTEXT ( ( #856 ) ) GLOBAL_UNIT_ASSIGNED_CONTEXT ( ( #831, #4536, #2399 ) ) REPRESENTATION_CONTEXT ( 'NONE', 'WORKASPACE' ) );
#3454 =( GEOMETRIC_REPRESENTATION_CONTEXT ( 3 ) GLOBAL_UNCERTAINTY_ASSIGNED_CONTEXT ( ( #521 ) ) GLOBAL_UNIT_ASSIGNED_CONTEXT ( ( #1702, #1325, #1341 ) ) REPRESENTATION_CONTEXT ( 'NONE', 'WORKASPACE' ) );
#3455 = ORIENTED_EDGE ( 'NONE', *, *, #1560, .T. ) ;
#3456 = FILL_AREA_STYLE_COLOUR ( '', #291 ) ;
#3457 = CARTESIAN_POINT ( 'NONE',  ( 0.4899999999999999911, -0.8750000000000000000, 0.1000000000000000056 ) ) ;
#3458 = MECHANICAL_DESIGN_GEOMETRIC_PRESENTATION_REPRESENTATION (  '', ( #2547 ), #3946 ) ;
#3459 = CARTESIAN_POINT ( 'NONE',  ( -0.5000000000000000000, 0.9749999999999999778, 0.0000000000000000000 ) ) ;
#3460 =( GEOMETRIC_REPRESENTATION_CONTEXT ( 3 ) GLOBAL_UNCERTAINTY_ASSIGNED_CONTEXT ( ( #283 ) ) GLOBAL_UNIT_ASSIGNED_CONTEXT ( ( #4731, #363, #4068 ) ) REPRESENTATION_CONTEXT ( 'NONE', 'WORKASPACE' ) );
#3461 = AXIS2_PLACEMENT_3D ( 'NONE', #3072, #473, #1982 ) ;
#3462 = EDGE_CURVE ( 'NONE', #541, #1774, #154, .T. ) ;
#3463 = CARTESIAN_POINT ( 'NONE',  ( -1.500000000000000000, 0.2650000000000000688, 0.1000000000000000056 ) ) ;
#3464 = ORIENTED_EDGE ( 'NONE', *, *, #930, .T. ) ;
#3465 = CARTESIAN_POINT ( 'NONE',  ( -1.510000000000000009, 0.8750000000000000000, 0.1000000000000000056 ) ) ;
#3466 = MECHANICAL_DESIGN_GEOMETRIC_PRESENTATION_REPRESENTATION (  '', ( #651 ), #1775 ) ;
#3467 =( NAMED_UNIT ( * ) SI_UNIT ( $, .STERADIAN. ) SOLID_ANGLE_UNIT ( ) );
#3468 = DIRECTION ( 'NONE',  ( -0.0000000000000000000, -0.0000000000000000000, -1.000000000000000000 ) ) ;
#3469 = VECTOR ( 'NONE', #4551, 1000.000000000000000 ) ;
#3470 = ORIENTED_EDGE ( 'NONE', *, *, #4815, .T. ) ;
#3471 = VERTEX_POINT ( 'NONE', #124 ) ;
#3472 = ORIENTED_EDGE ( 'NONE', *, *, #1201, .T. ) ;
#3473 = DIRECTION ( 'NONE',  ( -0.0000000000000000000, -0.0000000000000000000, -1.000000000000000000 ) ) ;
#3474 = COLOUR_RGB ( '',0.8470588235294117530, 0.6901960784313725394, 0.2196078431372548989 ) ;
#3475 = CARTESIAN_POINT ( 'NONE',  ( -0.5999999999999999778, -2.125000000000000000, 0.0000000000000000000 ) ) ;
#3476 = PRESENTATION_STYLE_ASSIGNMENT (( #2004 ) ) ;
#3477 = ORIENTED_EDGE ( 'NONE', *, *, #613, .T. ) ;
#3478 = COLOUR_RGB ( '',0.8470588235294117530, 0.6901960784313725394, 0.2196078431372548989 ) ;
#3479 = ORIENTED_EDGE ( 'NONE', *, *, #3937, .T. ) ;
#3480 = PRESENTATION_STYLE_ASSIGNMENT (( #1661 ) ) ;
#3481 = LINE ( 'NONE', #2483, #1012 ) ;
#3482 = PRESENTATION_STYLE_ASSIGNMENT (( #2010 ) ) ;
#3483 = SURFACE_SIDE_STYLE ('',( #4145 ) ) ;
#3484 =( GEOMETRIC_REPRESENTATION_CONTEXT ( 3 ) GLOBAL_UNCERTAINTY_ASSIGNED_CONTEXT ( ( #2595 ) ) GLOBAL_UNIT_ASSIGNED_CONTEXT ( ( #2920, #2157, #3285 ) ) REPRESENTATION_CONTEXT ( 'NONE', 'WORKASPACE' ) );
#3485 = DIRECTION ( 'NONE',  ( 1.000000000000000000, 0.0000000000000000000, 0.0000000000000000000 ) ) ;
#3486 = VECTOR ( 'NONE', #2451, 1000.000000000000000 ) ;
#3487 = DIRECTION ( 'NONE',  ( 0.0000000000000000000, -0.0000000000000000000, -1.000000000000000000 ) ) ;
#3488 = SURFACE_STYLE_USAGE ( .BOTH. , #1240 ) ;
#3489 = MECHANICAL_DESIGN_GEOMETRIC_PRESENTATION_REPRESENTATION (  '', ( #2799 ), #2572 ) ;
#3490 = LINE ( 'NONE', #3392, #1902 ) ;
#3491 = ORIENTED_EDGE ( 'NONE', *, *, #3780, .T. ) ;
#3492 =( NAMED_UNIT ( * ) SI_UNIT ( $, .STERADIAN. ) SOLID_ANGLE_UNIT ( ) );
#3493 = ORIENTED_EDGE ( 'NONE', *, *, #1007, .F. ) ;
#3494 = COLOUR_RGB ( '',0.8470588235294117530, 0.6901960784313725394, 0.2196078431372548989 ) ;
#3495 = LINE ( 'NONE', #3465, #999 ) ;
#3496 = LINE ( 'NONE', #155, #1696 ) ;
#3497 = UNCERTAINTY_MEASURE_WITH_UNIT (LENGTH_MEASURE( 1.000000000000000082E-05 ), #3168, 'distance_accuracy_value', 'NONE');
#3498 = SURFACE_STYLE_USAGE ( .BOTH. , #3032 ) ;
#3499 = EDGE_LOOP ( 'NONE', ( #3630, #3792, #2569, #4094, #3605, #1475, #2026, #1688 ) ) ;
#3500 = SURFACE_STYLE_FILL_AREA ( #4563 ) ;
#3501 = PRESENTATION_STYLE_ASSIGNMENT (( #862 ) ) ;
#3502 = ADVANCED_FACE ( 'NONE', ( #1622 ), #3901, .T. ) ;
#3503 =( NAMED_UNIT ( * ) PLANE_ANGLE_UNIT ( ) SI_UNIT ( $, .RADIAN. ) );
#3504 = SURFACE_STYLE_USAGE ( .BOTH. , #2807 ) ;
#3505 = ORIENTED_EDGE ( 'NONE', *, *, #3279, .F. ) ;
#3506 = DIRECTION ( 'NONE',  ( 0.0000000000000000000, -0.0000000000000000000, 1.000000000000000000 ) ) ;
#3507 = EDGE_LOOP ( 'NONE', ( #2660, #4586, #3750, #772 ) ) ;
#3508 = LINE ( 'NONE', #3563, #2018 ) ;
#3509 = LINE ( 'NONE', #642, #3770 ) ;
#3510 = UNCERTAINTY_MEASURE_WITH_UNIT (LENGTH_MEASURE( 1.000000000000000082E-05 ), #1962, 'distance_accuracy_value', 'NONE');
#3511 = PRESENTATION_LAYER_ASSIGNMENT (  '', '', ( #317 ) ) ;
#3512 = DIRECTION ( 'NONE',  ( -1.000000000000000000, 0.0000000000000000000, 0.0000000000000000000 ) ) ;
#3513 = CARTESIAN_POINT ( 'NONE',  ( -0.5000000000000000000, -0.2680000000000000160, 0.1069999999999999979 ) ) ;
#3514 = EDGE_CURVE ( 'NONE', #1119, #2344, #2867, .T. ) ;
#3515 = CARTESIAN_POINT ( 'NONE',  ( 1.229999999999999982, 1.930000000000000382, 0.6500000000000001332 ) ) ;
#3516 = AXIS2_PLACEMENT_3D ( 'NONE', #3163, #2784, #4667 ) ;
#3517 = CARTESIAN_POINT ( 'NONE',  ( 0.5000000000000000000, 1.524999999999999911, 0.1100000000000000006 ) ) ;
#3518 = DIRECTION ( 'NONE',  ( 0.0000000000000000000, 0.0000000000000000000, -1.000000000000000000 ) ) ;
#3519 = PRESENTATION_STYLE_ASSIGNMENT (( #896 ) ) ;
#3520 = ORIENTED_EDGE ( 'NONE', *, *, #3462, .T. ) ;
#3521 = ORIENTED_EDGE ( 'NONE', *, *, #2677, .T. ) ;
#3522 = FILL_AREA_STYLE ('',( #537 ) ) ;
#3523 = DIRECTION ( 'NONE',  ( 0.0000000000000000000, 1.000000000000000000, 0.0000000000000000000 ) ) ;
#3524 = EDGE_LOOP ( 'NONE', ( #2255, #1347, #910, #3033 ) ) ;
#3525 = VERTEX_POINT ( 'NONE', #3975 ) ;
#3526 = ORIENTED_EDGE ( 'NONE', *, *, #3636, .T. ) ;
#3527 = DIRECTION ( 'NONE',  ( -0.0000000000000000000, 0.0000000000000000000, -1.000000000000000000 ) ) ;
#3528 = CARTESIAN_POINT ( 'NONE',  ( 0.0000000000000000000, 0.0000000000000000000, 0.0000000000000000000 ) ) ;
#3529 =( NAMED_UNIT ( * ) SI_UNIT ( $, .STERADIAN. ) SOLID_ANGLE_UNIT ( ) );
#3530 = DIRECTION ( 'NONE',  ( -0.0000000000000000000, -0.0000000000000000000, -1.000000000000000000 ) ) ;
#3531 = VECTOR ( 'NONE', #2299, 1000.000000000000000 ) ;
#3532 = ORIENTED_EDGE ( 'NONE', *, *, #4644, .F. ) ;
#3534 = ADVANCED_FACE ( 'NONE', ( #2840 ), #1731, .T. ) ;
#3533 = DIRECTION ( 'NONE',  ( 0.0000000000000000000, 1.000000000000000000, 0.0000000000000000000 ) ) ;
#3535 = DIRECTION ( 'NONE',  ( -1.000000000000000000, 0.0000000000000000000, 0.0000000000000000000 ) ) ;
#3536 = VECTOR ( 'NONE', #4394, 1000.000000000000000 ) ;
#3537 =( NAMED_UNIT ( * ) SI_UNIT ( $, .STERADIAN. ) SOLID_ANGLE_UNIT ( ) );
#3538 = PLANE ( 'NONE',  #1830 ) ;
#3539 = VECTOR ( 'NONE', #1247, 1000.000000000000000 ) ;
#3540 = LINE ( 'NONE', #4303, #273 ) ;
#3541 = EDGE_CURVE ( 'NONE', #2423, #4143, #833, .T. ) ;
#3542 = FACE_OUTER_BOUND ( 'NONE', #524, .T. ) ;
#3543 = SURFACE_STYLE_USAGE ( .BOTH. , #4553 ) ;
#3544 = FILL_AREA_STYLE ('',( #171 ) ) ;
#3545 = COLOUR_RGB ( '',0.8470588235294117530, 0.6901960784313725394, 0.2196078431372548989 ) ;
#3546 = EDGE_CURVE ( 'NONE', #4160, #2927, #649, .T. ) ;
#3547 = FACE_OUTER_BOUND ( 'NONE', #812, .T. ) ;
#3548 = FILL_AREA_STYLE ('',( #4308 ) ) ;
#3549 = CARTESIAN_POINT ( 'NONE',  ( 0.9299999999999997158, -2.105735931288072127, 0.9500000000000002887 ) ) ;
#3550 = SURFACE_STYLE_FILL_AREA ( #2422 ) ;
#3551 = ORIENTED_EDGE ( 'NONE', *, *, #3812, .T. ) ;
#3552 = ORIENTED_EDGE ( 'NONE', *, *, #1351, .T. ) ;
#3553 =( GEOMETRIC_REPRESENTATION_CONTEXT ( 3 ) GLOBAL_UNCERTAINTY_ASSIGNED_CONTEXT ( ( #3267 ) ) GLOBAL_UNIT_ASSIGNED_CONTEXT ( ( #2968, #1093, #626 ) ) REPRESENTATION_CONTEXT ( 'NONE', 'WORKASPACE' ) );
#3554 = EDGE_LOOP ( 'NONE', ( #3336, #4511, #1554, #2350 ) ) ;
#3555 = LINE ( 'NONE', #235, #605 ) ;
#3556 =( NAMED_UNIT ( * ) SI_UNIT ( $, .STERADIAN. ) SOLID_ANGLE_UNIT ( ) );
#3557 = CARTESIAN_POINT ( 'NONE',  ( 1.508999999999999897, 1.625000000000000222, 0.1090000000000000135 ) ) ;
#3558 = CARTESIAN_POINT ( 'NONE',  ( 0.5999999999999999778, 0.3750000000000000000, 0.0000000000000000000 ) ) ;
#3559 = VECTOR ( 'NONE', #2513, 1000.000000000000000 ) ;
#3560 = ORIENTED_EDGE ( 'NONE', *, *, #4696, .F. ) ;
#3561 = DIRECTION ( 'NONE',  ( 0.0000000000000000000, -0.0000000000000000000, -1.000000000000000000 ) ) ;
#3562 = ORIENTED_EDGE ( 'NONE', *, *, #4283, .F. ) ;
#3563 = CARTESIAN_POINT ( 'NONE',  ( 1.500000000000000000, -0.9849999999999999867, 0.1000000000000000056 ) ) ;
#3564 =( GEOMETRIC_REPRESENTATION_CONTEXT ( 3 ) GLOBAL_UNCERTAINTY_ASSIGNED_CONTEXT ( ( #1344 ) ) GLOBAL_UNIT_ASSIGNED_CONTEXT ( ( #2929, #2617, #1099 ) ) REPRESENTATION_CONTEXT ( 'NONE', 'WORKASPACE' ) );
#3565 = FACE_OUTER_BOUND ( 'NONE', #885, .T. ) ;
#3566 = ADVANCED_FACE ( 'NONE', ( #3547 ), #3181, .T. ) ;
#3567 = CARTESIAN_POINT ( 'NONE',  ( -0.5000000000000000000, -0.9749999999999999778, 0.0000000000000000000 ) ) ;
#3568 = VECTOR ( 'NONE', #170, 1000.000000000000000 ) ;
#3569 = MECHANICAL_DESIGN_GEOMETRIC_PRESENTATION_REPRESENTATION (  '', ( #429 ), #3484 ) ;
#3570 = DIRECTION ( 'NONE',  ( 0.0000000000000000000, -0.0000000000000000000, 1.000000000000000000 ) ) ;
#3571 = LINE ( 'NONE', #1805, #4493 ) ;
#3572 = AXIS2_PLACEMENT_3D ( 'NONE', #1825, #4771, #706 ) ;
#3573 = PRESENTATION_LAYER_ASSIGNMENT (  '', '', ( #830 ) ) ;
#3574 = CARTESIAN_POINT ( 'NONE',  ( -0.5999999999999999778, -2.125000000000000000, 0.1000000000000000056 ) ) ;
#3575 = SURFACE_SIDE_STYLE ('',( #3948 ) ) ;
#3576 = FILL_AREA_STYLE ('',( #1370 ) ) ;
#3577 =( GEOMETRIC_REPRESENTATION_CONTEXT ( 3 ) GLOBAL_UNCERTAINTY_ASSIGNED_CONTEXT ( ( #2261 ) ) GLOBAL_UNIT_ASSIGNED_CONTEXT ( ( #4529, #717, #1867 ) ) REPRESENTATION_CONTEXT ( 'NONE', 'WORKASPACE' ) );
#3578 = CARTESIAN_POINT ( 'NONE',  ( 1.105735931288071683, -2.032943725152286163, 0.9500000000000001776 ) ) ;
#3579 = SURFACE_STYLE_FILL_AREA ( #2108 ) ;
#3580 = VERTEX_POINT ( 'NONE', #22 ) ;
#3581 = VERTEX_POINT ( 'NONE', #3690 ) ;
#3582 = MECHANICAL_DESIGN_GEOMETRIC_PRESENTATION_REPRESENTATION (  '', ( #223 ), #610 ) ;
#3583 = FILL_AREA_STYLE ('',( #4435 ) ) ;
#3584 = DIRECTION ( 'NONE',  ( -0.0000000000000000000, -0.0000000000000000000, 1.000000000000000000 ) ) ;
#3585 = FILL_AREA_STYLE ('',( #4030 ) ) ;
#3586 = ADVANCED_FACE ( 'NONE', ( #4754 ), #3738, .T. ) ;
#3587 = VECTOR ( 'NONE', #3394, 1000.000000000000000 ) ;
#3588 =( NAMED_UNIT ( * ) SI_UNIT ( $, .STERADIAN. ) SOLID_ANGLE_UNIT ( ) );
#3589 = SURFACE_STYLE_FILL_AREA ( #3196 ) ;
#3590 = ORIENTED_EDGE ( 'NONE', *, *, #3904, .T. ) ;
#3591 = FACE_OUTER_BOUND ( 'NONE', #3325, .T. ) ;
#3592 =( LENGTH_UNIT ( ) NAMED_UNIT ( * ) SI_UNIT ( .MILLI., .METRE. ) );
#3593 =( LENGTH_UNIT ( ) NAMED_UNIT ( * ) SI_UNIT ( .MILLI., .METRE. ) );
#3594 = SURFACE_STYLE_FILL_AREA ( #4378 ) ;
#3595 = FACE_OUTER_BOUND ( 'NONE', #1970, .T. ) ;
#3596 = AXIS2_PLACEMENT_3D ( 'NONE', #1620, #2751, #4228 ) ;
#3597 = CARTESIAN_POINT ( 'NONE',  ( 1.508999999999999897, -0.8750000000000000000, 0.1090000000000000135 ) ) ;
#3598 = EDGE_CURVE ( 'NONE', #1168, #2433, #1133, .T. ) ;
#3599 = DIRECTION ( 'NONE',  ( -0.0000000000000000000, -0.0000000000000000000, 1.000000000000000000 ) ) ;
#3600 = DIRECTION ( 'NONE',  ( 0.0000000000000000000, 0.0000000000000000000, -1.000000000000000000 ) ) ;
#3601 = CARTESIAN_POINT ( 'NONE',  ( -0.5999999999999999778, 2.125000000000000000, 0.1000000000000000056 ) ) ;
#3602 = UNCERTAINTY_MEASURE_WITH_UNIT (LENGTH_MEASURE( 1.000000000000000082E-05 ), #1797, 'distance_accuracy_value', 'NONE');
#3603 =( LENGTH_UNIT ( ) NAMED_UNIT ( * ) SI_UNIT ( .MILLI., .METRE. ) );
#3604 = ORIENTED_EDGE ( 'NONE', *, *, #4665, .F. ) ;
#3605 = ORIENTED_EDGE ( 'NONE', *, *, #4297, .T. ) ;
#3606 = CARTESIAN_POINT ( 'NONE',  ( -0.9000000000000001332, -1.649999999999999911, 0.7500000000000000000 ) ) ;
#3607 = ADVANCED_FACE ( 'NONE', ( #3674 ), #1067, .T. ) ;
#3608 = ORIENTED_EDGE ( 'NONE', *, *, #4464, .F. ) ;
#3609 = DIRECTION ( 'NONE',  ( -1.000000000000000000, 0.0000000000000000000, -0.0000000000000000000 ) ) ;
#3610 = CARTESIAN_POINT ( 'NONE',  ( -0.9300000000000001599, 2.105735931288071683, 0.9499999999999999556 ) ) ;
#3611 = VERTEX_POINT ( 'NONE', #1154 ) ;
#3612 = DIRECTION ( 'NONE',  ( -0.0000000000000000000, -1.000000000000000000, 0.0000000000000000000 ) ) ;
#3613 = EDGE_CURVE ( 'NONE', #865, #3448, #2311, .T. ) ;
#3614 = ORIENTED_EDGE ( 'NONE', *, *, #1700, .F. ) ;
#3615 = SURFACE_STYLE_FILL_AREA ( #1356 ) ;
#3616 = CARTESIAN_POINT ( 'NONE',  ( 1.510000000000000009, 1.524999999999999911, 0.1100000000000000006 ) ) ;
#3617 = CARTESIAN_POINT ( 'NONE',  ( 0.4899999999999999911, 0.2650000000000000688, 0.1000000000000000056 ) ) ;
#3618 = MECHANICAL_DESIGN_GEOMETRIC_PRESENTATION_REPRESENTATION (  '', ( #3060 ), #3688 ) ;
#3619 = VERTEX_POINT ( 'NONE', #2014 ) ;
#3620 = FACE_OUTER_BOUND ( 'NONE', #4767, .T. ) ;
#3621 = SURFACE_STYLE_USAGE ( .BOTH. , #1392 ) ;
#3622 = STYLED_ITEM ( 'NONE', ( #2040 ), #227 ) ;
#3623 = FILL_AREA_STYLE ('',( #2147 ) ) ;
#3624 = VECTOR ( 'NONE', #3523, 1000.000000000000000 ) ;
#3625 = COLOUR_RGB ( '',0.8470588235294117530, 0.6901960784313725394, 0.2196078431372548989 ) ;
#3626 = CARTESIAN_POINT ( 'NONE',  ( 1.500000000000000000, -1.625000000000000222, 0.0000000000000000000 ) ) ;
#3627 = COLOUR_RGB ( '',0.8470588235294117530, 0.6901960784313725394, 0.2196078431372548989 ) ;
#3628 = EDGE_CURVE ( 'NONE', #460, #1193, #452, .T. ) ;
#3629 = PLANE ( 'NONE',  #4775 ) ;
#3630 = ORIENTED_EDGE ( 'NONE', *, *, #4115, .F. ) ;
#3631 = ORIENTED_EDGE ( 'NONE', *, *, #3294, .F. ) ;
#3632 = FILL_AREA_STYLE_COLOUR ( '', #3417 ) ;
#3633 = CARTESIAN_POINT ( 'NONE',  ( -1.500000000000000000, 0.9749999999999997558, 0.3499999999999999778 ) ) ;
#3634 = STYLED_ITEM ( 'NONE', ( #1440 ), #1527 ) ;
#3635 = CARTESIAN_POINT ( 'NONE',  ( 0.5999999999999999778, 1.625000000000000222, 0.1090000000000000135 ) ) ;
#3636 = EDGE_CURVE ( 'NONE', #2508, #1921, #3437, .T. ) ;
#3637 = LINE ( 'NONE', #185, #2225 ) ;
#3638 = PRESENTATION_LAYER_ASSIGNMENT (  '', '', ( #1366 ) ) ;
#3639 =( NAMED_UNIT ( * ) SI_UNIT ( $, .STERADIAN. ) SOLID_ANGLE_UNIT ( ) );
#3640 = ORIENTED_EDGE ( 'NONE', *, *, #2750, .F. ) ;
#3641 = CARTESIAN_POINT ( 'NONE',  ( -0.9300000000000000488, -1.930000000000000382, 0.9500000000000000666 ) ) ;
#3642 = ADVANCED_FACE ( 'NONE', ( #148 ), #4200, .T. ) ;
#3643 = PRESENTATION_LAYER_ASSIGNMENT (  '', '', ( #979 ) ) ;
#3644 = ORIENTED_EDGE ( 'NONE', *, *, #4810, .F. ) ;
#3645 = VECTOR ( 'NONE', #4592, 1000.000000000000000 ) ;
#3646 =( NAMED_UNIT ( * ) SI_UNIT ( $, .STERADIAN. ) SOLID_ANGLE_UNIT ( ) );
#3647 = SURFACE_SIDE_STYLE ('',( #4044 ) ) ;
#3648 = STYLED_ITEM ( 'NONE', ( #674 ), #3586 ) ;
#3649 = MECHANICAL_DESIGN_GEOMETRIC_PRESENTATION_REPRESENTATION (  '', ( #3328 ), #518 ) ;
#3650 = DIRECTION ( 'NONE',  ( -0.0000000000000000000, 0.0000000000000000000, -1.000000000000000000 ) ) ;
#3651 = LINE ( 'NONE', #2514, #3104 ) ;
#3652 = CARTESIAN_POINT ( 'NONE',  ( -0.4899999999999999911, -2.225000000000000089, 0.1000000000000000056 ) ) ;
#3653 = PLANE ( 'NONE',  #3061 ) ;
#3654 = VERTEX_POINT ( 'NONE', #3861 ) ;
#3655 = SURFACE_SIDE_STYLE ('',( #982 ) ) ;
#3656 = COLOUR_RGB ( '',0.8470588235294117530, 0.6901960784313725394, 0.2196078431372548989 ) ;
#3657 = DIRECTION ( 'NONE',  ( 0.0000000000000000000, 0.0000000000000000000, 1.000000000000000000 ) ) ;
#3658 = VECTOR ( 'NONE', #3657, 1000.000000000000000 ) ;
#3659 = CARTESIAN_POINT ( 'NONE',  ( -1.229999999999999760, 1.929999999999999716, 0.6500000000000001332 ) ) ;
#3660 = SURFACE_SIDE_STYLE ('',( #2180 ) ) ;
#3661 = DIRECTION ( 'NONE',  ( -1.000000000000000000, 0.0000000000000000000, -0.0000000000000000000 ) ) ;
#3662 =( GEOMETRIC_REPRESENTATION_CONTEXT ( 3 ) GLOBAL_UNCERTAINTY_ASSIGNED_CONTEXT ( ( #4610 ) ) GLOBAL_UNIT_ASSIGNED_CONTEXT ( ( #4639, #487, #2804 ) ) REPRESENTATION_CONTEXT ( 'NONE', 'WORKASPACE' ) );
#3663 = MECHANICAL_DESIGN_GEOMETRIC_PRESENTATION_REPRESENTATION (  '', ( #738 ), #1459 ) ;
#3664 = EDGE_LOOP ( 'NONE', ( #4131, #3010, #682, #3085 ) ) ;
#3665 = LINE ( 'NONE', #3704, #3109 ) ;
#3666 = ORIENTED_EDGE ( 'NONE', *, *, #1700, .T. ) ;
#3667 = PLANE ( 'NONE',  #2947 ) ;
#3668 = ADVANCED_FACE ( 'NONE', ( #1642 ), #96, .T. ) ;
#3669 = CARTESIAN_POINT ( 'NONE',  ( -0.5909999999999999698, -0.8750000000000000000, 0.0000000000000000000 ) ) ;
#3670 = ORIENTED_EDGE ( 'NONE', *, *, #1706, .F. ) ;
#3671 = LINE ( 'NONE', #1803, #4357 ) ;
#3672 = CARTESIAN_POINT ( 'NONE',  ( -0.9300000000000000488, -1.930000000000000160, -1.561250000000000249 ) ) ;
#3673 = EDGE_CURVE ( 'NONE', #2060, #1920, #532, .T. ) ;
#3674 = FACE_OUTER_BOUND ( 'NONE', #4007, .T. ) ;
#3675 = LINE ( 'NONE', #2934, #142 ) ;
#3676 = DIRECTION ( 'NONE',  ( -1.000000000000000000, -0.0000000000000000000, 0.0000000000000000000 ) ) ;
#3677 = CARTESIAN_POINT ( 'NONE',  ( -1.500000000000000000, 0.2750000000000000777, 0.0000000000000000000 ) ) ;
#3678 = VECTOR ( 'NONE', #941, 1000.000000000000000 ) ;
#3679 = CARTESIAN_POINT ( 'NONE',  ( -0.9300000000000000488, 1.929999999999999938, 0.9500000000000000666 ) ) ;
#3680 = CARTESIAN_POINT ( 'NONE',  ( -1.229999999999999982, -2.105735931288071683, 0.6500000000000000222 ) ) ;
#3681 = SURFACE_SIDE_STYLE ('',( #1409 ) ) ;
#3682 =( NAMED_UNIT ( * ) SI_UNIT ( $, .STERADIAN. ) SOLID_ANGLE_UNIT ( ) );
#3683 = FACE_OUTER_BOUND ( 'NONE', #508, .T. ) ;
#3684 = SURFACE_STYLE_FILL_AREA ( #1903 ) ;
#3685 = ORIENTED_EDGE ( 'NONE', *, *, #2395, .T. ) ;
#3686 =( LENGTH_UNIT ( ) NAMED_UNIT ( * ) SI_UNIT ( .MILLI., .METRE. ) );
#3687 = LINE ( 'NONE', #2260, #48 ) ;
#3688 =( GEOMETRIC_REPRESENTATION_CONTEXT ( 3 ) GLOBAL_UNCERTAINTY_ASSIGNED_CONTEXT ( ( #412 ) ) GLOBAL_UNIT_ASSIGNED_CONTEXT ( ( #2663, #3037, #3141 ) ) REPRESENTATION_CONTEXT ( 'NONE', 'WORKASPACE' ) );
#3689 = EDGE_CURVE ( 'NONE', #1648, #2885, #2124, .T. ) ;
#3690 = CARTESIAN_POINT ( 'NONE',  ( 0.5999999999999999778, 2.125000000000000000, 0.0000000000000000000 ) ) ;
#3691 = AXIS2_PLACEMENT_3D ( 'NONE', #4205, #4555, #3028 ) ;
#3692 = SURFACE_STYLE_USAGE ( .BOTH. , #2559 ) ;
#3693 = ADVANCED_FACE ( 'NONE', ( #3620 ), #4624, .T. ) ;
#3694 = CARTESIAN_POINT ( 'NONE',  ( -1.500000000000000000, 1.524999999999999911, 0.3499999999999999778 ) ) ;
#3695 = COLOUR_RGB ( '',0.8470588235294117530, 0.6901960784313725394, 0.2196078431372548989 ) ;
#3696 = DIRECTION ( 'NONE',  ( 0.0000000000000000000, -1.000000000000000000, 0.0000000000000000000 ) ) ;
#3697 = VERTEX_POINT ( 'NONE', #924 ) ;
#3698 = SHAPE_DEFINITION_REPRESENTATION ( #4446, #1152 ) ;
#3699 = AXIS2_PLACEMENT_3D ( 'NONE', #514, #1249, #776 ) ;
#3700 = LINE ( 'NONE', #328, #790 ) ;
#3701 = UNCERTAINTY_MEASURE_WITH_UNIT (LENGTH_MEASURE( 1.000000000000000082E-05 ), #3836, 'distance_accuracy_value', 'NONE');
#3702 = FILL_AREA_STYLE_COLOUR ( '', #705 ) ;
#3703 = FACE_OUTER_BOUND ( 'NONE', #37, .T. ) ;
#3704 = CARTESIAN_POINT ( 'NONE',  ( -1.229999999999999094, 1.930000000000000160, -1.561250000000000249 ) ) ;
#3705 = ORIENTED_EDGE ( 'NONE', *, *, #2709, .F. ) ;
#3706 = FILL_AREA_STYLE ('',( #1523 ) ) ;
#3707 = PRESENTATION_STYLE_ASSIGNMENT (( #1122 ) ) ;
#3708 = ORIENTED_EDGE ( 'NONE', *, *, #1695, .F. ) ;
#3709 = ORIENTED_EDGE ( 'NONE', *, *, #972, .T. ) ;
#3710 = PRESENTATION_LAYER_ASSIGNMENT (  '', '', ( #3080 ) ) ;
#3711 = CARTESIAN_POINT ( 'NONE',  ( 0.5000000000000000000, -0.9819999999999999840, 0.1069999999999999979 ) ) ;
#3712 = DIRECTION ( 'NONE',  ( 0.0000000000000000000, -0.0000000000000000000, -1.000000000000000000 ) ) ;
#3713 = PRESENTATION_LAYER_ASSIGNMENT (  '', '', ( #4258 ) ) ;
#3714 = FACE_OUTER_BOUND ( 'NONE', #3732, .T. ) ;
#3715 = DIRECTION ( 'NONE',  ( 0.0000000000000000000, -0.0000000000000000000, 1.000000000000000000 ) ) ;
#3716 = PRESENTATION_STYLE_ASSIGNMENT (( #3692 ) ) ;
#3717 = COLOUR_RGB ( '',0.8470588235294117530, 0.6901960784313725394, 0.2196078431372548989 ) ;
#3718 = DIRECTION ( 'NONE',  ( 0.0000000000000000000, 1.000000000000000000, -0.0000000000000000000 ) ) ;
#3719 =( NAMED_UNIT ( * ) SI_UNIT ( $, .STERADIAN. ) SOLID_ANGLE_UNIT ( ) );
#3720 = ORIENTED_EDGE ( 'NONE', *, *, #1802, .F. ) ;
#3721 = MECHANICAL_DESIGN_GEOMETRIC_PRESENTATION_REPRESENTATION (  '', ( #3648 ), #2792 ) ;
#3722 = AXIS2_PLACEMENT_3D ( 'NONE', #497, #468, #2038 ) ;
#3723 = PLANE ( 'NONE',  #2148 ) ;
#3724 = AXIS2_PLACEMENT_3D ( 'NONE', #1173, #4144, #3017 ) ;
#3725 = SURFACE_STYLE_FILL_AREA ( #4517 ) ;
#3726 = ORIENTED_EDGE ( 'NONE', *, *, #2776, .F. ) ;
#3727 = FILL_AREA_STYLE ('',( #2250 ) ) ;
#3728 = FACE_OUTER_BOUND ( 'NONE', #3038, .T. ) ;
#3729 = COLOUR_RGB ( '',0.8470588235294117530, 0.6901960784313725394, 0.2196078431372548989 ) ;
#3730 = SURFACE_STYLE_USAGE ( .BOTH. , #1412 ) ;
#3731 = COLOUR_RGB ( '',0.8470588235294117530, 0.6901960784313725394, 0.2196078431372548989 ) ;
#3732 = EDGE_LOOP ( 'NONE', ( #3847, #854, #2246, #1399 ) ) ;
#3733 = CARTESIAN_POINT ( 'NONE',  ( -1.500000000000000000, -2.549999999999999822, 0.0000000000000000000 ) ) ;
#3734 =( GEOMETRIC_REPRESENTATION_CONTEXT ( 3 ) GLOBAL_UNCERTAINTY_ASSIGNED_CONTEXT ( ( #1995 ) ) GLOBAL_UNIT_ASSIGNED_CONTEXT ( ( #2756, #2000, #211 ) ) REPRESENTATION_CONTEXT ( 'NONE', 'WORKASPACE' ) );
#3735 = PRESENTATION_STYLE_ASSIGNMENT (( #4041 ) ) ;
#3736 = CARTESIAN_POINT ( 'NONE',  ( 1.508999999999999897, 0.3659999999999999920, 0.0000000000000000000 ) ) ;
#3737 = ORIENTED_EDGE ( 'NONE', *, *, #2677, .F. ) ;
#3738 = PLANE ( 'NONE',  #2176 ) ;
#3739 = SURFACE_STYLE_FILL_AREA ( #2239 ) ;
#3740 = PRODUCT_DEFINITION_SHAPE ( 'NONE', 'NONE',  #4817 ) ;
#3741 = ADVANCED_FACE ( 'NONE', ( #2836 ), #2816, .T. ) ;
#3742 = ORIENTED_EDGE ( 'NONE', *, *, #2684, .F. ) ;
#3743 = CARTESIAN_POINT ( 'NONE',  ( -0.5999999999999999778, -0.3750000000000000000, 0.1090000000000000135 ) ) ;
#3744 = DIRECTION ( 'NONE',  ( 0.0000000000000000000, -0.0000000000000000000, -1.000000000000000000 ) ) ;
#3745 = CARTESIAN_POINT ( 'NONE',  ( 1.550000000000000266, 0.2750000000000000777, 0.0000000000000000000 ) ) ;
#3746 = MECHANICAL_DESIGN_GEOMETRIC_PRESENTATION_REPRESENTATION (  '', ( #2745 ), #2208 ) ;
#3747 = ADVANCED_FACE ( 'NONE', ( #1462 ), #2212, .T. ) ;
#3748 = CARTESIAN_POINT ( 'NONE',  ( -1.508999999999999897, 0.8750000000000000000, 0.1090000000000000135 ) ) ;
#3749 = FACE_OUTER_BOUND ( 'NONE', #440, .T. ) ;
#3750 = ORIENTED_EDGE ( 'NONE', *, *, #3042, .F. ) ;
#3751 = PRESENTATION_STYLE_ASSIGNMENT (( #4095 ) ) ;
#3752 = DIRECTION ( 'NONE',  ( -1.000000000000000000, 0.0000000000000000000, 0.0000000000000000000 ) ) ;
#3753 = SURFACE_STYLE_USAGE ( .BOTH. , #3823 ) ;
#3754 = ADVANCED_FACE ( 'NONE', ( #316 ), #2615, .T. ) ;
#3755 = ORIENTED_EDGE ( 'NONE', *, *, #4507, .T. ) ;
#3756 = SURFACE_STYLE_FILL_AREA ( #2281 ) ;
#3757 = EDGE_LOOP ( 'NONE', ( #2117, #800, #9, #2802 ) ) ;
#3758 = DIRECTION ( 'NONE',  ( 0.0000000000000000000, -1.000000000000000000, 0.0000000000000000000 ) ) ;
#3759 = UNCERTAINTY_MEASURE_WITH_UNIT (LENGTH_MEASURE( 1.000000000000000082E-05 ), #1495, 'distance_accuracy_value', 'NONE');
#3760 = CARTESIAN_POINT ( 'NONE',  ( -1.250000000000000000, 2.350000000000000089, 0.3999999999999999667 ) ) ;
#3761 = DIRECTION ( 'NONE',  ( -1.000000000000000000, 0.0000000000000000000, -0.0000000000000000000 ) ) ;
#3762 = FILL_AREA_STYLE_COLOUR ( '', #4437 ) ;
#3763 = CARTESIAN_POINT ( 'NONE',  ( 0.9299999999999999378, -1.930000000000000382, 0.9500000000000000666 ) ) ;
#3764 = MECHANICAL_DESIGN_GEOMETRIC_PRESENTATION_REPRESENTATION (  '', ( #400 ), #558 ) ;
#3765 = PRESENTATION_STYLE_ASSIGNMENT (( #4226 ) ) ;
#3766 = FACE_OUTER_BOUND ( 'NONE', #1975, .T. ) ;
#3767 = ORIENTED_EDGE ( 'NONE', *, *, #3546, .T. ) ;
#3768 = EDGE_CURVE ( 'NONE', #1082, #1653, #3671, .T. ) ;
#3769 = CARTESIAN_POINT ( 'NONE',  ( 0.5909999999999999698, -1.625000000000000222, 0.0000000000000000000 ) ) ;
#3770 = VECTOR ( 'NONE', #2159, 1000.000000000000000 ) ;
#3771 = VECTOR ( 'NONE', #3967, 1000.000000000000000 ) ;
#3772 = ORIENTED_EDGE ( 'NONE', *, *, #2135, .F. ) ;
#3773 = FILL_AREA_STYLE_COLOUR ( '', #767 ) ;
#3774 = PRESENTATION_LAYER_ASSIGNMENT (  '', '', ( #1038 ) ) ;
#3775 = STYLED_ITEM ( 'NONE', ( #289 ), #296 ) ;
#3776 = SURFACE_STYLE_FILL_AREA ( #4189 ) ;
#3777 = VECTOR ( 'NONE', #53, 1000.000000000000000 ) ;
#3778 = DIRECTION ( 'NONE',  ( 1.000000000000000000, 0.0000000000000000000, 0.0000000000000000000 ) ) ;
#3779 = ORIENTED_EDGE ( 'NONE', *, *, #418, .T. ) ;
#3780 = EDGE_CURVE ( 'NONE', #841, #3092, #1040, .T. ) ;
#3781 = DIRECTION ( 'NONE',  ( 0.0000000000000000000, 0.0000000000000000000, -1.000000000000000000 ) ) ;
#3782 =( LENGTH_UNIT ( ) NAMED_UNIT ( * ) SI_UNIT ( .MILLI., .METRE. ) );
#3783 = PRESENTATION_STYLE_ASSIGNMENT (( #4382 ) ) ;
#3784 = MECHANICAL_DESIGN_GEOMETRIC_PRESENTATION_REPRESENTATION (  '', ( #4480 ), #3553 ) ;
#3785 = SURFACE_STYLE_USAGE ( .BOTH. , #1539 ) ;
#3786 = VECTOR ( 'NONE', #25, 1000.000000000000000 ) ;
#3787 = CARTESIAN_POINT ( 'NONE',  ( -1.229999999999999982, -1.930000000000000382, 0.6500000000000000222 ) ) ;
#3788 = ORIENTED_EDGE ( 'NONE', *, *, #4544, .T. ) ;
#3789 = ORIENTED_EDGE ( 'NONE', *, *, #2403, .T. ) ;
#3790 =( LENGTH_UNIT ( ) NAMED_UNIT ( * ) SI_UNIT ( .MILLI., .METRE. ) );
#3791 = AXIS2_PLACEMENT_3D ( 'NONE', #2404, #4265, #621 ) ;
#3792 = ORIENTED_EDGE ( 'NONE', *, *, #3980, .F. ) ;
#3793 = ORIENTED_EDGE ( 'NONE', *, *, #1096, .F. ) ;
#3794 = CARTESIAN_POINT ( 'NONE',  ( 0.4899999999999999911, -2.234999999999999876, 0.09999999999999989453 ) ) ;
#3795 = ORIENTED_EDGE ( 'NONE', *, *, #770, .T. ) ;
#3796 = AXIS2_PLACEMENT_3D ( 'NONE', #1044, #3296, #340 ) ;
#3797 = VECTOR ( 'NONE', #1540, 1000.000000000000000 ) ;
#3798 = ADVANCED_FACE ( 'NONE', ( #2453 ), #1582, .T. ) ;
#3799 = LINE ( 'NONE', #419, #3531 ) ;
#3800 = UNCERTAINTY_MEASURE_WITH_UNIT (LENGTH_MEASURE( 1.000000000000000082E-05 ), #1584, 'distance_accuracy_value', 'NONE');
#3801 = STYLED_ITEM ( 'NONE', ( #4004 ), #3883 ) ;
#3802 = STYLED_ITEM ( 'NONE', ( #4037 ), #3091 ) ;
#3803 = VERTEX_POINT ( 'NONE', #4169 ) ;
#3804 = ADVANCED_FACE ( 'NONE', ( #3068 ), #2085, .T. ) ;
#3805 = EDGE_LOOP ( 'NONE', ( #1898, #2774, #4154, #4000 ) ) ;
#3806 = VECTOR ( 'NONE', #2195, 1000.000000000000000 ) ;
#3807 = AXIS2_PLACEMENT_3D ( 'NONE', #2169, #4360, #1368 ) ;
#3808 = CARTESIAN_POINT ( 'NONE',  ( 1.500000000000000000, 0.8750000000000000000, 0.0000000000000000000 ) ) ;
#3809 = EDGE_CURVE ( 'NONE', #2805, #3095, #1716, .T. ) ;
#3810 = STYLED_ITEM ( 'NONE', ( #233 ), #4578 ) ;
#3811 = SURFACE_SIDE_STYLE ('',( #3739 ) ) ;
#3812 = EDGE_CURVE ( 'NONE', #3619, #2229, #2868, .T. ) ;
#3813 = EDGE_LOOP ( 'NONE', ( #834, #4663, #3433, #3029 ) ) ;
#3814 = ORIENTED_EDGE ( 'NONE', *, *, #3867, .T. ) ;
#3815 = PLANE ( 'NONE',  #2608 ) ;
#3816 = ORIENTED_EDGE ( 'NONE', *, *, #1395, .T. ) ;
#3817 = VERTEX_POINT ( 'NONE', #4714 ) ;
#3818 = DIRECTION ( 'NONE',  ( 0.0000000000000000000, 0.0000000000000000000, -1.000000000000000000 ) ) ;
#3819 = ORIENTED_EDGE ( 'NONE', *, *, #2938, .F. ) ;
#3820 = LINE ( 'NONE', #886, #3023 ) ;
#3821 = DIRECTION ( 'NONE',  ( -1.000000000000000000, -0.0000000000000000000, -0.0000000000000000000 ) ) ;
#3822 =( BOUNDED_SURFACE ( )  B_SPLINE_SURFACE ( 3, 3, ( 
 ( #6, #1914, #1932, #75 ),
 ( #4508, #2266, #2649, #388 ),
 ( #1087, #2289, #1157, #3000 ),
 ( #3416, #366, #1891, #3024 ) ),
 .UNSPECIFIED., .F., .F., .T. ) 
 B_SPLINE_SURFACE_WITH_KNOTS ( ( 4, 4 ),
 ( 4, 4 ),
 ( 0.0000000000000000000, 1.000000000000000000 ),
 ( 0.0000000000000000000, 1.000000000000000000 ),
 .UNSPECIFIED. ) 
 GEOMETRIC_REPRESENTATION_ITEM ( )  RATIONAL_B_SPLINE_SURFACE ( (
 ( 1.000000000000000000, 0.8047378541243649375, 0.8047378541243649375, 1.000000000000000000),
 ( 0.8047378541243649375, 0.6476030138606876374, 0.6476030138606876374, 0.8047378541243649375),
 ( 0.8047378541243649375, 0.6476030138606876374, 0.6476030138606876374, 0.8047378541243649375),
 ( 1.000000000000000000, 0.8047378541243649375, 0.8047378541243649375, 1.000000000000000000) ) ) 
 REPRESENTATION_ITEM ( '' )  SURFACE ( )  );
#3823 = SURFACE_SIDE_STYLE ('',( #761 ) ) ;
#3824 = CIRCLE ( 'NONE', #2048, 0.2999999999999999889 ) ;
#3825 = DIRECTION ( 'NONE',  ( 0.0000000000000000000, -0.0000000000000000000, -1.000000000000000000 ) ) ;
#3826 = ORIENTED_EDGE ( 'NONE', *, *, #3272, .F. ) ;
#3827 = CARTESIAN_POINT ( 'NONE',  ( 1.510000000000000009, -0.9749999999999999778, 0.1000000000000000056 ) ) ;
#3828 = ORIENTED_EDGE ( 'NONE', *, *, #2416, .T. ) ;
#3829 =( GEOMETRIC_REPRESENTATION_CONTEXT ( 3 ) GLOBAL_UNCERTAINTY_ASSIGNED_CONTEXT ( ( #472 ) ) GLOBAL_UNIT_ASSIGNED_CONTEXT ( ( #2429, #3849, #4314 ) ) REPRESENTATION_CONTEXT ( 'NONE', 'WORKASPACE' ) );
#3830 = DIRECTION ( 'NONE',  ( 1.000000000000000000, 0.0000000000000000000, 0.0000000000000000000 ) ) ;
#3831 =( NAMED_UNIT ( * ) SI_UNIT ( $, .STERADIAN. ) SOLID_ANGLE_UNIT ( ) );
#3832 =( NAMED_UNIT ( * ) PLANE_ANGLE_UNIT ( ) SI_UNIT ( $, .RADIAN. ) );
#3833 = CARTESIAN_POINT ( 'NONE',  ( 1.500000000000000000, -2.125000000000000000, 0.0000000000000000000 ) ) ;
#3834 = EDGE_CURVE ( 'NONE', #1332, #2805, #2112, .T. ) ;
#3835 = SURFACE_STYLE_USAGE ( .BOTH. , #2338 ) ;
#3836 =( LENGTH_UNIT ( ) NAMED_UNIT ( * ) SI_UNIT ( .MILLI., .METRE. ) );
#3837 = FILL_AREA_STYLE_COLOUR ( '', #2869 ) ;
#3838 = SURFACE_STYLE_FILL_AREA ( #2290 ) ;
#3839 = ORIENTED_EDGE ( 'NONE', *, *, #145, .F. ) ;
#3840 = ORIENTED_EDGE ( 'NONE', *, *, #4283, .T. ) ;
#3841 = EDGE_CURVE ( 'NONE', #157, #4081, #2898, .T. ) ;
#3842 = UNCERTAINTY_MEASURE_WITH_UNIT (LENGTH_MEASURE( 1.000000000000000082E-05 ), #454, 'distance_accuracy_value', 'NONE');
#3843 =( GEOMETRIC_REPRESENTATION_CONTEXT ( 3 ) GLOBAL_UNCERTAINTY_ASSIGNED_CONTEXT ( ( #2731 ) ) GLOBAL_UNIT_ASSIGNED_CONTEXT ( ( #595, #2243, #2984 ) ) REPRESENTATION_CONTEXT ( 'NONE', 'WORKASPACE' ) );
#3844 = VERTEX_POINT ( 'NONE', #1009 ) ;
#3845 = ORIENTED_EDGE ( 'NONE', *, *, #2747, .T. ) ;
#3846 = CARTESIAN_POINT ( 'NONE',  ( 1.500000000000000000, 2.225000000000000089, 0.0000000000000000000 ) ) ;
#3847 = ORIENTED_EDGE ( 'NONE', *, *, #2184, .T. ) ;
#3848 = LINE ( 'NONE', #489, #2023 ) ;
#3849 =( NAMED_UNIT ( * ) PLANE_ANGLE_UNIT ( ) SI_UNIT ( $, .RADIAN. ) );
#3850 = PRESENTATION_LAYER_ASSIGNMENT (  '', '', ( #3297 ) ) ;
#3851 = FILL_AREA_STYLE_COLOUR ( '', #4013 ) ;
#3852 = ORIENTED_EDGE ( 'NONE', *, *, #4252, .F. ) ;
#3853 = CIRCLE ( 'NONE', #3699, 0.1000000000000000472 ) ;
#3854 = LINE ( 'NONE', #1659, #3978 ) ;
#3855 = ORIENTED_EDGE ( 'NONE', *, *, #2510, .F. ) ;
#3856 =( NAMED_UNIT ( * ) PLANE_ANGLE_UNIT ( ) SI_UNIT ( $, .RADIAN. ) );
#3857 = SURFACE_SIDE_STYLE ('',( #1612 ) ) ;
#3858 = CARTESIAN_POINT ( 'NONE',  ( 1.350000000000000089, -2.549999999999999822, 0.2999999999999999889 ) ) ;
#3859 = PRESENTATION_LAYER_ASSIGNMENT (  '', '', ( #2547 ) ) ;
#3860 = CARTESIAN_POINT ( 'NONE',  ( 1.550000000000000266, -0.2750000000000009104, 0.0000000000000000000 ) ) ;
#3861 = CARTESIAN_POINT ( 'NONE',  ( 0.5000000000000000000, -0.2750000000000000777, 0.09999999999999995004 ) ) ;
#3862 = PLANE ( 'NONE',  #426 ) ;
#3863 = PRESENTATION_LAYER_ASSIGNMENT (  '', '', ( #3317 ) ) ;
#3864 = SURFACE_STYLE_USAGE ( .BOTH. , #1645 ) ;
#3865 = SURFACE_STYLE_USAGE ( .BOTH. , #3131 ) ;
#3866 = ORIENTED_EDGE ( 'NONE', *, *, #3636, .F. ) ;
#3867 = EDGE_CURVE ( 'NONE', #4001, #360, #2521, .T. ) ;
#3868 = VERTEX_POINT ( 'NONE', #2875 ) ;
#3869 = PRESENTATION_STYLE_ASSIGNMENT (( #2318 ) ) ;
#3870 = APPLICATION_CONTEXT ( 'automotive_design' ) ;
#3871 = CARTESIAN_POINT ( 'NONE',  ( 1.500000000000000000, 2.225000000000000089, 0.09999999999999999167 ) ) ;
#3872 = FILL_AREA_STYLE_COLOUR ( '', #267 ) ;
#3873 =( GEOMETRIC_REPRESENTATION_CONTEXT ( 3 ) GLOBAL_UNCERTAINTY_ASSIGNED_CONTEXT ( ( #4337 ) ) GLOBAL_UNIT_ASSIGNED_CONTEXT ( ( #528, #1927, #787 ) ) REPRESENTATION_CONTEXT ( 'NONE', 'WORKASPACE' ) );
#3874 = ORIENTED_EDGE ( 'NONE', *, *, #3002, .T. ) ;
#3875 = VERTEX_POINT ( 'NONE', #4742 ) ;
#3876 = PRESENTATION_STYLE_ASSIGNMENT (( #2032 ) ) ;
#3877 = PRESENTATION_LAYER_ASSIGNMENT (  '', '', ( #429 ) ) ;
#3878 = CARTESIAN_POINT ( 'NONE',  ( 0.5000000000000000000, 0.2680000000000000160, 0.1000000000000000056 ) ) ;
#3879 = DIRECTION ( 'NONE',  ( -1.000000000000000000, 0.0000000000000000000, -0.0000000000000000000 ) ) ;
#3880 = ORIENTED_EDGE ( 'NONE', *, *, #1959, .T. ) ;
#3881 = COLOUR_RGB ( '',0.8470588235294117530, 0.6901960784313725394, 0.2196078431372548989 ) ;
#3882 = STYLED_ITEM ( 'NONE', ( #895 ), #2883 ) ;
#3883 = ADVANCED_FACE ( 'NONE', ( #985 ), #4474, .T. ) ;
#3884 = ORIENTED_EDGE ( 'NONE', *, *, #930, .F. ) ;
#3885 = CARTESIAN_POINT ( 'NONE',  ( -0.9300000000000000488, -5.402499999999999858, 0.9500000000000000666 ) ) ;
#3886 = CARTESIAN_POINT ( 'NONE',  ( -0.5999999999999999778, -2.125000000000000000, 0.1050000000000000100 ) ) ;
#3887 = STYLED_ITEM ( 'NONE', ( #844 ), #3804 ) ;
#3888 = PLANE ( 'NONE',  #1675 ) ;
#3889 = COLOUR_RGB ( '',0.8470588235294117530, 0.6901960784313725394, 0.2196078431372548989 ) ;
#3890 = DIRECTION ( 'NONE',  ( -0.0000000000000000000, -0.0000000000000000000, -1.000000000000000000 ) ) ;
#3891 = MECHANICAL_DESIGN_GEOMETRIC_PRESENTATION_REPRESENTATION (  '', ( #1541 ), #4277 ) ;
#3892 = VECTOR ( 'NONE', #1336, 1000.000000000000000 ) ;
#3893 = DIRECTION ( 'NONE',  ( -1.000000000000000000, -0.0000000000000000000, -0.0000000000000000000 ) ) ;
#3894 = PRESENTATION_STYLE_ASSIGNMENT (( #820 ) ) ;
#3895 = MECHANICAL_DESIGN_GEOMETRIC_PRESENTATION_REPRESENTATION (  '', ( #1724 ), #2506 ) ;
#3896 = AXIS2_PLACEMENT_3D ( 'NONE', #1740, #4741, #4003 ) ;
#3897 =( NAMED_UNIT ( * ) SI_UNIT ( $, .STERADIAN. ) SOLID_ANGLE_UNIT ( ) );
#3898 = ORIENTED_EDGE ( 'NONE', *, *, #636, .T. ) ;
#3899 = ORIENTED_EDGE ( 'NONE', *, *, #3904, .F. ) ;
#3900 = AXIS2_PLACEMENT_3D ( 'NONE', #3046, #3696, #372 ) ;
#3901 = PLANE ( 'NONE',  #3807 ) ;
#3902 = CARTESIAN_POINT ( 'NONE',  ( 1.550000000000000266, 1.524999999999999911, 0.0000000000000000000 ) ) ;
#3903 = DIRECTION ( 'NONE',  ( 0.0000000000000000000, -1.445602896647339114E-15, 1.000000000000000000 ) ) ;
#3904 = EDGE_CURVE ( 'NONE', #1821, #3580, #2918, .T. ) ;
#3905 = PRESENTATION_STYLE_ASSIGNMENT (( #4681 ) ) ;
#3906 = ORIENTED_EDGE ( 'NONE', *, *, #1509, .F. ) ;
#3907 = ORIENTED_EDGE ( 'NONE', *, *, #578, .F. ) ;
#3908 = ORIENTED_EDGE ( 'NONE', *, *, #4481, .F. ) ;
#3909 =( LENGTH_UNIT ( ) NAMED_UNIT ( * ) SI_UNIT ( .MILLI., .METRE. ) );
#3910 = CARTESIAN_POINT ( 'NONE',  ( -0.5999999999999999778, -0.8750000000000000000, 0.1000000000000000056 ) ) ;
#3911 = ORIENTED_EDGE ( 'NONE', *, *, #2684, .T. ) ;
#3912 = LINE ( 'NONE', #4270, #1311 ) ;
#3913 = VERTEX_POINT ( 'NONE', #3306 ) ;
#3914 = LINE ( 'NONE', #191, #1531 ) ;
#3915 = PLANE ( 'NONE',  #1649 ) ;
#3916 = SURFACE_STYLE_USAGE ( .BOTH. , #1286 ) ;
#3917 = DIRECTION ( 'NONE',  ( 0.0000000000000000000, -1.000000000000000000, 0.0000000000000000000 ) ) ;
#3918 = UNCERTAINTY_MEASURE_WITH_UNIT (LENGTH_MEASURE( 1.000000000000000082E-05 ), #690, 'distance_accuracy_value', 'NONE');
#3919 = COLOUR_RGB ( '',0.8470588235294117530, 0.6901960784313725394, 0.2196078431372548989 ) ;
#3920 = DIRECTION ( 'NONE',  ( -0.0000000000000000000, -0.0000000000000000000, -1.000000000000000000 ) ) ;
#3921 = SURFACE_SIDE_STYLE ('',( #244 ) ) ;
#3922 = SURFACE_STYLE_FILL_AREA ( #3544 ) ;
#3923 = FACE_OUTER_BOUND ( 'NONE', #2734, .T. ) ;
#3924 = DIRECTION ( 'NONE',  ( 0.0000000000000000000, 0.0000000000000000000, 1.000000000000000000 ) ) ;
#3925 = LINE ( 'NONE', #559, #1207 ) ;
#3926 = CARTESIAN_POINT ( 'NONE',  ( 0.9000000000000001332, 1.649999999999999911, 0.9499999999999999556 ) ) ;
#3927 = CARTESIAN_POINT ( 'NONE',  ( -1.500000000000000000, 1.524999999999999911, 0.0000000000000000000 ) ) ;
#3928 = ORIENTED_EDGE ( 'NONE', *, *, #2522, .T. ) ;
#3929 = ORIENTED_EDGE ( 'NONE', *, *, #3386, .F. ) ;
#3930 = ORIENTED_EDGE ( 'NONE', *, *, #2460, .F. ) ;
#3931 = EDGE_CURVE ( 'NONE', #1245, #360, #957, .T. ) ;
#3932 = DIRECTION ( 'NONE',  ( 1.000000000000000000, 0.0000000000000000000, 0.0000000000000000000 ) ) ;
#3933 = ORIENTED_EDGE ( 'NONE', *, *, #1660, .T. ) ;
#3934 = CYLINDRICAL_SURFACE ( 'NONE', #58, 0.1000000000000000472 ) ;
#3935 = PLANE ( 'NONE',  #1885 ) ;
#3936 = VECTOR ( 'NONE', #484, 1000.000000000000000 ) ;
#3937 = EDGE_CURVE ( 'NONE', #4712, #1090, #3212, .T. ) ;
#3938 = AXIS2_PLACEMENT_3D ( 'NONE', #505, #409, #1160 ) ;
#3939 = FILL_AREA_STYLE ('',( #1747 ) ) ;
#3940 = DIRECTION ( 'NONE',  ( 0.0000000000000000000, 0.0000000000000000000, -1.000000000000000000 ) ) ;
#3941 = PRESENTATION_LAYER_ASSIGNMENT (  '', '', ( #103 ) ) ;
#3942 = VECTOR ( 'NONE', #2329, 1000.000000000000000 ) ;
#3943 = PLANE ( 'NONE',  #2487 ) ;
#3944 = DIRECTION ( 'NONE',  ( -1.000000000000000000, -0.0000000000000000000, -0.0000000000000000000 ) ) ;
#3945 = CARTESIAN_POINT ( 'NONE',  ( -1.500000000000000000, -0.3750000000000000000, 0.09999999999999999167 ) ) ;
#3946 =( GEOMETRIC_REPRESENTATION_CONTEXT ( 3 ) GLOBAL_UNCERTAINTY_ASSIGNED_CONTEXT ( ( #4716 ) ) GLOBAL_UNIT_ASSIGNED_CONTEXT ( ( #2748, #1514, #407 ) ) REPRESENTATION_CONTEXT ( 'NONE', 'WORKASPACE' ) );
#3947 = EDGE_CURVE ( 'NONE', #4081, #2379, #256, .T. ) ;
#3948 = SURFACE_STYLE_FILL_AREA ( #2820 ) ;
#3949 = UNCERTAINTY_MEASURE_WITH_UNIT (LENGTH_MEASURE( 1.000000000000000082E-05 ), #3909, 'distance_accuracy_value', 'NONE');
#3950 = DIRECTION ( 'NONE',  ( -0.0000000000000000000, -0.0000000000000000000, -1.000000000000000000 ) ) ;
#3951 = ORIENTED_EDGE ( 'NONE', *, *, #3191, .F. ) ;
#3952 = ORIENTED_EDGE ( 'NONE', *, *, #4102, .T. ) ;
#3953 = VECTOR ( 'NONE', #530, 1000.000000000000000 ) ;
#3954 = DIRECTION ( 'NONE',  ( 1.000000000000000000, 0.0000000000000000000, 0.0000000000000000000 ) ) ;
#3955 = PLANE ( 'NONE',  #143 ) ;
#3956 = FILL_AREA_STYLE_COLOUR ( '', #1161 ) ;
#3957 = CARTESIAN_POINT ( 'NONE',  ( -0.5909999999999999698, 0.3750000000000000000, 0.0000000000000000000 ) ) ;
#3958 = LINE ( 'NONE', #2057, #4797 ) ;
#3959 = CARTESIAN_POINT ( 'NONE',  ( -0.5000000000000000000, 0.9749999999999999778, 0.1100000000000000006 ) ) ;
#3960 = STYLED_ITEM ( 'NONE', ( #2648 ), #2220 ) ;
#3961 = UNCERTAINTY_MEASURE_WITH_UNIT (LENGTH_MEASURE( 1.000000000000000082E-05 ), #168, 'distance_accuracy_value', 'NONE');
#3962 = DIRECTION ( 'NONE',  ( 0.0000000000000000000, -0.0000000000000000000, -1.000000000000000000 ) ) ;
#3963 = PLANE ( 'NONE',  #1934 ) ;
#3964 = SURFACE_STYLE_FILL_AREA ( #1056 ) ;
#3965 = FILL_AREA_STYLE ('',( #2505 ) ) ;
#3966 = VECTOR ( 'NONE', #424, 1000.000000000000000 ) ;
#3967 = DIRECTION ( 'NONE',  ( -1.000000000000000000, -0.0000000000000000000, -0.0000000000000000000 ) ) ;
#3968 =( GEOMETRIC_REPRESENTATION_CONTEXT ( 3 ) GLOBAL_UNCERTAINTY_ASSIGNED_CONTEXT ( ( #2822 ) ) GLOBAL_UNIT_ASSIGNED_CONTEXT ( ( #1972, #4570, #492 ) ) REPRESENTATION_CONTEXT ( 'NONE', 'WORKASPACE' ) );
#3969 = EDGE_CURVE ( 'NONE', #4811, #3868, #3228, .T. ) ;
#3970 = CARTESIAN_POINT ( 'NONE',  ( 0.5999999999999999778, -1.625000000000000222, 0.09999999999999997780 ) ) ;
#3971 = LINE ( 'NONE', #1015, #4728 ) ;
#3972 = ADVANCED_FACE ( 'NONE', ( #1068 ), #612, .T. ) ;
#3973 = DIRECTION ( 'NONE',  ( 0.0000000000000000000, -1.000000000000000000, 0.0000000000000000000 ) ) ;
#3974 = VECTOR ( 'NONE', #3527, 1000.000000000000000 ) ;
#3975 = CARTESIAN_POINT ( 'NONE',  ( 1.500000000000000000, -0.3750000000000000000, 0.0000000000000000000 ) ) ;
#3976 = SURFACE_SIDE_STYLE ('',( #2821 ) ) ;
#3977 =( LENGTH_UNIT ( ) NAMED_UNIT ( * ) SI_UNIT ( .MILLI., .METRE. ) );
#3978 = VECTOR ( 'NONE', #3561, 1000.000000000000000 ) ;
#3979 = CARTESIAN_POINT ( 'NONE',  ( 0.9300000000000002709, -1.930000000000001048, 0.9500000000000002887 ) ) ;
#3980 = EDGE_CURVE ( 'NONE', #3654, #918, #4735, .T. ) ;
#3981 = LINE ( 'NONE', #2517, #1677 ) ;
#3982 = VERTEX_POINT ( 'NONE', #1005 ) ;
#3983 = STYLED_ITEM ( 'NONE', ( #1195 ), #4380 ) ;
#3984 = LINE ( 'NONE', #1814, #917 ) ;
#3985 = DIRECTION ( 'NONE',  ( 1.000000000000000000, 0.0000000000000000000, 0.0000000000000000000 ) ) ;
#3986 = PLANE ( 'NONE',  #4280 ) ;
#3987 = ORIENTED_EDGE ( 'NONE', *, *, #4725, .F. ) ;
#3988 = CYLINDRICAL_SURFACE ( 'NONE', #4499, 0.1000000000000000472 ) ;
#3989 = SURFACE_SIDE_STYLE ('',( #1255 ) ) ;
#3990 = DIRECTION ( 'NONE',  ( -0.0000000000000000000, 1.000000000000000000, 0.0000000000000000000 ) ) ;
#3991 = EDGE_LOOP ( 'NONE', ( #3063, #733, #1739, #2248 ) ) ;
#3992 = EDGE_CURVE ( 'NONE', #421, #1557, #3651, .T. ) ;
#3993 = DIRECTION ( 'NONE',  ( 1.000000000000000000, -0.0000000000000000000, 0.0000000000000000000 ) ) ;
#3994 =( GEOMETRIC_REPRESENTATION_CONTEXT ( 3 ) GLOBAL_UNCERTAINTY_ASSIGNED_CONTEXT ( ( #3510 ) ) GLOBAL_UNIT_ASSIGNED_CONTEXT ( ( #1962, #4585, #3492 ) ) REPRESENTATION_CONTEXT ( 'NONE', 'WORKASPACE' ) );
#3995 = FILL_AREA_STYLE_COLOUR ( '', #4547 ) ;
#3996 = EDGE_CURVE ( 'NONE', #826, #3654, #3675, .T. ) ;
#3997 = DIRECTION ( 'NONE',  ( 0.0000000000000000000, 0.0000000000000000000, -1.000000000000000000 ) ) ;
#3998 = UNCERTAINTY_MEASURE_WITH_UNIT (LENGTH_MEASURE( 1.000000000000000082E-05 ), #94, 'distance_accuracy_value', 'NONE');
#3999 =( NAMED_UNIT ( * ) PLANE_ANGLE_UNIT ( ) SI_UNIT ( $, .RADIAN. ) );
#4000 = ORIENTED_EDGE ( 'NONE', *, *, #4507, .F. ) ;
#4001 = VERTEX_POINT ( 'NONE', #4072 ) ;
#4002 = DIRECTION ( 'NONE',  ( -1.000000000000000000, -0.0000000000000000000, 0.0000000000000000000 ) ) ;
#4003 = DIRECTION ( 'NONE',  ( 0.0000000000000000000, 0.0000000000000000000, -1.000000000000000000 ) ) ;
#4004 = PRESENTATION_STYLE_ASSIGNMENT (( #237 ) ) ;
#4005 =( LENGTH_UNIT ( ) NAMED_UNIT ( * ) SI_UNIT ( .MILLI., .METRE. ) );
#4006 = UNCERTAINTY_MEASURE_WITH_UNIT (LENGTH_MEASURE( 1.000000000000000082E-05 ), #1417, 'distance_accuracy_value', 'NONE');
#4007 = EDGE_LOOP ( 'NONE', ( #1496, #2755, #4690, #2174 ) ) ;
#4008 = CARTESIAN_POINT ( 'NONE',  ( 1.250000000000000222, -2.350000000000000089, 0.2999999999999999334 ) ) ;
#4009 = SURFACE_SIDE_STYLE ('',( #2207 ) ) ;
#4010 = CARTESIAN_POINT ( 'NONE',  ( -1.350000000000000089, -2.396999999999999797, 0.4470000000000000084 ) ) ;
#4011 = PLANE ( 'NONE',  #4469 ) ;
#4012 = UNCERTAINTY_MEASURE_WITH_UNIT (LENGTH_MEASURE( 1.000000000000000082E-05 ), #3146, 'distance_accuracy_value', 'NONE');
#4013 = COLOUR_RGB ( '',0.8470588235294117530, 0.6901960784313725394, 0.2196078431372548989 ) ;
#4014 = PRESENTATION_LAYER_ASSIGNMENT (  '', '', ( #791 ) ) ;
#4015 = PRESENTATION_LAYER_ASSIGNMENT (  '', '', ( #481 ) ) ;
#4016 = MECHANICAL_DESIGN_GEOMETRIC_PRESENTATION_REPRESENTATION (  '', ( #2764 ), #2538 ) ;
#4017 = DIRECTION ( 'NONE',  ( -0.0000000000000000000, 0.0000000000000000000, -1.000000000000000000 ) ) ;
#4018 = VECTOR ( 'NONE', #207, 1000.000000000000000 ) ;
#4019 = STYLED_ITEM ( 'NONE', ( #2925 ), #312 ) ;
#4020 = DIRECTION ( 'NONE',  ( 1.000000000000000000, 7.228014483236697541E-16, 0.0000000000000000000 ) ) ;
#4021 = DIRECTION ( 'NONE',  ( -1.000000000000000000, 0.0000000000000000000, 0.0000000000000000000 ) ) ;
#4022 = PRESENTATION_STYLE_ASSIGNMENT (( #2516 ) ) ;
#4023 = AXIS2_PLACEMENT_3D ( 'NONE', #99, #1566, #4492 ) ;
#4024 =( NAMED_UNIT ( * ) SI_UNIT ( $, .STERADIAN. ) SOLID_ANGLE_UNIT ( ) );
#4025 = CARTESIAN_POINT ( 'NONE',  ( 1.500000000000000000, 0.2750000000000000777, 0.09999999999999999167 ) ) ;
#4026 = VERTEX_POINT ( 'NONE', #3626 ) ;
#4027 = CARTESIAN_POINT ( 'NONE',  ( 1.510000000000000009, -2.225000000000000089, 0.09999999999999989453 ) ) ;
#4028 = LINE ( 'NONE', #4713, #1721 ) ;
#4029 =( GEOMETRIC_REPRESENTATION_CONTEXT ( 3 ) GLOBAL_UNCERTAINTY_ASSIGNED_CONTEXT ( ( #4006 ) ) GLOBAL_UNIT_ASSIGNED_CONTEXT ( ( #1417, #297, #2930 ) ) REPRESENTATION_CONTEXT ( 'NONE', 'WORKASPACE' ) );
#4030 = FILL_AREA_STYLE_COLOUR ( '', #2335 ) ;
#4031 = SURFACE_STYLE_FILL_AREA ( #26 ) ;
#4032 = PRESENTATION_STYLE_ASSIGNMENT (( #1876 ) ) ;
#4033 = VECTOR ( 'NONE', #2013, 1000.000000000000000 ) ;
#4034 = EDGE_CURVE ( 'NONE', #1090, #3619, #272, .T. ) ;
#4035 = SURFACE_STYLE_USAGE ( .BOTH. , #4691 ) ;
#4036 = VERTEX_POINT ( 'NONE', #321 ) ;
#4037 = PRESENTATION_STYLE_ASSIGNMENT (( #2528 ) ) ;
#4038 =( GEOMETRIC_REPRESENTATION_CONTEXT ( 3 ) GLOBAL_UNCERTAINTY_ASSIGNED_CONTEXT ( ( #2586 ) ) GLOBAL_UNIT_ASSIGNED_CONTEXT ( ( #1155, #1958, #894 ) ) REPRESENTATION_CONTEXT ( 'NONE', 'WORKASPACE' ) );
#4039 = CARTESIAN_POINT ( 'NONE',  ( 0.5999999999999999778, -0.8800000000000000044, 0.1050000000000000100 ) ) ;
#4040 = EDGE_CURVE ( 'NONE', #3259, #2805, #61, .T. ) ;
#4041 = SURFACE_STYLE_USAGE ( .BOTH. , #2553 ) ;
#4042 = CARTESIAN_POINT ( 'NONE',  ( -1.350000000000000089, 2.250000000000000444, 0.3999999999999999667 ) ) ;
#4043 = MECHANICAL_DESIGN_GEOMETRIC_PRESENTATION_REPRESENTATION (  '', ( #287 ), #3968 ) ;
#4044 = SURFACE_STYLE_FILL_AREA ( #3251 ) ;
#4045 = COLOUR_RGB ( '',0.8470588235294117530, 0.6901960784313725394, 0.2196078431372548989 ) ;
#4046 = SURFACE_STYLE_FILL_AREA ( #2555 ) ;
#4047 = DIRECTION ( 'NONE',  ( -1.000000000000000000, 0.0000000000000000000, -0.0000000000000000000 ) ) ;
#4048 = DIRECTION ( 'NONE',  ( -1.000000000000000000, 0.0000000000000000000, -0.0000000000000000000 ) ) ;
#4049 = FILL_AREA_STYLE_COLOUR ( '', #1095 ) ;
#4050 =( LENGTH_UNIT ( ) NAMED_UNIT ( * ) SI_UNIT ( .MILLI., .METRE. ) );
#4051 = DIRECTION ( 'NONE',  ( 1.000000000000000000, 0.0000000000000000000, -0.0000000000000000000 ) ) ;
#4052 = STYLED_ITEM ( 'NONE', ( #2558 ), #3972 ) ;
#4053 =( GEOMETRIC_REPRESENTATION_CONTEXT ( 3 ) GLOBAL_UNCERTAINTY_ASSIGNED_CONTEXT ( ( #1753 ) ) GLOBAL_UNIT_ASSIGNED_CONTEXT ( ( #4412, #1072, #698 ) ) REPRESENTATION_CONTEXT ( 'NONE', 'WORKASPACE' ) );
#4054 = DIRECTION ( 'NONE',  ( 0.0000000000000000000, 1.000000000000000000, 0.0000000000000000000 ) ) ;
#4055 = ADVANCED_FACE ( 'NONE', ( #1809 ), #3822, .T. ) ;
#4056 = LINE ( 'NONE', #52, #3797 ) ;
#4057 = UNCERTAINTY_MEASURE_WITH_UNIT (LENGTH_MEASURE( 1.000000000000000082E-05 ), #299, 'distance_accuracy_value', 'NONE');
#4058 = SURFACE_STYLE_FILL_AREA ( #2587 ) ;
#4059 = VECTOR ( 'NONE', #3612, 1000.000000000000000 ) ;
#4060 = FILL_AREA_STYLE ('',( #3313 ) ) ;
#4061 = ORIENTED_EDGE ( 'NONE', *, *, #3451, .T. ) ;
#4062 = CARTESIAN_POINT ( 'NONE',  ( 1.550000000000000266, 2.225000000000000089, 0.0000000000000000000 ) ) ;
#4063 = VECTOR ( 'NONE', #2735, 1000.000000000000000 ) ;
#4064 = PRESENTATION_STYLE_ASSIGNMENT (( #4096 ) ) ;
#4065 = VERTEX_POINT ( 'NONE', #2668 ) ;
#4066 = FILL_AREA_STYLE ('',( #4461 ) ) ;
#4067 = ADVANCED_FACE ( 'NONE', ( #1105 ), #2599, .T. ) ;
#4068 =( NAMED_UNIT ( * ) SI_UNIT ( $, .STERADIAN. ) SOLID_ANGLE_UNIT ( ) );
#4069 = SURFACE_STYLE_USAGE ( .BOTH. , #843 ) ;
#4070 = CARTESIAN_POINT ( 'NONE',  ( -0.6500000000000001332, -1.649999999999999911, 0.9499999999999999556 ) ) ;
#4071 = CIRCLE ( 'NONE', #4218, 0.2500000000000000000 ) ;
#4072 = CARTESIAN_POINT ( 'NONE',  ( -0.5999999999999999778, 0.3750000000000000000, 0.1000000000000000056 ) ) ;
#4073 = CARTESIAN_POINT ( 'NONE',  ( -1.500000000000000000, -0.8750000000000000000, 0.0000000000000000000 ) ) ;
#4074 = FILL_AREA_STYLE_COLOUR ( '', #2762 ) ;
#4075 = VERTEX_POINT ( 'NONE', #1203 ) ;
#4076 =( NAMED_UNIT ( * ) SI_UNIT ( $, .STERADIAN. ) SOLID_ANGLE_UNIT ( ) );
#4077 = ORIENTED_EDGE ( 'NONE', *, *, #2465, .F. ) ;
#4078 = DIRECTION ( 'NONE',  ( 0.0000000000000000000, -0.0000000000000000000, -1.000000000000000000 ) ) ;
#4079 =( NAMED_UNIT ( * ) PLANE_ANGLE_UNIT ( ) SI_UNIT ( $, .RADIAN. ) );
#4080 = EDGE_CURVE ( 'NONE', #3982, #1302, #3377, .T. ) ;
#4081 = VERTEX_POINT ( 'NONE', #1124 ) ;
#4082 = PRESENTATION_STYLE_ASSIGNMENT (( #1016 ) ) ;
#4083 =( NAMED_UNIT ( * ) PLANE_ANGLE_UNIT ( ) SI_UNIT ( $, .RADIAN. ) );
#4084 = VECTOR ( 'NONE', #3311, 1000.000000000000000 ) ;
#4085 = FILL_AREA_STYLE_COLOUR ( '', #204 ) ;
#4086 = PLANE ( 'NONE',  #4700 ) ;
#4087 = STYLED_ITEM ( 'NONE', ( #883 ), #1102 ) ;
#4088 = EDGE_CURVE ( 'NONE', #4178, #3803, #4192, .T. ) ;
#4089 = EDGE_LOOP ( 'NONE', ( #278, #736, #3911, #1516 ) ) ;
#4090 = VECTOR ( 'NONE', #3130, 1000.000000000000000 ) ;
#4091 = CARTESIAN_POINT ( 'NONE',  ( -1.500000000000000000, -2.129999999999999893, 0.0000000000000000000 ) ) ;
#4092 = PLANE ( 'NONE',  #2620 ) ;
#4093 = DIRECTION ( 'NONE',  ( -1.000000000000000000, 0.0000000000000000000, -0.0000000000000000000 ) ) ;
#4094 = ORIENTED_EDGE ( 'NONE', *, *, #2938, .T. ) ;
#4095 = SURFACE_STYLE_USAGE ( .BOTH. , #1555 ) ;
#4096 = SURFACE_STYLE_USAGE ( .BOTH. , #4792 ) ;
#4097 = ORIENTED_EDGE ( 'NONE', *, *, #1643, .F. ) ;
#4098 = LINE ( 'NONE', #4141, #1468 ) ;
#4099 = ORIENTED_EDGE ( 'NONE', *, *, #2384, .T. ) ;
#4100 = MECHANICAL_DESIGN_GEOMETRIC_PRESENTATION_REPRESENTATION (  '', ( #1366 ), #3385 ) ;
#4101 = DIRECTION ( 'NONE',  ( 1.000000000000000000, 0.0000000000000000000, 0.0000000000000000000 ) ) ;
#4102 = EDGE_CURVE ( 'NONE', #3314, #57, #811, .T. ) ;
#4103 = UNCERTAINTY_MEASURE_WITH_UNIT (LENGTH_MEASURE( 1.000000000000000082E-05 ), #3977, 'distance_accuracy_value', 'NONE');
#4104 = COLOUR_RGB ( '',0.8470588235294117530, 0.6901960784313725394, 0.2196078431372548989 ) ;
#4105 = DIRECTION ( 'NONE',  ( -0.0000000000000000000, -0.0000000000000000000, 1.000000000000000000 ) ) ;
#4106 = CARTESIAN_POINT ( 'NONE',  ( 1.500000000000000000, -1.625000000000000222, 0.09999999999999999167 ) ) ;
#4107 = SURFACE_STYLE_USAGE ( .BOTH. , #4465 ) ;
#4108 = PRESENTATION_LAYER_ASSIGNMENT (  '', '', ( #2009 ) ) ;
#4109 =( NAMED_UNIT ( * ) SI_UNIT ( $, .STERADIAN. ) SOLID_ANGLE_UNIT ( ) );
#4110 = LINE ( 'NONE', #747, #4543 ) ;
#4111 = VECTOR ( 'NONE', #4428, 1000.000000000000000 ) ;
#4112 = PRESENTATION_LAYER_ASSIGNMENT (  '', '', ( #287 ) ) ;
#4113 = DIRECTION ( 'NONE',  ( -0.0000000000000000000, -0.0000000000000000000, -1.000000000000000000 ) ) ;
#4114 = MECHANICAL_DESIGN_GEOMETRIC_PRESENTATION_REPRESENTATION (  '', ( #4565 ), #435 ) ;
#4115 = EDGE_CURVE ( 'NONE', #918, #2277, #2357, .T. ) ;
#4116 = CARTESIAN_POINT ( 'NONE',  ( -0.5000000000000000000, 0.2750000000000000777, 0.1000000000000000056 ) ) ;
#4117 = FILL_AREA_STYLE_COLOUR ( '', #1446 ) ;
#4118 = VECTOR ( 'NONE', #180, 1000.000000000000000 ) ;
#4119 = ORIENTED_EDGE ( 'NONE', *, *, #704, .T. ) ;
#4120 =( NAMED_UNIT ( * ) PLANE_ANGLE_UNIT ( ) SI_UNIT ( $, .RADIAN. ) );
#4121 = VECTOR ( 'NONE', #4236, 1000.000000000000000 ) ;
#4122 = PLANE ( 'NONE',  #2676 ) ;
#4123 = CARTESIAN_POINT ( 'NONE',  ( -1.250000000000000000, -2.350000000000000089, 0.4270000000000000462 ) ) ;
#4124 = PRESENTATION_LAYER_ASSIGNMENT (  '', '', ( #3194 ) ) ;
#4125 =( NAMED_UNIT ( * ) SI_UNIT ( $, .STERADIAN. ) SOLID_ANGLE_UNIT ( ) );
#4126 = ORIENTED_EDGE ( 'NONE', *, *, #1443, .F. ) ;
#4127 = EDGE_CURVE ( 'NONE', #3231, #876, #4098, .T. ) ;
#4128 = PRESENTATION_STYLE_ASSIGNMENT (( #4107 ) ) ;
#4129 =( NAMED_UNIT ( * ) SI_UNIT ( $, .STERADIAN. ) SOLID_ANGLE_UNIT ( ) );
#4130 = CARTESIAN_POINT ( 'NONE',  ( -1.510000000000000009, 1.514999999999999902, 0.1000000000000000056 ) ) ;
#4131 = ORIENTED_EDGE ( 'NONE', *, *, #373, .T. ) ;
#4132 = CARTESIAN_POINT ( 'NONE',  ( 1.500000000000000000, 0.3750000000000000000, 0.09999999999999999167 ) ) ;
#4133 = DIRECTION ( 'NONE',  ( 0.0000000000000000000, 1.000000000000000000, -0.0000000000000000000 ) ) ;
#4134 = MECHANICAL_DESIGN_GEOMETRIC_PRESENTATION_REPRESENTATION (  '', ( #317 ), #3280 ) ;
#4135 = FILL_AREA_STYLE_COLOUR ( '', #2855 ) ;
#4136 = FILL_AREA_STYLE ('',( #3332 ) ) ;
#4137 = EDGE_CURVE ( 'NONE', #506, #2060, #112, .T. ) ;
#4138 = ORIENTED_EDGE ( 'NONE', *, *, #1639, .T. ) ;
#4139 = FACE_OUTER_BOUND ( 'NONE', #3507, .T. ) ;
#4140 = DIRECTION ( 'NONE',  ( 0.0000000000000000000, 0.0000000000000000000, -1.000000000000000000 ) ) ;
#4141 = CARTESIAN_POINT ( 'NONE',  ( 0.4899999999999999911, 2.125000000000000000, 0.1000000000000000056 ) ) ;
#4142 = EDGE_CURVE ( 'NONE', #541, #374, #3094, .T. ) ;
#4143 = VERTEX_POINT ( 'NONE', #735 ) ;
#4144 = DIRECTION ( 'NONE',  ( 1.000000000000000000, 0.0000000000000000000, 0.0000000000000000000 ) ) ;
#4145 = SURFACE_STYLE_FILL_AREA ( #2332 ) ;
#4146 = ORIENTED_EDGE ( 'NONE', *, *, #353, .F. ) ;
#4147 = CARTESIAN_POINT ( 'NONE',  ( -0.5999999999999999778, -0.3750000000000000000, 0.0000000000000000000 ) ) ;
#4148 = SURFACE_STYLE_FILL_AREA ( #3389 ) ;
#4149 = LINE ( 'NONE', #794, #3177 ) ;
#4150 = FILL_AREA_STYLE_COLOUR ( '', #1355 ) ;
#4151 = FACE_OUTER_BOUND ( 'NONE', #1758, .T. ) ;
#4152 = ORIENTED_EDGE ( 'NONE', *, *, #1991, .T. ) ;
#4153 = COLOUR_RGB ( '',0.8470588235294117530, 0.6901960784313725394, 0.2196078431372548989 ) ;
#4154 = ORIENTED_EDGE ( 'NONE', *, *, #4088, .T. ) ;
#4155 = FILL_AREA_STYLE_COLOUR ( '', #4625 ) ;
#4156 = CARTESIAN_POINT ( 'NONE',  ( -1.510000000000000009, 2.225000000000000089, 0.1100000000000000006 ) ) ;
#4157 = AXIS2_PLACEMENT_3D ( 'NONE', #1006, #718, #4385 ) ;
#4158 = EDGE_CURVE ( 'NONE', #633, #759, #2256, .T. ) ;
#4159 = DIRECTION ( 'NONE',  ( 1.000000000000000000, -0.0000000000000000000, 0.0000000000000000000 ) ) ;
#4160 = VERTEX_POINT ( 'NONE', #1883 ) ;
#4161 = VERTEX_POINT ( 'NONE', #3357 ) ;
#4162 =( LENGTH_UNIT ( ) NAMED_UNIT ( * ) SI_UNIT ( .MILLI., .METRE. ) );
#4163 = DIRECTION ( 'NONE',  ( 0.0000000000000000000, -0.0000000000000000000, 1.000000000000000000 ) ) ;
#4164 = DIRECTION ( 'NONE',  ( -0.0000000000000000000, 1.000000000000000000, 0.0000000000000000000 ) ) ;
#4165 = DIRECTION ( 'NONE',  ( 0.0000000000000000000, -1.000000000000000000, 0.0000000000000000000 ) ) ;
#4166 = ADVANCED_FACE ( 'NONE', ( #17 ), #1502, .T. ) ;
#4167 = CARTESIAN_POINT ( 'NONE',  ( -1.510000000000000009, 0.2650000000000000688, 0.1000000000000000056 ) ) ;
#4168 = VERTEX_POINT ( 'NONE', #2829 ) ;
#4169 = CARTESIAN_POINT ( 'NONE',  ( -1.250000000000000000, -2.350000000000000089, 0.2999999999999994893 ) ) ;
#4170 = CARTESIAN_POINT ( 'NONE',  ( 1.500000000000000000, -1.524999999999999911, 0.3499999999999999778 ) ) ;
#4171 = EDGE_CURVE ( 'NONE', #1576, #1187, #3912, .T. ) ;
#4172 = CARTESIAN_POINT ( 'NONE',  ( -1.500000000000000000, -2.549999999999999822, 0.0000000000000000000 ) ) ;
#4173 = SURFACE_STYLE_FILL_AREA ( #871 ) ;
#4174 = SURFACE_SIDE_STYLE ('',( #1563 ) ) ;
#4175 = LINE ( 'NONE', #821, #824 ) ;
#4176 = DIRECTION ( 'NONE',  ( -0.0000000000000000000, 1.000000000000000000, 0.0000000000000000000 ) ) ;
#4177 = FILL_AREA_STYLE ('',( #825 ) ) ;
#4178 = VERTEX_POINT ( 'NONE', #4217 ) ;
#4179 = CARTESIAN_POINT ( 'NONE',  ( -1.500000000000000000, 0.2750000000000000777, 0.09999999999999999167 ) ) ;
#4180 = AXIS2_PLACEMENT_3D ( 'NONE', #4010, #1746, #1693 ) ;
#4181 = ORIENTED_EDGE ( 'NONE', *, *, #1047, .T. ) ;
#4182 = VERTEX_POINT ( 'NONE', #940 ) ;
#4183 =( NAMED_UNIT ( * ) SI_UNIT ( $, .STERADIAN. ) SOLID_ANGLE_UNIT ( ) );
#4184 = EDGE_LOOP ( 'NONE', ( #4502, #3772, #2981, #859, #4234, #63, #3035, #686, #2871, #1628, #2082, #3477, #215, #2895, #3422, #1683, #4459, #711, #4290, #4299, #3767, #4311, #2529, #860, #1313, #1736, #212, #2713, #3685, #4496, #3187, #3898, #3884, #3852, #2020, #1023 ) ) ;
#4185 = STYLED_ITEM ( 'NONE', ( #3153 ), #3693 ) ;
#4186 = CARTESIAN_POINT ( 'NONE',  ( 1.500000000000000000, 2.125000000000000000, 0.09999999999999999167 ) ) ;
#4187 = VECTOR ( 'NONE', #1258, 1000.000000000000000 ) ;
#4188 = EDGE_CURVE ( 'NONE', #3053, #2059, #3854, .T. ) ;
#4189 = FILL_AREA_STYLE ('',( #4542 ) ) ;
#4190 = COLOUR_RGB ( '',0.8470588235294117530, 0.6901960784313725394, 0.2196078431372548989 ) ;
#4191 = VERTEX_POINT ( 'NONE', #3144 ) ;
#4192 = LINE ( 'NONE', #4123, #3261 ) ;
#4193 = ORIENTED_EDGE ( 'NONE', *, *, #483, .T. ) ;
#4194 = CARTESIAN_POINT ( 'NONE',  ( 0.5999999999999999778, 0.3699999999999999956, 0.1050000000000000100 ) ) ;
#4195 = PRESENTATION_LAYER_ASSIGNMENT (  '', '', ( #4052 ) ) ;
#4196 = MECHANICAL_DESIGN_GEOMETRIC_PRESENTATION_REPRESENTATION (  '', ( #2646 ), #4053 ) ;
#4197 = DIRECTION ( 'NONE',  ( -0.0000000000000000000, 0.0000000000000000000, 1.000000000000000000 ) ) ;
#4198 = CARTESIAN_POINT ( 'NONE',  ( 0.5999999999999999778, -2.125000000000000000, 0.09999999999999997780 ) ) ;
#4199 = ADVANCED_FACE ( 'NONE', ( #1722 ), #3963, .T. ) ;
#4200 = PLANE ( 'NONE',  #989 ) ;
#4201 = FILL_AREA_STYLE ('',( #4601 ) ) ;
#4202 =( GEOMETRIC_REPRESENTATION_CONTEXT ( 3 ) GLOBAL_UNCERTAINTY_ASSIGNED_CONTEXT ( ( #2011 ) ) GLOBAL_UNIT_ASSIGNED_CONTEXT ( ( #3005, #696, #3719 ) ) REPRESENTATION_CONTEXT ( 'NONE', 'WORKASPACE' ) );
#4203 = PLANE ( 'NONE',  #2718 ) ;
#4204 = CARTESIAN_POINT ( 'NONE',  ( 1.508999999999999897, -0.8750000000000000000, 0.0000000000000000000 ) ) ;
#4205 = CARTESIAN_POINT ( 'NONE',  ( 1.250000000000000000, -2.250000000000000444, -0.7062500000000000444 ) ) ;
#4206 = EDGE_LOOP ( 'NONE', ( #3139, #2447, #4531, #1654 ) ) ;
#4207 = ORIENTED_EDGE ( 'NONE', *, *, #1798, .F. ) ;
#4208 = APPLICATION_CONTEXT ( 'automotive_design' ) ;
#4209 = CARTESIAN_POINT ( 'NONE',  ( -1.500000000000000000, 0.2650000000000000688, 0.1000000000000000056 ) ) ;
#4210 = CARTESIAN_POINT ( 'NONE',  ( -1.530000000000000027, 2.500000000000000000, 0.3300000000000000155 ) ) ;
#4211 = EDGE_LOOP ( 'NONE', ( #305, #3644, #4423, #878 ) ) ;
#4212 = ORIENTED_EDGE ( 'NONE', *, *, #2384, .F. ) ;
#4213 = CARTESIAN_POINT ( 'NONE',  ( -1.250000000000000000, 2.250000000000000444, 0.3999999999999999667 ) ) ;
#4214 = VECTOR ( 'NONE', #1487, 1000.000000000000000 ) ;
#4215 = DIRECTION ( 'NONE',  ( 0.0000000000000000000, 0.0000000000000000000, -1.000000000000000000 ) ) ;
#4216 = EDGE_LOOP ( 'NONE', ( #1283, #4193, #3874, #3532 ) ) ;
#4217 = CARTESIAN_POINT ( 'NONE',  ( -1.250000000000000000, -2.350000000000000089, 0.3999999999999999667 ) ) ;
#4218 = AXIS2_PLACEMENT_3D ( 'NONE', #2707, #3430, #2296 ) ;
#4219 = DIRECTION ( 'NONE',  ( 0.0000000000000000000, 1.000000000000000000, 0.0000000000000000000 ) ) ;
#4220 = DIRECTION ( 'NONE',  ( 1.000000000000000000, -0.0000000000000000000, 0.0000000000000000000 ) ) ;
#4221 = CARTESIAN_POINT ( 'NONE',  ( 1.229999999999999982, 1.930000000000000382, 0.4000000000000001332 ) ) ;
#4222 = CARTESIAN_POINT ( 'NONE',  ( 1.550000000000000266, -2.225000000000000089, 0.0000000000000000000 ) ) ;
#4223 = CARTESIAN_POINT ( 'NONE',  ( 0.5000000000000000000, 2.225000000000000089, 0.1069999999999999979 ) ) ;
#4224 = DIRECTION ( 'NONE',  ( 0.0000000000000000000, 0.0000000000000000000, 1.000000000000000000 ) ) ;
#4225 = CARTESIAN_POINT ( 'NONE',  ( -0.9300000000000000488, -5.402499999999999858, 0.6500000000000001332 ) ) ;
#4226 = SURFACE_STYLE_USAGE ( .BOTH. , #851 ) ;
#4227 = VERTEX_POINT ( 'NONE', #4649 ) ;
#4228 = DIRECTION ( 'NONE',  ( 1.000000000000000000, 0.0000000000000000000, 0.0000000000000000000 ) ) ;
#4229 = VERTEX_POINT ( 'NONE', #1033 ) ;
#4230 = CARTESIAN_POINT ( 'NONE',  ( -3.652499999999999858, 1.930000000000000160, 0.6500000000000001332 ) ) ;
#4231 =( NAMED_UNIT ( * ) SI_UNIT ( $, .STERADIAN. ) SOLID_ANGLE_UNIT ( ) );
#4232 = UNCERTAINTY_MEASURE_WITH_UNIT (LENGTH_MEASURE( 1.000000000000000082E-05 ), #1748, 'distance_accuracy_value', 'NONE');
#4233 = EDGE_CURVE ( 'NONE', #655, #566, #1430, .T. ) ;
#4234 = ORIENTED_EDGE ( 'NONE', *, *, #1551, .T. ) ;
#4235 = PRESENTATION_LAYER_ASSIGNMENT (  '', '', ( #2070 ) ) ;
#4236 = DIRECTION ( 'NONE',  ( -0.0000000000000000000, 0.0000000000000000000, 1.000000000000000000 ) ) ;
#4237 = ORIENTED_EDGE ( 'NONE', *, *, #2709, .T. ) ;
#4238 = CARTESIAN_POINT ( 'NONE',  ( -0.6500000000000001332, -1.649999999999999911, 0.7500000000000000000 ) ) ;
#4239 = PRESENTATION_LAYER_ASSIGNMENT (  '', '', ( #3367 ) ) ;
#4240 = DIRECTION ( 'NONE',  ( 1.000000000000000000, 0.0000000000000000000, 0.0000000000000000000 ) ) ;
#4241 = AXIS2_PLACEMENT_3D ( 'NONE', #4284, #1751, #2045 ) ;
#4242 = CARTESIAN_POINT ( 'NONE',  ( 0.4899999999999999911, 1.514999999999999902, 0.1000000000000000056 ) ) ;
#4243 = ORIENTED_EDGE ( 'NONE', *, *, #3056, .F. ) ;
#4244 = AXIS2_PLACEMENT_3D ( 'NONE', #3398, #1192, #3083 ) ;
#4245 = AXIS2_PLACEMENT_3D ( 'NONE', #4242, #2378, #3879 ) ;
#4246 = ORIENTED_EDGE ( 'NONE', *, *, #1543, .F. ) ;
#4247 = CARTESIAN_POINT ( 'NONE',  ( -0.9300000000000000488, -2.230000000000000426, 0.3999999999999994671 ) ) ;
#4248 = VECTOR ( 'NONE', #4176, 1000.000000000000000 ) ;
#4249 = LINE ( 'NONE', #1257, #4033 ) ;
#4250 = CIRCLE ( 'NONE', #2775, 0.1000000000000000472 ) ;
#4251 = DIRECTION ( 'NONE',  ( -1.000000000000000000, 0.0000000000000000000, -0.0000000000000000000 ) ) ;
#4252 = EDGE_CURVE ( 'NONE', #4794, #2001, #4786, .T. ) ;
#4253 = CIRCLE ( 'NONE', #3161, 0.3000000000000000444 ) ;
#4254 = DIRECTION ( 'NONE',  ( -0.0000000000000000000, 0.0000000000000000000, -1.000000000000000000 ) ) ;
#4255 = FILL_AREA_STYLE_COLOUR ( '', #1265 ) ;
#4256 = ORIENTED_EDGE ( 'NONE', *, *, #1079, .F. ) ;
#4257 = DIRECTION ( 'NONE',  ( 0.0000000000000000000, 0.0000000000000000000, 1.000000000000000000 ) ) ;
#4258 = STYLED_ITEM ( 'NONE', ( #2194 ), #2189 ) ;
#4259 = CARTESIAN_POINT ( 'NONE',  ( 1.032943725152285941, -2.105735931288072571, 0.9500000000000001776 ) ) ;
#4260 = CARTESIAN_POINT ( 'NONE',  ( 1.530000000000000027, -2.500000000000000000, 0.2999999999999999889 ) ) ;
#4261 =( GEOMETRIC_REPRESENTATION_CONTEXT ( 3 ) GLOBAL_UNCERTAINTY_ASSIGNED_CONTEXT ( ( #4662 ) ) GLOBAL_UNIT_ASSIGNED_CONTEXT ( ( #2817, #3275, #1321 ) ) REPRESENTATION_CONTEXT ( 'NONE', 'WORKASPACE' ) );
#4262 = ORIENTED_EDGE ( 'NONE', *, *, #4352, .T. ) ;
#4263 = EDGE_LOOP ( 'NONE', ( #3793, #3188, #4718, #3929 ) ) ;
#4264 = ORIENTED_EDGE ( 'NONE', *, *, #3279, .T. ) ;
#4265 = DIRECTION ( 'NONE',  ( 1.000000000000000000, -0.0000000000000000000, -0.0000000000000000000 ) ) ;
#4266 = SURFACE_SIDE_STYLE ('',( #2137 ) ) ;
#4267 = EDGE_LOOP ( 'NONE', ( #4617, #2809, #3907, #4207 ) ) ;
#4268 = PRESENTATION_LAYER_ASSIGNMENT (  '', '', ( #3648 ) ) ;
#4269 = AXIS2_PLACEMENT_3D ( 'NONE', #4194, #3535, #140 ) ;
#4270 = CARTESIAN_POINT ( 'NONE',  ( 1.550000000000000266, 2.500000000000000000, 0.0000000000000000000 ) ) ;
#4271 = ORIENTED_EDGE ( 'NONE', *, *, #4102, .F. ) ;
#4272 = FACE_OUTER_BOUND ( 'NONE', #3371, .T. ) ;
#4273 = FACE_OUTER_BOUND ( 'NONE', #980, .T. ) ;
#4274 = PRESENTATION_LAYER_ASSIGNMENT (  '', '', ( #4565 ) ) ;
#4275 = AXIS2_PLACEMENT_3D ( 'NONE', #4441, #2661, #729 ) ;
#4276 = PLANE ( 'NONE',  #1113 ) ;
#4277 =( GEOMETRIC_REPRESENTATION_CONTEXT ( 3 ) GLOBAL_UNCERTAINTY_ASSIGNED_CONTEXT ( ( #4486 ) ) GLOBAL_UNIT_ASSIGNED_CONTEXT ( ( #342, #1135, #4129 ) ) REPRESENTATION_CONTEXT ( 'NONE', 'WORKASPACE' ) );
#4278 = COLOUR_RGB ( '',0.8470588235294117530, 0.6901960784313725394, 0.2196078431372548989 ) ;
#4279 = FACE_OUTER_BOUND ( 'NONE', #382, .T. ) ;
#4280 = AXIS2_PLACEMENT_3D ( 'NONE', #3240, #2631, #4093 ) ;
#4281 = MECHANICAL_DESIGN_GEOMETRIC_PRESENTATION_REPRESENTATION (  '', ( #3097 ), #2716 ) ;
#4282 =( LENGTH_UNIT ( ) NAMED_UNIT ( * ) SI_UNIT ( .MILLI., .METRE. ) );
#4283 = EDGE_CURVE ( 'NONE', #1653, #81, #1454, .T. ) ;
#4284 = CARTESIAN_POINT ( 'NONE',  ( -0.5909999999999989706, 0.3659999999999999920, 0.0000000000000000000 ) ) ;
#4285 = DIRECTION ( 'NONE',  ( 0.0000000000000000000, 0.0000000000000000000, -1.000000000000000000 ) ) ;
#4286 = CARTESIAN_POINT ( 'NONE',  ( -1.500000000000000000, -1.625000000000000222, 0.0000000000000000000 ) ) ;
#4287 = UNCERTAINTY_MEASURE_WITH_UNIT (LENGTH_MEASURE( 1.000000000000000082E-05 ), #2959, 'distance_accuracy_value', 'NONE');
#4288 = CARTESIAN_POINT ( 'NONE',  ( -0.5000000000000000000, -2.549999999999999822, 0.0000000000000000000 ) ) ;
#4289 = ADVANCED_FACE ( 'NONE', ( #2568 ), #2182, .T. ) ;
#4290 = ORIENTED_EDGE ( 'NONE', *, *, #1167, .T. ) ;
#4291 = ORIENTED_EDGE ( 'NONE', *, *, #1551, .F. ) ;
#4292 = CARTESIAN_POINT ( 'NONE',  ( -0.5000000000000000000, 2.232000000000000206, 0.1069999999999999979 ) ) ;
#4293 = SURFACE_STYLE_USAGE ( .BOTH. , #3380 ) ;
#4294 = SURFACE_STYLE_USAGE ( .BOTH. , #519 ) ;
#4295 = SURFACE_STYLE_FILL_AREA ( #4318 ) ;
#4296 = SURFACE_STYLE_FILL_AREA ( #2808 ) ;
#4297 = EDGE_CURVE ( 'NONE', #39, #4781, #1011, .T. ) ;
#4298 =( NAMED_UNIT ( * ) PLANE_ANGLE_UNIT ( ) SI_UNIT ( $, .RADIAN. ) );
#4299 = ORIENTED_EDGE ( 'NONE', *, *, #1672, .T. ) ;
#4300 =( NAMED_UNIT ( * ) SI_UNIT ( $, .STERADIAN. ) SOLID_ANGLE_UNIT ( ) );
#4301 = FACE_OUTER_BOUND ( 'NONE', #1992, .T. ) ;
#4302 = EDGE_CURVE ( 'NONE', #3581, #3435, #2203, .T. ) ;
#4303 = CARTESIAN_POINT ( 'NONE',  ( 1.550000000000000266, 0.2750000000000000777, 0.0000000000000000000 ) ) ;
#4304 = CARTESIAN_POINT ( 'NONE',  ( -0.5909999999999999698, -2.125000000000000000, 0.1090000000000000135 ) ) ;
#4305 =( GEOMETRIC_REPRESENTATION_CONTEXT ( 3 ) GLOBAL_UNCERTAINTY_ASSIGNED_CONTEXT ( ( #4525 ) ) GLOBAL_UNIT_ASSIGNED_CONTEXT ( ( #3450, #2452, #3556 ) ) REPRESENTATION_CONTEXT ( 'NONE', 'WORKASPACE' ) );
#4306 = SURFACE_SIDE_STYLE ('',( #3922 ) ) ;
#4307 = CARTESIAN_POINT ( 'NONE',  ( 1.550000000000000266, 2.225000000000000089, 0.0000000000000000000 ) ) ;
#4308 = FILL_AREA_STYLE_COLOUR ( '', #2554 ) ;
#4309 = CARTESIAN_POINT ( 'NONE',  ( -0.5999999999999999778, 0.2650000000000000688, 0.1000000000000000056 ) ) ;
#4310 = PRESENTATION_STYLE_ASSIGNMENT (( #540 ) ) ;
#4311 = ORIENTED_EDGE ( 'NONE', *, *, #1074, .F. ) ;
#4312 = ORIENTED_EDGE ( 'NONE', *, *, #4316, .F. ) ;
#4313 = DIRECTION ( 'NONE',  ( 0.0000000000000000000, 0.0000000000000000000, -1.000000000000000000 ) ) ;
#4314 =( NAMED_UNIT ( * ) SI_UNIT ( $, .STERADIAN. ) SOLID_ANGLE_UNIT ( ) );
#4315 = CARTESIAN_POINT ( 'NONE',  ( -0.9300000000000002709, 1.930000000000000382, 0.9500000000000000666 ) ) ;
#4316 = EDGE_CURVE ( 'NONE', #1839, #1680, #3665, .T. ) ;
#4317 = DIRECTION ( 'NONE',  ( 0.0000000000000000000, 1.000000000000000000, -0.0000000000000000000 ) ) ;
#4318 = FILL_AREA_STYLE ('',( #1334 ) ) ;
#4319 = MECHANICAL_DESIGN_GEOMETRIC_PRESENTATION_REPRESENTATION (  '', ( #4612 ), #3843 ) ;
#4320 = VECTOR ( 'NONE', #3718, 1000.000000000000000 ) ;
#4321 = CARTESIAN_POINT ( 'NONE',  ( -0.4899999999999999911, -2.225000000000000089, 0.1100000000000000006 ) ) ;
#4322 = ORIENTED_EDGE ( 'NONE', *, *, #3207, .F. ) ;
#4323 = DIRECTION ( 'NONE',  ( -0.0000000000000000000, -0.0000000000000000000, 1.000000000000000000 ) ) ;
#4324 = CARTESIAN_POINT ( 'NONE',  ( 0.9000000000000001332, 1.649999999999999911, 0.7500000000000000000 ) ) ;
#4325 = VECTOR ( 'NONE', #3676, 1000.000000000000000 ) ;
#4326 = VECTOR ( 'NONE', #121, 1000.000000000000000 ) ;
#4327 = ADVANCED_FACE ( 'NONE', ( #991 ), #3986, .T. ) ;
#4328 = FILL_AREA_STYLE ('',( #4720 ) ) ;
#4329 = DIRECTION ( 'NONE',  ( 0.0000000000000000000, 0.0000000000000000000, 1.000000000000000000 ) ) ;
#4330 = DIRECTION ( 'NONE',  ( -0.0000000000000000000, 0.0000000000000000000, 1.000000000000000000 ) ) ;
#4331 = ADVANCED_FACE ( 'NONE', ( #2247 ), #439, .T. ) ;
#4332 = PLANE ( 'NONE',  #3722 ) ;
#4333 = SURFACE_SIDE_STYLE ('',( #2102 ) ) ;
#4334 = CARTESIAN_POINT ( 'NONE',  ( -0.9300000000000000488, -1.930000000000000160, 0.3999999999999988565 ) ) ;
#4335 = DIRECTION ( 'NONE',  ( -1.000000000000000000, -0.0000000000000000000, -0.0000000000000000000 ) ) ;
#4336 = VECTOR ( 'NONE', #427, 1000.000000000000000 ) ;
#4337 = UNCERTAINTY_MEASURE_WITH_UNIT (LENGTH_MEASURE( 1.000000000000000082E-05 ), #528, 'distance_accuracy_value', 'NONE');
#4338 = LINE ( 'NONE', #4288, #3624 ) ;
#4339 = ORIENTED_EDGE ( 'NONE', *, *, #4040, .T. ) ;
#4340 = ORIENTED_EDGE ( 'NONE', *, *, #4752, .F. ) ;
#4341 = ORIENTED_EDGE ( 'NONE', *, *, #3514, .T. ) ;
#4342 =( NAMED_UNIT ( * ) SI_UNIT ( $, .STERADIAN. ) SOLID_ANGLE_UNIT ( ) );
#4343 = DIRECTION ( 'NONE',  ( 1.000000000000000000, 0.0000000000000000000, -0.0000000000000000000 ) ) ;
#4344 =( LENGTH_UNIT ( ) NAMED_UNIT ( * ) SI_UNIT ( .MILLI., .METRE. ) );
#4345 = VECTOR ( 'NONE', #2443, 1000.000000000000000 ) ;
#4346 = PRESENTATION_STYLE_ASSIGNMENT (( #4035 ) ) ;
#4347 = ORIENTED_EDGE ( 'NONE', *, *, #2093, .T. ) ;
#4348 = LINE ( 'NONE', #4398, #2500 ) ;
#4349 = CARTESIAN_POINT ( 'NONE',  ( 1.229999999999999982, -1.930000000000000160, 0.4000000000000001332 ) ) ;
#4350 =( NAMED_UNIT ( * ) PLANE_ANGLE_UNIT ( ) SI_UNIT ( $, .RADIAN. ) );
#4351 = SURFACE_STYLE_USAGE ( .BOTH. , #1694 ) ;
#4352 = EDGE_CURVE ( 'NONE', #2, #389, #394, .T. ) ;
#4353 = ORIENTED_EDGE ( 'NONE', *, *, #3947, .F. ) ;
#4354 =( LENGTH_UNIT ( ) NAMED_UNIT ( * ) SI_UNIT ( .MILLI., .METRE. ) );
#4355 = COLOUR_RGB ( '',0.8470588235294117530, 0.6901960784313725394, 0.2196078431372548989 ) ;
#4356 = LINE ( 'NONE', #3250, #4427 ) ;
#4357 = VECTOR ( 'NONE', #2994, 1000.000000000000000 ) ;
#4358 =( GEOMETRIC_REPRESENTATION_CONTEXT ( 3 ) GLOBAL_UNCERTAINTY_ASSIGNED_CONTEXT ( ( #126 ) ) GLOBAL_UNIT_ASSIGNED_CONTEXT ( ( #921, #3170, #4300 ) ) REPRESENTATION_CONTEXT ( 'NONE', 'WORKASPACE' ) );
#4359 = ADVANCED_FACE ( 'NONE', ( #1575 ), #2679, .T. ) ;
#4360 = DIRECTION ( 'NONE',  ( -0.0000000000000000000, 1.000000000000000000, 0.0000000000000000000 ) ) ;
#4361 = CARTESIAN_POINT ( 'NONE',  ( -0.5999999999999999778, 2.125000000000000000, 0.1090000000000000135 ) ) ;
#4362 = CARTESIAN_POINT ( 'NONE',  ( -1.500000000000000000, 1.514999999999999902, 0.1000000000000000056 ) ) ;
#4363 = MECHANICAL_DESIGN_GEOMETRIC_PRESENTATION_REPRESENTATION (  '', ( #2726 ), #1935 ) ;
#4364 = PLANE ( 'NONE',  #4157 ) ;
#4365 = LINE ( 'NONE', #4260, #4018 ) ;
#4366 = EDGE_LOOP ( 'NONE', ( #1217, #4605, #535, #2606, #3333, #1223, #2550, #4537 ) ) ;
#4367 = ORIENTED_EDGE ( 'NONE', *, *, #2549, .T. ) ;
#4368 = FILL_AREA_STYLE ('',( #3632 ) ) ;
#4369 = SURFACE_SIDE_STYLE ('',( #1378 ) ) ;
#4370 = CARTESIAN_POINT ( 'NONE',  ( -1.105735931288071239, -2.230000000000000870, 0.6500000000000000222 ) ) ;
#4371 = LINE ( 'NONE', #3214, #2681 ) ;
#4372 = PLANE ( 'NONE',  #1501 ) ;
#4373 = PRESENTATION_STYLE_ASSIGNMENT (( #2900 ) ) ;
#4374 = ORIENTED_EDGE ( 'NONE', *, *, #848, .F. ) ;
#4375 =( LENGTH_UNIT ( ) NAMED_UNIT ( * ) SI_UNIT ( .MILLI., .METRE. ) );
#4376 = PRESENTATION_STYLE_ASSIGNMENT (( #3916 ) ) ;
#4377 = ORIENTED_EDGE ( 'NONE', *, *, #3243, .F. ) ;
#4378 = FILL_AREA_STYLE ('',( #2886 ) ) ;
#4379 = LINE ( 'NONE', #1777, #3172 ) ;
#4380 = ADVANCED_FACE ( 'NONE', ( #3749 ), #3427, .T. ) ;
#4381 = MECHANICAL_DESIGN_GEOMETRIC_PRESENTATION_REPRESENTATION (  '', ( #1822 ), #3431 ) ;
#4382 = SURFACE_STYLE_USAGE ( .BOTH. , #2889 ) ;
#4383 = CARTESIAN_POINT ( 'NONE',  ( -0.5999999999999999778, 2.129999999999999893, 0.1050000000000000100 ) ) ;
#4384 = EDGE_CURVE ( 'NONE', #3435, #4182, #3086, .T. ) ;
#4385 = DIRECTION ( 'NONE',  ( 0.0000000000000000000, -0.0000000000000000000, -1.000000000000000000 ) ) ;
#4386 = SURFACE_STYLE_USAGE ( .BOTH. , #276 ) ;
#4387 = VERTEX_POINT ( 'NONE', #1301 ) ;
#4388 = ORIENTED_EDGE ( 'NONE', *, *, #2522, .F. ) ;
#4389 = CARTESIAN_POINT ( 'NONE',  ( 1.510000000000000009, 0.2750000000000000222, 0.1100000000000000006 ) ) ;
#4390 = CARTESIAN_POINT ( 'NONE',  ( -1.510000000000000009, 2.125000000000000000, 0.1000000000000000056 ) ) ;
#4391 =( NAMED_UNIT ( * ) PLANE_ANGLE_UNIT ( ) SI_UNIT ( $, .RADIAN. ) );
#4392 = EDGE_CURVE ( 'NONE', #4573, #2027, #3138, .T. ) ;
#4393 = CARTESIAN_POINT ( 'NONE',  ( -1.229999999999999982, -1.930000000000000382, 0.8257359312880714342 ) ) ;
#4394 = DIRECTION ( 'NONE',  ( -0.0000000000000000000, -1.000000000000000000, 0.0000000000000000000 ) ) ;
#4395 = UNCERTAINTY_MEASURE_WITH_UNIT (LENGTH_MEASURE( 1.000000000000000082E-05 ), #4698, 'distance_accuracy_value', 'NONE');
#4396 = ORIENTED_EDGE ( 'NONE', *, *, #1754, .T. ) ;
#4397 = ORIENTED_EDGE ( 'NONE', *, *, #4034, .F. ) ;
#4398 = CARTESIAN_POINT ( 'NONE',  ( 0.5000000000000000000, 0.9749999999999999778, 0.1069999999999999979 ) ) ;
#4399 = LINE ( 'NONE', #4458, #189 ) ;
#4400 = VECTOR ( 'NONE', #4669, 1000.000000000000000 ) ;
#4401 = MECHANICAL_DESIGN_GEOMETRIC_PRESENTATION_REPRESENTATION (  '', ( #2982 ), #2298 ) ;
#4402 = ORIENTED_EDGE ( 'NONE', *, *, #919, .T. ) ;
#4403 = PRESENTATION_LAYER_ASSIGNMENT (  '', '', ( #3301 ) ) ;
#4404 = ADVANCED_FACE ( 'NONE', ( #1682 ), #3190, .T. ) ;
#4405 = SURFACE_STYLE_FILL_AREA ( #2579 ) ;
#4406 = LINE ( 'NONE', #2238, #4325 ) ;
#4407 =( GEOMETRIC_REPRESENTATION_CONTEXT ( 3 ) GLOBAL_UNCERTAINTY_ASSIGNED_CONTEXT ( ( #2877 ) ) GLOBAL_UNIT_ASSIGNED_CONTEXT ( ( #4282, #2101, #3897 ) ) REPRESENTATION_CONTEXT ( 'NONE', 'WORKASPACE' ) );
#4408 = PRODUCT ( 'User Library-MS5607-02BA03', 'User Library-MS5607-02BA03', '', ( #1633 ) ) ;
#4409 =( LENGTH_UNIT ( ) NAMED_UNIT ( * ) SI_UNIT ( .MILLI., .METRE. ) );
#4410 = VERTEX_POINT ( 'NONE', #2374 ) ;
#4411 =( LENGTH_UNIT ( ) NAMED_UNIT ( * ) SI_UNIT ( .MILLI., .METRE. ) );
#4412 =( LENGTH_UNIT ( ) NAMED_UNIT ( * ) SI_UNIT ( .MILLI., .METRE. ) );
#4413 = CARTESIAN_POINT ( 'NONE',  ( -1.105735931288071905, 2.032943725152285719, 0.9499999999999999556 ) ) ;
#4414 = DIRECTION ( 'NONE',  ( 0.0000000000000000000, 0.0000000000000000000, -1.000000000000000000 ) ) ;
#4415 = FILL_AREA_STYLE ('',( #2227 ) ) ;
#4416 = MECHANICAL_DESIGN_GEOMETRIC_PRESENTATION_REPRESENTATION (  '', ( #3317 ), #4705 ) ;
#4417 = EDGE_CURVE ( 'NONE', #1920, #18, #956, .T. ) ;
#4418 = ORIENTED_EDGE ( 'NONE', *, *, #3931, .T. ) ;
#4419 =( NAMED_UNIT ( * ) PLANE_ANGLE_UNIT ( ) SI_UNIT ( $, .RADIAN. ) );
#4420 =( GEOMETRIC_REPRESENTATION_CONTEXT ( 3 ) GLOBAL_UNCERTAINTY_ASSIGNED_CONTEXT ( ( #4057 ) ) GLOBAL_UNIT_ASSIGNED_CONTEXT ( ( #299, #1418, #4679 ) ) REPRESENTATION_CONTEXT ( 'NONE', 'WORKASPACE' ) );
#4421 =( NAMED_UNIT ( * ) SI_UNIT ( $, .STERADIAN. ) SOLID_ANGLE_UNIT ( ) );
#4422 = VECTOR ( 'NONE', #4197, 1000.000000000000000 ) ;
#4423 = ORIENTED_EDGE ( 'NONE', *, *, #1047, .F. ) ;
#4424 = SURFACE_SIDE_STYLE ('',( #3292 ) ) ;
#4425 = CARTESIAN_POINT ( 'NONE',  ( -1.500000000000000000, -1.524999999999999911, 0.3499999999999999778 ) ) ;
#4426 = VECTOR ( 'NONE', #3193, 1000.000000000000000 ) ;
#4427 = VECTOR ( 'NONE', #3993, 1000.000000000000000 ) ;
#4428 = DIRECTION ( 'NONE',  ( -0.0000000000000000000, 1.000000000000000000, 0.0000000000000000000 ) ) ;
#4429 = CARTESIAN_POINT ( 'NONE',  ( -0.5000000000000000000, -0.2750000000000000222, 0.1100000000000000006 ) ) ;
#4430 = SURFACE_STYLE_USAGE ( .BOTH. , #4777 ) ;
#4431 = FILL_AREA_STYLE_COLOUR ( '', #1433 ) ;
#4432 = MECHANICAL_DESIGN_GEOMETRIC_PRESENTATION_REPRESENTATION (  '', ( #3802 ), #2421 ) ;
#4433 = EDGE_CURVE ( 'NONE', #4161, #4443, #1969, .T. ) ;
#4434 = DIRECTION ( 'NONE',  ( 0.0000000000000000000, 0.0000000000000000000, -1.000000000000000000 ) ) ;
#4435 = FILL_AREA_STYLE_COLOUR ( '', #3494 ) ;
#4436 = ORIENTED_EDGE ( 'NONE', *, *, #631, .T. ) ;
#4437 = COLOUR_RGB ( '',0.8470588235294117530, 0.6901960784313725394, 0.2196078431372548989 ) ;
#4438 = UNCERTAINTY_MEASURE_WITH_UNIT (LENGTH_MEASURE( 1.000000000000000082E-05 ), #1470, 'distance_accuracy_value', 'NONE');
#4439 =( NAMED_UNIT ( * ) PLANE_ANGLE_UNIT ( ) SI_UNIT ( $, .RADIAN. ) );
#4440 = VERTEX_POINT ( 'NONE', #3846 ) ;
#4441 = CARTESIAN_POINT ( 'NONE',  ( 1.508999999999999897, -2.125000000000000000, 0.1090000000000000135 ) ) ;
#4442 =( NAMED_UNIT ( * ) PLANE_ANGLE_UNIT ( ) SI_UNIT ( $, .RADIAN. ) );
#4443 = VERTEX_POINT ( 'NONE', #131 ) ;
#4444 = SURFACE_STYLE_USAGE ( .BOTH. , #4424 ) ;
#4445 = PRESENTATION_STYLE_ASSIGNMENT (( #402 ) ) ;
#4446 = PRODUCT_DEFINITION_SHAPE ( 'NONE', 'NONE',  #2612 ) ;
#4447 = ORIENTED_EDGE ( 'NONE', *, *, #1416, .F. ) ;
#4448 = PLANE ( 'NONE',  #579 ) ;
#4449 = FILL_AREA_STYLE ('',( #4085 ) ) ;
#4450 = DIRECTION ( 'NONE',  ( -0.0000000000000000000, 1.000000000000000000, 0.0000000000000000000 ) ) ;
#4451 = DIRECTION ( 'NONE',  ( -1.000000000000000000, 0.0000000000000000000, 0.0000000000000000000 ) ) ;
#4452 = ORIENTED_EDGE ( 'NONE', *, *, #2747, .F. ) ;
#4453 = DIRECTION ( 'NONE',  ( -0.0000000000000000000, 1.000000000000000000, 0.0000000000000000000 ) ) ;
#4454 = LINE ( 'NONE', #1092, #3446 ) ;
#4455 = ORIENTED_EDGE ( 'NONE', *, *, #483, .F. ) ;
#4456 = FACE_BOUND ( 'NONE', #357, .T. ) ;
#4457 = EDGE_CURVE ( 'NONE', #1090, #2400, #225, .T. ) ;
#4458 = CARTESIAN_POINT ( 'NONE',  ( -1.510000000000000009, -0.2750000000000000222, 0.1000000000000000056 ) ) ;
#4459 = ORIENTED_EDGE ( 'NONE', *, *, #964, .F. ) ;
#4460 = EDGE_CURVE ( 'NONE', #4191, #2811, #1375, .T. ) ;
#4461 = FILL_AREA_STYLE_COLOUR ( '', #4355 ) ;
#4462 = MECHANICAL_DESIGN_GEOMETRIC_PRESENTATION_REPRESENTATION (  '', ( #1581 ), #1499 ) ;
#4463 = CARTESIAN_POINT ( 'NONE',  ( 0.4899999999999999911, 0.3750000000000000000, 0.1000000000000000056 ) ) ;
#4464 = EDGE_CURVE ( 'NONE', #4739, #4227, #1235, .T. ) ;
#4465 = SURFACE_SIDE_STYLE ('',( #2647 ) ) ;
#4466 =( GEOMETRIC_REPRESENTATION_CONTEXT ( 3 ) GLOBAL_UNCERTAINTY_ASSIGNED_CONTEXT ( ( #4765 ) ) GLOBAL_UNIT_ASSIGNED_CONTEXT ( ( #4801, #344, #1396 ) ) REPRESENTATION_CONTEXT ( 'NONE', 'WORKASPACE' ) );
#4467 = COLOUR_RGB ( '',0.8470588235294117530, 0.6901960784313725394, 0.2196078431372548989 ) ;
#4468 = CYLINDRICAL_SURFACE ( 'NONE', #4620, 0.2500000000000000000 ) ;
#4469 = AXIS2_PLACEMENT_3D ( 'NONE', #3617, #242, #3217 ) ;
#4470 = SURFACE_SIDE_STYLE ('',( #799 ) ) ;
#4471 = ORIENTED_EDGE ( 'NONE', *, *, #1357, .T. ) ;
#4472 =( LENGTH_UNIT ( ) NAMED_UNIT ( * ) SI_UNIT ( .MILLI., .METRE. ) );
#4473 = STYLED_ITEM ( 'NONE', ( #3044 ), #1329 ) ;
#4474 =( BOUNDED_SURFACE ( )  B_SPLINE_SURFACE ( 3, 3, ( 
 ( #3659, #1029, #620, #3264 ),
 ( #1742, #308, #2542, #1815 ),
 ( #2136, #4413, #3284, #3610 ),
 ( #3679, #1425, #1761, #4315 ) ),
 .UNSPECIFIED., .F., .F., .T. ) 
 B_SPLINE_SURFACE_WITH_KNOTS ( ( 4, 4 ),
 ( 4, 4 ),
 ( 0.0000000000000000000, 1.000000000000000000 ),
 ( 0.0000000000000000000, 1.000000000000000000 ),
 .UNSPECIFIED. ) 
 GEOMETRIC_REPRESENTATION_ITEM ( )  RATIONAL_B_SPLINE_SURFACE ( (
 ( 1.000000000000000000, 0.8047378541243640493, 0.8047378541243640493, 1.000000000000000000),
 ( 0.8047378541243650485, 0.6476030138606870823, 0.6476030138606870823, 0.8047378541243650485),
 ( 0.8047378541243650485, 0.6476030138606870823, 0.6476030138606870823, 0.8047378541243650485),
 ( 1.000000000000000000, 0.8047378541243640493, 0.8047378541243640493, 1.000000000000000000) ) ) 
 REPRESENTATION_ITEM ( '' )  SURFACE ( )  );
#4475 = UNCERTAINTY_MEASURE_WITH_UNIT (LENGTH_MEASURE( 1.000000000000000082E-05 ), #3355, 'distance_accuracy_value', 'NONE');
#4476 = VECTOR ( 'NONE', #4017, 1000.000000000000000 ) ;
#4477 = FILL_AREA_STYLE_COLOUR ( '', #3189 ) ;
#4478 = VERTEX_POINT ( 'NONE', #1759 ) ;
#4479 = SURFACE_SIDE_STYLE ('',( #4674 ) ) ;
#4480 = STYLED_ITEM ( 'NONE', ( #2228 ), #1877 ) ;
#4481 = EDGE_CURVE ( 'NONE', #1082, #231, #678, .T. ) ;
#4482 = CARTESIAN_POINT ( 'NONE',  ( 1.508999999999999897, 0.3750000000000000000, 0.0000000000000000000 ) ) ;
#4483 = ORIENTED_EDGE ( 'NONE', *, *, #4464, .T. ) ;
#4484 = VECTOR ( 'NONE', #1705, 1000.000000000000000 ) ;
#4485 = LINE ( 'NONE', #4796, #502 ) ;
#4486 = UNCERTAINTY_MEASURE_WITH_UNIT (LENGTH_MEASURE( 1.000000000000000082E-05 ), #342, 'distance_accuracy_value', 'NONE');
#4487 = VECTOR ( 'NONE', #600, 1000.000000000000000 ) ;
#4488 = EDGE_CURVE ( 'NONE', #876, #3581, #590, .T. ) ;
#4489 = DIRECTION ( 'NONE',  ( -1.000000000000000000, -0.0000000000000000000, -0.0000000000000000000 ) ) ;
#4490 = STYLED_ITEM ( 'NONE', ( #3707 ), #2591 ) ;
#4491 = SURFACE_SIDE_STYLE ('',( #2999 ) ) ;
#4492 = DIRECTION ( 'NONE',  ( -1.000000000000000000, 0.0000000000000000000, 0.0000000000000000000 ) ) ;
#4493 = VECTOR ( 'NONE', #2146, 1000.000000000000000 ) ;
#4494 =( NAMED_UNIT ( * ) PLANE_ANGLE_UNIT ( ) SI_UNIT ( $, .RADIAN. ) );
#4495 = VERTEX_POINT ( 'NONE', #1449 ) ;
#4496 = ORIENTED_EDGE ( 'NONE', *, *, #252, .F. ) ;
#4497 = LINE ( 'NONE', #699, #2997 ) ;
#4498 = AXIS2_PLACEMENT_3D ( 'NONE', #1149, #401, #45 ) ;
#4499 = AXIS2_PLACEMENT_3D ( 'NONE', #599, #314, #331 ) ;
#4500 = CARTESIAN_POINT ( 'NONE',  ( 0.4000000000000000777, 1.649999999999999911, 0.9499999999999999556 ) ) ;
#4501 =( LENGTH_UNIT ( ) NAMED_UNIT ( * ) SI_UNIT ( .MILLI., .METRE. ) );
#4502 = ORIENTED_EDGE ( 'NONE', *, *, #1908, .T. ) ;
#4503 = LINE ( 'NONE', #3059, #3039 ) ;
#4504 = MECHANICAL_DESIGN_GEOMETRIC_PRESENTATION_REPRESENTATION (  '', ( #4813 ), #3994 ) ;
#4505 = LINE ( 'NONE', #1174, #2098 ) ;
#4506 =( LENGTH_UNIT ( ) NAMED_UNIT ( * ) SI_UNIT ( .MILLI., .METRE. ) );
#4507 = EDGE_CURVE ( 'NONE', #3108, #3803, #1737, .T. ) ;
#4508 = CARTESIAN_POINT ( 'NONE',  ( 1.105735931288071683, 1.930000000000000382, 0.9500000000000001776 ) ) ;
#4509 = LINE ( 'NONE', #822, #4248 ) ;
#4510 = LINE ( 'NONE', #3106, #102 ) ;
#4511 = ORIENTED_EDGE ( 'NONE', *, *, #2776, .T. ) ;
#4512 = ORIENTED_EDGE ( 'NONE', *, *, #3272, .T. ) ;
#4513 = CARTESIAN_POINT ( 'NONE',  ( 1.500000000000000000, 0.8800000000000000044, 0.0000000000000000000 ) ) ;
#4514 = UNCERTAINTY_MEASURE_WITH_UNIT (LENGTH_MEASURE( 1.000000000000000082E-05 ), #1518, 'distance_accuracy_value', 'NONE');
#4515 = CARTESIAN_POINT ( 'NONE',  ( -1.229999999999999982, -2.230000000000000426, 0.6500000000000001332 ) ) ;
#4516 = EDGE_LOOP ( 'NONE', ( #2448, #740, #1907, #3428 ) ) ;
#4517 = FILL_AREA_STYLE ('',( #4477 ) ) ;
#4518 = ORIENTED_EDGE ( 'NONE', *, *, #777, .T. ) ;
#4519 = PLANE ( 'NONE',  #4275 ) ;
#4520 = ADVANCED_FACE ( 'NONE', ( #2175 ), #2915, .T. ) ;
#4521 = PRODUCT_DEFINITION_FORMATION_WITH_SPECIFIED_SOURCE ( 'ANY', '', #1108, .NOT_KNOWN. ) ;
#4522 = CARTESIAN_POINT ( 'NONE',  ( 1.500000000000000000, -0.2750000000000000777, 0.09999999999999996392 ) ) ;
#4523 = ORIENTED_EDGE ( 'NONE', *, *, #4803, .F. ) ;
#4524 = LINE ( 'NONE', #3858, #569 ) ;
#4525 = UNCERTAINTY_MEASURE_WITH_UNIT (LENGTH_MEASURE( 1.000000000000000082E-05 ), #3450, 'distance_accuracy_value', 'NONE');
#4526 = CARTESIAN_POINT ( 'NONE',  ( 0.6500000000000001332, 1.649999999999999911, 0.9499999999999999556 ) ) ;
#4527 =( NAMED_UNIT ( * ) PLANE_ANGLE_UNIT ( ) SI_UNIT ( $, .RADIAN. ) );
#4528 = FACE_OUTER_BOUND ( 'NONE', #4683, .T. ) ;
#4529 =( LENGTH_UNIT ( ) NAMED_UNIT ( * ) SI_UNIT ( .MILLI., .METRE. ) );
#4530 = SURFACE_STYLE_FILL_AREA ( #4177 ) ;
#4531 = ORIENTED_EDGE ( 'NONE', *, *, #3407, .F. ) ;
#4532 = VECTOR ( 'NONE', #3468, 1000.000000000000000 ) ;
#4533 = ORIENTED_EDGE ( 'NONE', *, *, #770, .F. ) ;
#4534 = SURFACE_STYLE_USAGE ( .BOTH. , #2319 ) ;
#4535 = STYLED_ITEM ( 'NONE', ( #663 ), #1028 ) ;
#4536 =( NAMED_UNIT ( * ) PLANE_ANGLE_UNIT ( ) SI_UNIT ( $, .RADIAN. ) );
#4537 = ORIENTED_EDGE ( 'NONE', *, *, #2204, .T. ) ;
#4538 = FILL_AREA_STYLE_COLOUR ( '', #3337 ) ;
#4539 = ORIENTED_EDGE ( 'NONE', *, *, #1562, .F. ) ;
#4540 = LINE ( 'NONE', #89, #3486 ) ;
#4541 = SURFACE_STYLE_USAGE ( .BOTH. , #1556 ) ;
#4542 = FILL_AREA_STYLE_COLOUR ( '', #3625 ) ;
#4543 = VECTOR ( 'NONE', #4737, 1000.000000000000000 ) ;
#4544 = EDGE_CURVE ( 'NONE', #4065, #3697, #1349, .T. ) ;
#4545 = VERTEX_POINT ( 'NONE', #1025 ) ;
#4546 = VERTEX_POINT ( 'NONE', #3606 ) ;
#4547 = COLOUR_RGB ( '',0.8470588235294117530, 0.6901960784313725394, 0.2196078431372548989 ) ;
#4548 = CARTESIAN_POINT ( 'NONE',  ( -0.5999999999999999778, -0.8750000000000000000, 0.1050000000000000100 ) ) ;
#4549 = PLANE ( 'NONE',  #2230 ) ;
#4550 = DIRECTION ( 'NONE',  ( -0.0000000000000000000, -0.0000000000000000000, -1.000000000000000000 ) ) ;
#4551 = DIRECTION ( 'NONE',  ( -0.0000000000000000000, -1.000000000000000000, -0.0000000000000000000 ) ) ;
#4552 =( GEOMETRIC_REPRESENTATION_CONTEXT ( 3 ) GLOBAL_UNCERTAINTY_ASSIGNED_CONTEXT ( ( #329 ) ) GLOBAL_UNIT_ASSIGNED_CONTEXT ( ( #387, #1489, #4109 ) ) REPRESENTATION_CONTEXT ( 'NONE', 'WORKASPACE' ) );
#4553 = SURFACE_SIDE_STYLE ('',( #2364 ) ) ;
#4554 = CARTESIAN_POINT ( 'NONE',  ( 0.5000000000000000000, -2.549999999999999822, 0.0000000000000000000 ) ) ;
#4555 = DIRECTION ( 'NONE',  ( 0.0000000000000000000, 0.0000000000000000000, 1.000000000000000000 ) ) ;
#4556 = EDGE_LOOP ( 'NONE', ( #3779, #1361, #3006, #4436 ) ) ;
#4557 = STYLED_ITEM ( 'NONE', ( #1000 ), #2300 ) ;
#4558 = ORIENTED_EDGE ( 'NONE', *, *, #2395, .F. ) ;
#4559 = FILL_AREA_STYLE ('',( #2369 ) ) ;
#4560 = UNCERTAINTY_MEASURE_WITH_UNIT (LENGTH_MEASURE( 1.000000000000000082E-05 ), #3603, 'distance_accuracy_value', 'NONE');
#4561 = FILL_AREA_STYLE ('',( #3872 ) ) ;
#4562 = ORIENTED_EDGE ( 'NONE', *, *, #2834, .F. ) ;
#4563 = FILL_AREA_STYLE ('',( #2449 ) ) ;
#4564 = VERTEX_POINT ( 'NONE', #2939 ) ;
#4565 = STYLED_ITEM ( 'NONE', ( #555 ), #3741 ) ;
#4566 = DIRECTION ( 'NONE',  ( -0.0000000000000000000, 1.000000000000000000, 0.0000000000000000000 ) ) ;
#4567 = CARTESIAN_POINT ( 'NONE',  ( 0.5000000000000000000, -1.524999999999999911, 0.0000000000000000000 ) ) ;
#4568 = VECTOR ( 'NONE', #2565, 1000.000000000000000 ) ;
#4569 = EDGE_CURVE ( 'NONE', #433, #18, #4711, .T. ) ;
#4570 =( NAMED_UNIT ( * ) PLANE_ANGLE_UNIT ( ) SI_UNIT ( $, .RADIAN. ) );
#4571 = CARTESIAN_POINT ( 'NONE',  ( -1.500000000000000000, -1.524999999999999911, 0.0000000000000000000 ) ) ;
#4572 = VECTOR ( 'NONE', #4343, 1000.000000000000000 ) ;
#4573 = VERTEX_POINT ( 'NONE', #635 ) ;
#4574 = CARTESIAN_POINT ( 'NONE',  ( -1.500000000000000000, -2.549999999999999822, 0.0000000000000000000 ) ) ;
#4575 = SURFACE_STYLE_USAGE ( .BOTH. , #4598 ) ;
#4576 = PRESENTATION_LAYER_ASSIGNMENT (  '', '', ( #1541 ) ) ;
#4577 = AXIS2_PLACEMENT_3D ( 'NONE', #4334, #4659, #4020 ) ;
#4578 = ADVANCED_FACE ( 'NONE', ( #1831 ), #3304, .T. ) ;
#4579 = FILL_AREA_STYLE_COLOUR ( '', #2470 ) ;
#4580 = LINE ( 'NONE', #2094, #1915 ) ;
#4581 = AXIS2_PLACEMENT_3D ( 'NONE', #1144, #758, #462 ) ;
#4582 = CARTESIAN_POINT ( 'NONE',  ( 0.4899999999999999911, 0.9749999999999999778, 0.1000000000000000056 ) ) ;
#4583 = CARTESIAN_POINT ( 'NONE',  ( -0.9299999999999999378, 1.930000000000000160, 0.9500000000000000666 ) ) ;
#4584 = ORIENTED_EDGE ( 'NONE', *, *, #1562, .T. ) ;
#4585 =( NAMED_UNIT ( * ) PLANE_ANGLE_UNIT ( ) SI_UNIT ( $, .RADIAN. ) );
#4586 = ORIENTED_EDGE ( 'NONE', *, *, #3359, .F. ) ;
#4587 = DIRECTION ( 'NONE',  ( -0.0000000000000000000, -0.0000000000000000000, -1.000000000000000000 ) ) ;
#4588 = CARTESIAN_POINT ( 'NONE',  ( 0.5000000000000000000, -2.549999999999999822, 0.0000000000000000000 ) ) ;
#4589 = CARTESIAN_POINT ( 'NONE',  ( -1.500000000000000000, -0.9849999999999999867, 0.1000000000000000056 ) ) ;
#4590 = EDGE_LOOP ( 'NONE', ( #4061, #4119, #1466, #2733, #3054, #2760, #838, #1917 ) ) ;
#4591 = FILL_AREA_STYLE ('',( #3429 ) ) ;
#4592 = DIRECTION ( 'NONE',  ( 0.0000000000000000000, -0.0000000000000000000, -1.000000000000000000 ) ) ;
#4593 = VECTOR ( 'NONE', #167, 1000.000000000000000 ) ;
#4594 = CARTESIAN_POINT ( 'NONE',  ( -0.5999999999999999778, 0.3750000000000000000, 0.0000000000000000000 ) ) ;
#4595 = ORIENTED_EDGE ( 'NONE', *, *, #1772, .F. ) ;
#4596 = EDGE_CURVE ( 'NONE', #421, #3654, #771, .T. ) ;
#4597 = ORIENTED_EDGE ( 'NONE', *, *, #3443, .F. ) ;
#4598 = SURFACE_SIDE_STYLE ('',( #842 ) ) ;
#4599 = LINE ( 'NONE', #2438, #888 ) ;
#4600 = ADVANCED_FACE ( 'NONE', ( #3766 ), #749, .T. ) ;
#4601 = FILL_AREA_STYLE_COLOUR ( '', #2622 ) ;
#4602 = LINE ( 'NONE', #3517, #4187 ) ;
#4603 = CARTESIAN_POINT ( 'NONE',  ( 1.550000000000000266, 0.9749999999999997558, 0.0000000000000000000 ) ) ;
#4604 = ADVANCED_FACE ( 'NONE', ( #4606 ), #4629, .T. ) ;
#4605 = ORIENTED_EDGE ( 'NONE', *, *, #1074, .T. ) ;
#4606 = FACE_OUTER_BOUND ( 'NONE', #4263, .T. ) ;
#4607 =( GEOMETRIC_REPRESENTATION_CONTEXT ( 3 ) GLOBAL_UNCERTAINTY_ASSIGNED_CONTEXT ( ( #3118 ) ) GLOBAL_UNIT_ASSIGNED_CONTEXT ( ( #2610, #4442, #2990 ) ) REPRESENTATION_CONTEXT ( 'NONE', 'WORKASPACE' ) );
#4608 = LINE ( 'NONE', #903, #1519 ) ;
#4609 = CARTESIAN_POINT ( 'NONE',  ( 0.9300000000000002709, -1.930000000000000382, 0.9500000000000000666 ) ) ;
#4610 = UNCERTAINTY_MEASURE_WITH_UNIT (LENGTH_MEASURE( 1.000000000000000082E-05 ), #4639, 'distance_accuracy_value', 'NONE');
#4611 = LINE ( 'NONE', #4635, #338 ) ;
#4612 = STYLED_ITEM ( 'NONE', ( #546 ), #545 ) ;
#4613 = VERTEX_POINT ( 'NONE', #4106 ) ;
#4614 = COLOUR_RGB ( '',0.8470588235294117530, 0.6901960784313725394, 0.2196078431372548989 ) ;
#4615 = CARTESIAN_POINT ( 'NONE',  ( 0.5000000000000000000, 1.518000000000000016, 0.1069999999999999979 ) ) ;
#4616 = LINE ( 'NONE', #914, #1924 ) ;
#4617 = ORIENTED_EDGE ( 'NONE', *, *, #1167, .F. ) ;
#4618 = MECHANICAL_DESIGN_GEOMETRIC_PRESENTATION_REPRESENTATION (  '', ( #103 ), #2919 ) ;
#4619 =( GEOMETRIC_REPRESENTATION_CONTEXT ( 3 ) GLOBAL_UNCERTAINTY_ASSIGNED_CONTEXT ( ( #4475 ) ) GLOBAL_UNIT_ASSIGNED_CONTEXT ( ( #3355, #762, #2903 ) ) REPRESENTATION_CONTEXT ( 'NONE', 'WORKASPACE' ) );
#4620 = AXIS2_PLACEMENT_3D ( 'NONE', #1088, #4434, #1447 ) ;
#4621 = EDGE_CURVE ( 'NONE', #3844, #4495, #1206, .T. ) ;
#4622 = UNCERTAINTY_MEASURE_WITH_UNIT (LENGTH_MEASURE( 1.000000000000000082E-05 ), #3290, 'distance_accuracy_value', 'NONE');
#4623 = CARTESIAN_POINT ( 'NONE',  ( -0.9300000000000000488, -1.930000000000000382, 0.6500000000000001332 ) ) ;
#4624 = CYLINDRICAL_SURFACE ( 'NONE', #1788, 0.3000000000000000444 ) ;
#4625 = COLOUR_RGB ( '',0.8470588235294117530, 0.6901960784313725394, 0.2196078431372548989 ) ;
#4626 = FILL_AREA_STYLE_COLOUR ( '', #2160 ) ;
#4627 = LINE ( 'NONE', #4307, #1353 ) ;
#4628 = ORIENTED_EDGE ( 'NONE', *, *, #2388, .T. ) ;
#4629 = CYLINDRICAL_SURFACE ( 'NONE', #2967, 0.1000000000000000472 ) ;
#4630 = CARTESIAN_POINT ( 'NONE',  ( -1.500000000000000000, -0.2750000000000000777, 0.3499999999999999778 ) ) ;
#4631 = STYLED_ITEM ( 'NONE', ( #5 ), #2165 ) ;
#4632 = DIRECTION ( 'NONE',  ( -0.0000000000000000000, 1.000000000000000000, 0.0000000000000000000 ) ) ;
#4633 = EDGE_CURVE ( 'NONE', #2229, #1332, #3824, .T. ) ;
#4634 = CARTESIAN_POINT ( 'NONE',  ( 1.229999999999999982, -2.105735931288071683, 0.8257359312880716562 ) ) ;
#4635 = CARTESIAN_POINT ( 'NONE',  ( -0.4899999999999999911, 1.524999999999999911, 0.09999999999999989453 ) ) ;
#4636 = VECTOR ( 'NONE', #2213, 1000.000000000000000 ) ;
#4637 = EDGE_LOOP ( 'NONE', ( #2639, #4246, #2037, #4340 ) ) ;
#4638 = ORIENTED_EDGE ( 'NONE', *, *, #2623, .F. ) ;
#4639 =( LENGTH_UNIT ( ) NAMED_UNIT ( * ) SI_UNIT ( .MILLI., .METRE. ) );
#4640 = ORIENTED_EDGE ( 'NONE', *, *, #1639, .F. ) ;
#4641 =( NAMED_UNIT ( * ) PLANE_ANGLE_UNIT ( ) SI_UNIT ( $, .RADIAN. ) );
#4642 = DIRECTION ( 'NONE',  ( 1.000000000000000000, 0.0000000000000000000, 0.0000000000000000000 ) ) ;
#4643 = VECTOR ( 'NONE', #4317, 1000.000000000000000 ) ;
#4644 = EDGE_CURVE ( 'NONE', #4739, #4075, #4, .T. ) ;
#4645 = CARTESIAN_POINT ( 'NONE',  ( 0.5000000000000000000, 0.2750000000000000222, 0.1100000000000000006 ) ) ;
#4646 = EDGE_LOOP ( 'NONE', ( #1413, #3057, #3116, #1785 ) ) ;
#4647 = VECTOR ( 'NONE', #118, 1000.000000000000000 ) ;
#4648 = MECHANICAL_DESIGN_GEOMETRIC_PRESENTATION_REPRESENTATION (  '', ( #1929 ), #1789 ) ;
#4649 = CARTESIAN_POINT ( 'NONE',  ( 0.9300000000000000488, -2.230000000000000426, 0.4000000000000001332 ) ) ;
#4650 = LINE ( 'NONE', #3885, #1132 ) ;
#4651 = DIRECTION ( 'NONE',  ( 0.0000000000000000000, 1.000000000000000000, 0.0000000000000000000 ) ) ;
#4652 = AXIS2_PLACEMENT_3D ( 'NONE', #684, #4746, #2830 ) ;
#4653 = COLOUR_RGB ( '',0.8470588235294117530, 0.6901960784313725394, 0.2196078431372548989 ) ;
#4654 = PRESENTATION_STYLE_ASSIGNMENT (( #1393 ) ) ;
#4655 = STYLED_ITEM ( 'NONE', ( #4346 ), #4289 ) ;
#4656 = CARTESIAN_POINT ( 'NONE',  ( 1.500000000000000000, 2.549999999999999822, 0.0000000000000000000 ) ) ;
#4657 = CARTESIAN_POINT ( 'NONE',  ( 1.510000000000000009, -0.9749999999999999778, 0.1100000000000000006 ) ) ;
#4658 = EDGE_CURVE ( 'NONE', #3447, #853, #2236, .T. ) ;
#4659 = DIRECTION ( 'NONE',  ( -0.0000000000000000000, -0.0000000000000000000, -1.000000000000000000 ) ) ;
#4660 = CARTESIAN_POINT ( 'NONE',  ( 0.5000000000000000000, 0.9749999999999999778, 0.0000000000000000000 ) ) ;
#4661 = CARTESIAN_POINT ( 'NONE',  ( 0.5000000000000000000, 2.225000000000000089, 0.0000000000000000000 ) ) ;
#4662 = UNCERTAINTY_MEASURE_WITH_UNIT (LENGTH_MEASURE( 1.000000000000000082E-05 ), #2817, 'distance_accuracy_value', 'NONE');
#4663 = ORIENTED_EDGE ( 'NONE', *, *, #2549, .F. ) ;
#4664 = ORIENTED_EDGE ( 'NONE', *, *, #1230, .F. ) ;
#4665 = EDGE_CURVE ( 'NONE', #4781, #3053, #866, .T. ) ;
#4666 = CARTESIAN_POINT ( 'NONE',  ( 1.500000000000000000, 2.500000000000000000, 0.2999999999999999889 ) ) ;
#4667 = DIRECTION ( 'NONE',  ( 1.000000000000000000, 0.0000000000000000000, 0.0000000000000000000 ) ) ;
#4668 = DIRECTION ( 'NONE',  ( -1.000000000000000000, 0.0000000000000000000, 0.0000000000000000000 ) ) ;
#4669 = DIRECTION ( 'NONE',  ( -0.0000000000000000000, -0.0000000000000000000, 1.000000000000000000 ) ) ;
#4670 = UNCERTAINTY_MEASURE_WITH_UNIT (LENGTH_MEASURE( 1.000000000000000082E-05 ), #971, 'distance_accuracy_value', 'NONE');
#4671 = EDGE_CURVE ( 'NONE', #1904, #759, #1691, .T. ) ;
#4672 = CARTESIAN_POINT ( 'NONE',  ( 0.9000000000000001332, 1.649999999999999911, 0.7500000000000000000 ) ) ;
#4673 = VECTOR ( 'NONE', #2831, 1000.000000000000000 ) ;
#4674 = SURFACE_STYLE_FILL_AREA ( #3200 ) ;
#4675 = SURFACE_SIDE_STYLE ('',( #2837 ) ) ;
#4676 = LINE ( 'NONE', #4603, #1988 ) ;
#4677 = DIRECTION ( 'NONE',  ( 0.0000000000000000000, 1.000000000000000000, 0.0000000000000000000 ) ) ;
#4678 = SHAPE_REPRESENTATION ( 'User Library-MS5607-02BA03', ( #3516, #549 ), #3286 ) ;
#4679 =( NAMED_UNIT ( * ) SI_UNIT ( $, .STERADIAN. ) SOLID_ANGLE_UNIT ( ) );
#4680 = DIRECTION ( 'NONE',  ( 1.000000000000000000, -0.0000000000000000000, 0.0000000000000000000 ) ) ;
#4681 = SURFACE_STYLE_USAGE ( .BOTH. , #2079 ) ;
#4682 = ORIENTED_EDGE ( 'NONE', *, *, #107, .T. ) ;
#4683 = EDGE_LOOP ( 'NONE', ( #962, #334, #3464, #4237 ) ) ;
#4684 = DIRECTION ( 'NONE',  ( 1.000000000000000000, 0.0000000000000000000, -0.0000000000000000000 ) ) ;
#4685 = CARTESIAN_POINT ( 'NONE',  ( 0.5999999999999999778, 0.3699999999999999956, 0.0000000000000000000 ) ) ;
#4686 =( LENGTH_UNIT ( ) NAMED_UNIT ( * ) SI_UNIT ( .MILLI., .METRE. ) );
#4687 = SURFACE_STYLE_FILL_AREA ( #2502 ) ;
#4688 = DIRECTION ( 'NONE',  ( 0.0000000000000000000, -1.000000000000000000, -0.0000000000000000000 ) ) ;
#4689 = VECTOR ( 'NONE', #4133, 1000.000000000000000 ) ;
#4690 = ORIENTED_EDGE ( 'NONE', *, *, #2327, .T. ) ;
#4691 = SURFACE_SIDE_STYLE ('',( #2948 ) ) ;
#4692 = ORIENTED_EDGE ( 'NONE', *, *, #1937, .F. ) ;
#4693 = FILL_AREA_STYLE_COLOUR ( '', #4190 ) ;
#4694 = VECTOR ( 'NONE', #4680, 1000.000000000000000 ) ;
#4695 = DIRECTION ( 'NONE',  ( 0.0000000000000000000, 0.0000000000000000000, -1.000000000000000000 ) ) ;
#4696 = EDGE_CURVE ( 'NONE', #864, #4724, #526, .T. ) ;
#4697 = VECTOR ( 'NONE', #471, 1000.000000000000000 ) ;
#4698 =( LENGTH_UNIT ( ) NAMED_UNIT ( * ) SI_UNIT ( .MILLI., .METRE. ) );
#4699 = CARTESIAN_POINT ( 'NONE',  ( 0.4899999999999999911, -2.125000000000000000, 0.09999999999999989453 ) ) ;
#4700 = AXIS2_PLACEMENT_3D ( 'NONE', #1617, #28, #2314 ) ;
#4701 =( NAMED_UNIT ( * ) SI_UNIT ( $, .STERADIAN. ) SOLID_ANGLE_UNIT ( ) );
#4702 = SURFACE_SIDE_STYLE ('',( #2772 ) ) ;
#4703 = CARTESIAN_POINT ( 'NONE',  ( -1.530000000000000027, 2.500000000000000000, 0.2999999999999999889 ) ) ;
#4704 = SURFACE_STYLE_USAGE ( .BOTH. , #2171 ) ;
#4705 =( GEOMETRIC_REPRESENTATION_CONTEXT ( 3 ) GLOBAL_UNCERTAINTY_ASSIGNED_CONTEXT ( ( #4395 ) ) GLOBAL_UNIT_ASSIGNED_CONTEXT ( ( #4698, #1117, #1520 ) ) REPRESENTATION_CONTEXT ( 'NONE', 'WORKASPACE' ) );
#4706 = UNCERTAINTY_MEASURE_WITH_UNIT (LENGTH_MEASURE( 1.000000000000000082E-05 ), #1537, 'distance_accuracy_value', 'NONE');
#4707 = FILL_AREA_STYLE_COLOUR ( '', #29 ) ;
#4708 = ORIENTED_EDGE ( 'NONE', *, *, #4302, .F. ) ;
#4709 = ORIENTED_EDGE ( 'NONE', *, *, #4569, .F. ) ;
#4710 = AXIS2_PLACEMENT_3D ( 'NONE', #1045, #2557, #4047 ) ;
#4711 = LINE ( 'NONE', #2563, #531 ) ;
#4712 = VERTEX_POINT ( 'NONE', #141 ) ;
#4713 = CARTESIAN_POINT ( 'NONE',  ( -3.652499999999999858, 1.930000000000000160, 0.9500000000000000666 ) ) ;
#4714 = CARTESIAN_POINT ( 'NONE',  ( -0.5999999999999999778, -0.3750000000000000000, 0.1000000000000000056 ) ) ;
#4715 = COLOUR_RGB ( '',0.8470588235294117530, 0.6901960784313725394, 0.2196078431372548989 ) ;
#4716 = UNCERTAINTY_MEASURE_WITH_UNIT (LENGTH_MEASURE( 1.000000000000000082E-05 ), #2748, 'distance_accuracy_value', 'NONE');
#4717 = CARTESIAN_POINT ( 'NONE',  ( 0.4899999999999999911, -0.3750000000000000000, 0.1000000000000000056 ) ) ;
#4718 = ORIENTED_EDGE ( 'NONE', *, *, #1695, .T. ) ;
#4719 = AXIS2_PLACEMENT_3D ( 'NONE', #2285, #3758, #737 ) ;
#4720 = FILL_AREA_STYLE_COLOUR ( '', #3717 ) ;
#4721 = SURFACE_STYLE_FILL_AREA ( #4747 ) ;
#4722 = AXIS2_PLACEMENT_3D ( 'NONE', #3513, #1363, #1320 ) ;
#4723 =( NAMED_UNIT ( * ) PLANE_ANGLE_UNIT ( ) SI_UNIT ( $, .RADIAN. ) );
#4724 = VERTEX_POINT ( 'NONE', #4324 ) ;
#4725 = EDGE_CURVE ( 'NONE', #4065, #374, #3481, .T. ) ;
#4726 = CARTESIAN_POINT ( 'NONE',  ( -0.9299999999999990496, 1.930000000000000160, -1.561250000000000249 ) ) ;
#4727 =( GEOMETRIC_REPRESENTATION_CONTEXT ( 3 ) GLOBAL_UNCERTAINTY_ASSIGNED_CONTEXT ( ( #1100 ) ) GLOBAL_UNIT_ASSIGNED_CONTEXT ( ( #3686, #1840, #2576 ) ) REPRESENTATION_CONTEXT ( 'NONE', 'WORKASPACE' ) );
#4728 = VECTOR ( 'NONE', #2818, 1000.000000000000000 ) ;
#4729 = FILL_AREA_STYLE_COLOUR ( '', #1452 ) ;
#4730 = FILL_AREA_STYLE ('',( #1001 ) ) ;
#4731 =( LENGTH_UNIT ( ) NAMED_UNIT ( * ) SI_UNIT ( .MILLI., .METRE. ) );
#4732 =( GEOMETRIC_REPRESENTATION_CONTEXT ( 3 ) GLOBAL_UNCERTAINTY_ASSIGNED_CONTEXT ( ( #4103 ) ) GLOBAL_UNIT_ASSIGNED_CONTEXT ( ( #3977, #650, #1371 ) ) REPRESENTATION_CONTEXT ( 'NONE', 'WORKASPACE' ) );
#4733 = MECHANICAL_DESIGN_GEOMETRIC_PRESENTATION_REPRESENTATION (  '', ( #2567 ), #2259 ) ;
#4734 = FACE_OUTER_BOUND ( 'NONE', #4738, .T. ) ;
#4735 = LINE ( 'NONE', #675, #3806 ) ;
#4736 = VECTOR ( 'NONE', #3609, 1000.000000000000000 ) ;
#4737 = DIRECTION ( 'NONE',  ( 1.000000000000000000, 0.0000000000000000000, 0.0000000000000000000 ) ) ;
#4738 = EDGE_LOOP ( 'NONE', ( #3705, #1878, #3137, #4816 ) ) ;
#4739 = VERTEX_POINT ( 'NONE', #4349 ) ;
#4740 = DIRECTION ( 'NONE',  ( 1.000000000000000000, -1.445602896647339508E-15, 0.0000000000000000000 ) ) ;
#4741 = DIRECTION ( 'NONE',  ( 1.000000000000000000, 0.0000000000000000000, 0.0000000000000000000 ) ) ;
#4742 = CARTESIAN_POINT ( 'NONE',  ( -1.500000000000000000, 2.125000000000000000, 0.0000000000000000000 ) ) ;
#4743 = CARTESIAN_POINT ( 'NONE',  ( -1.500000000000000000, -2.225000000000000089, 0.0000000000000000000 ) ) ;
#4744 = CARTESIAN_POINT ( 'NONE',  ( 0.4899999999999999911, 0.9749999999999999778, 0.1100000000000000006 ) ) ;
#4745 = ORIENTED_EDGE ( 'NONE', *, *, #145, .T. ) ;
#4746 = DIRECTION ( 'NONE',  ( -0.0000000000000000000, -0.0000000000000000000, -1.000000000000000000 ) ) ;
#4747 = FILL_AREA_STYLE ('',( #3244 ) ) ;
#4748 = ADVANCED_FACE ( 'NONE', ( #2812 ), #3915, .T. ) ;
#4749 = ORIENTED_EDGE ( 'NONE', *, *, #1007, .T. ) ;
#4750 = DIRECTION ( 'NONE',  ( 0.0000000000000000000, -0.0000000000000000000, 1.000000000000000000 ) ) ;
#4751 = VECTOR ( 'NONE', #4220, 1000.000000000000000 ) ;
#4752 = EDGE_CURVE ( 'NONE', #360, #4036, #192, .T. ) ;
#4753 = STYLED_ITEM ( 'NONE', ( #3876 ), #3402 ) ;
#4754 = FACE_OUTER_BOUND ( 'NONE', #3016, .T. ) ;
#4755 = DIRECTION ( 'NONE',  ( 1.000000000000000000, 0.0000000000000000000, 0.0000000000000000000 ) ) ;
#4756 = CARTESIAN_POINT ( 'NONE',  ( -1.500000000000000000, -2.125000000000000000, 0.1090000000000000135 ) ) ;
#4757 = ADVANCED_FACE ( 'NONE', ( #4301 ), #3935, .T. ) ;
#4758 = SURFACE_STYLE_FILL_AREA ( #1107 ) ;
#4759 = DIRECTION ( 'NONE',  ( 0.0000000000000000000, -0.0000000000000000000, 1.000000000000000000 ) ) ;
#4760 = VERTEX_POINT ( 'NONE', #4567 ) ;
#4761 = SURFACE_STYLE_USAGE ( .BOTH. , #3655 ) ;
#4762 = PRESENTATION_STYLE_ASSIGNMENT (( #3283 ) ) ;
#4763 = PRESENTATION_STYLE_ASSIGNMENT (( #406 ) ) ;
#4764 = LINE ( 'NONE', #3329, #98 ) ;
#4765 = UNCERTAINTY_MEASURE_WITH_UNIT (LENGTH_MEASURE( 1.000000000000000082E-05 ), #4801, 'distance_accuracy_value', 'NONE');
#4766 = DIRECTION ( 'NONE',  ( 0.0000000000000000000, 1.000000000000000000, 0.0000000000000000000 ) ) ;
#4767 = EDGE_LOOP ( 'NONE', ( #4787, #2047, #3670, #463 ) ) ;
#4768 = CARTESIAN_POINT ( 'NONE',  ( -1.500000000000000000, -1.625000000000000222, 0.09999999999999999167 ) ) ;
#4769 = FACE_OUTER_BOUND ( 'NONE', #4206, .T. ) ;
#4770 = VECTOR ( 'NONE', #3423, 1000.000000000000000 ) ;
#4771 = DIRECTION ( 'NONE',  ( 0.0000000000000000000, 0.0000000000000000000, -1.000000000000000000 ) ) ;
#4772 = EDGE_CURVE ( 'NONE', #2618, #2379, #760, .T. ) ;
#4773 = MECHANICAL_DESIGN_GEOMETRIC_PRESENTATION_REPRESENTATION (  '', ( #3367 ), #2686 ) ;
#4774 = COLOUR_RGB ( '',0.8470588235294117530, 0.6901960784313725394, 0.2196078431372548989 ) ;
#4775 = AXIS2_PLACEMENT_3D ( 'NONE', #2893, #7, #3257 ) ;
#4776 = DIRECTION ( 'NONE',  ( 0.0000000000000000000, 0.0000000000000000000, -1.000000000000000000 ) ) ;
#4777 = SURFACE_SIDE_STYLE ('',( #3298 ) ) ;
#4778 = DIRECTION ( 'NONE',  ( 0.0000000000000000000, -0.0000000000000000000, -1.000000000000000000 ) ) ;
#4779 = LINE ( 'NONE', #323, #3307 ) ;
#4780 = CARTESIAN_POINT ( 'NONE',  ( -0.5000000000000000000, -1.524999999999999911, 0.1100000000000000006 ) ) ;
#4781 = VERTEX_POINT ( 'NONE', #442 ) ;
#4782 = AXIS2_PLACEMENT_3D ( 'NONE', #3597, #3973, #247 ) ;
#4783 = ADVANCED_FACE ( 'NONE', ( #3728 ), #396, .T. ) ;
#4784 = LINE ( 'NONE', #1451, #477 ) ;
#4785 = AXIS2_PLACEMENT_3D ( 'NONE', #870, #892, #3512 ) ;
#4786 = LINE ( 'NONE', #3288, #3268 ) ;
#4787 = ORIENTED_EDGE ( 'NONE', *, *, #1772, .T. ) ;
#4788 = SURFACE_STYLE_FILL_AREA ( #3706 ) ;
#4789 = EDGE_CURVE ( 'NONE', #4712, #1410, #4503, .T. ) ;
#4790 = AXIS2_PLACEMENT_3D ( 'NONE', #2598, #716, #341 ) ;
#4791 = SURFACE_STYLE_FILL_AREA ( #1838 ) ;
#4792 = SURFACE_SIDE_STYLE ('',( #2951 ) ) ;
#4793 = VECTOR ( 'NONE', #1208, 1000.000000000000000 ) ;
#4794 = VERTEX_POINT ( 'NONE', #1146 ) ;
#4795 =( NAMED_UNIT ( * ) PLANE_ANGLE_UNIT ( ) SI_UNIT ( $, .RADIAN. ) );
#4796 = CARTESIAN_POINT ( 'NONE',  ( 0.5000000000000000000, -2.549999999999999822, 0.0000000000000000000 ) ) ;
#4797 = VECTOR ( 'NONE', #2033, 1000.000000000000000 ) ;
#4798 = DIRECTION ( 'NONE',  ( 0.0000000000000000000, 0.0000000000000000000, 1.000000000000000000 ) ) ;
#4799 = VECTOR ( 'NONE', #628, 1000.000000000000000 ) ;
#4800 = DIRECTION ( 'NONE',  ( -0.0000000000000000000, -1.000000000000000000, -0.0000000000000000000 ) ) ;
#4801 =( LENGTH_UNIT ( ) NAMED_UNIT ( * ) SI_UNIT ( .MILLI., .METRE. ) );
#4802 = PRESENTATION_STYLE_ASSIGNMENT (( #4386 ) ) ;
#4803 = EDGE_CURVE ( 'NONE', #789, #3448, #2662, .T. ) ;
#4804 = CARTESIAN_POINT ( 'NONE',  ( -0.6500000000000001332, -1.649999999999999911, 0.7500000000000000000 ) ) ;
#4805 = FILL_AREA_STYLE ('',( #2980 ) ) ;
#4806 = VERTEX_POINT ( 'NONE', #2326 ) ;
#4807 = DIRECTION ( 'NONE',  ( 0.0000000000000000000, -0.0000000000000000000, -1.000000000000000000 ) ) ;
#4808 = SURFACE_STYLE_USAGE ( .BOTH. , #3330 ) ;
#4809 = MECHANICAL_DESIGN_GEOMETRIC_PRESENTATION_REPRESENTATION (  '', ( #2345 ), #443 ) ;
#4810 = EDGE_CURVE ( 'NONE', #1680, #123, #1564, .T. ) ;
#4811 = VERTEX_POINT ( 'NONE', #782 ) ;
#4812 = LINE ( 'NONE', #1899, #1388 ) ;
#4813 = STYLED_ITEM ( 'NONE', ( #1110 ), #4600 ) ;
#4814 = DIRECTION ( 'NONE',  ( 0.0000000000000000000, 1.000000000000000000, 0.0000000000000000000 ) ) ;
#4815 = EDGE_CURVE ( 'NONE', #1077, #864, #4071, .T. ) ;
#4816 = ORIENTED_EDGE ( 'NONE', *, *, #4772, .F. ) ;
#4817 = NEXT_ASSEMBLY_USAGE_OCCURRENCE ( 'NAUO1', ' ', ' ', #1590, #2612, $ ) ;
ENDSEC;
END-ISO-10303-21;
