ISO-10303-21;
HEADER;
FILE_DESCRIPTION (( 'STEP AP214' ),
    '1' );
FILE_NAME ('64E032F8-DE39-4953-8F05-4E0C99F4D358.STEP',
    '2025-04-23T14:02:31',
    ( '' ),
    ( '' ),
    'SwSTEP 2.0',
    'SolidWorks 2022',
    '' );
FILE_SCHEMA (( 'AUTOMOTIVE_DESIGN' ));
ENDSEC;

DATA;
#1 = VERTEX_POINT ( 'NONE', #3067 ) ;
#2 = DIRECTION ( 'NONE',  ( -0.0000000000000000000, -0.0000000000000000000, -1.000000000000000000 ) ) ;
#3 = CARTESIAN_POINT ( 'NONE',  ( -1.421975946057479900, 1.354501051348190099, 0.9531563822491899707 ) ) ;
#4 = ORIENTED_EDGE ( 'NONE', *, *, #3232, .F. ) ;
#5 = STYLED_ITEM ( 'NONE', ( #885 ), #1161 ) ;
#6 = DIRECTION ( 'NONE',  ( 0.0000000000000000000, 1.000000000000000000, 0.0000000000000000000 ) ) ;
#7 = CARTESIAN_POINT ( 'NONE',  ( 1.325651190704125515, -1.425103401607039411, 0.9504528485405792093 ) ) ;
#8 = AXIS2_PLACEMENT_3D ( 'NONE', #1157, #2802, #569 ) ;
#9 =( NAMED_UNIT ( * ) SI_UNIT ( $, .STERADIAN. ) SOLID_ANGLE_UNIT ( ) );
#10 = DIRECTION ( 'NONE',  ( 1.000000000000000000, 0.0000000000000000000, -0.0000000000000000000 ) ) ;
#11 = CARTESIAN_POINT ( 'NONE',  ( 1.649999999999999911, 0.4749999999999999778, 0.03000000000000000930 ) ) ;
#12 = EDGE_LOOP ( 'NONE', ( #724, #3453, #770, #2283 ) ) ;
#13 = LINE ( 'NONE', #2535, #1652 ) ;
#14 = ORIENTED_EDGE ( 'NONE', *, *, #2815, .F. ) ;
#15 = EDGE_CURVE ( 'NONE', #818, #379, #2213, .T. ) ;
#16 = CARTESIAN_POINT ( 'NONE',  ( -1.519744788236716104, -0.4750000000000010880, 0.04999999999999972522 ) ) ;
#17 = ORIENTED_EDGE ( 'NONE', *, *, #3349, .T. ) ;
#18 = VECTOR ( 'NONE', #3128, 1000.000000000000000 ) ;
#19 = EDGE_CURVE ( 'NONE', #2571, #1169, #776, .T. ) ;
#20 = DIRECTION ( 'NONE',  ( 0.7071067811865490160, 0.7071067811865461294, 0.0000000000000000000 ) ) ;
#21 = VECTOR ( 'NONE', #1235, 1000.000000000000000 ) ;
#22 = CARTESIAN_POINT ( 'NONE',  ( -1.346314792028919793, 1.413612771881229913, 1.039999999999999813 ) ) ;
#23 = CARTESIAN_POINT ( 'NONE',  ( -1.420292598699890441, 1.519744788236716104, 0.04999999999999975991 ) ) ;
#24 = AXIS2_PLACEMENT_3D ( 'NONE', #420, #383, #1547 ) ;
#25 = VECTOR ( 'NONE', #1642, 1000.000000000000000 ) ;
#26 = CARTESIAN_POINT ( 'NONE',  ( -1.519744788236716104, -1.420292598699891773, 0.04999999999999968359 ) ) ;
#27 = CARTESIAN_POINT ( 'NONE',  ( -1.401351120628840263, -1.373814195878150457, 1.040000000000000036 ) ) ;
#28 = PRESENTATION_LAYER_ASSIGNMENT (  '', '', ( #1905 ) ) ;
#29 = PLANE ( 'NONE',  #1193 ) ;
#30 = COLOUR_RGB ( '',0.1529411764705882470, 0.1529411764705882470, 0.1529411764705882470 ) ;
#31 = EDGE_LOOP ( 'NONE', ( #1684, #3536, #1797, #2132 ) ) ;
#32 = CARTESIAN_POINT ( 'NONE',  ( -1.146581908037177522, 1.003941175863179991, 0.9982635181726938756 ) ) ;
#33 = ORIENTED_EDGE ( 'NONE', *, *, #2306, .T. ) ;
#34 =( NAMED_UNIT ( * ) SI_UNIT ( $, .STERADIAN. ) SOLID_ANGLE_UNIT ( ) );
#35 = ORIENTED_EDGE ( 'NONE', *, *, #1455, .T. ) ;
#36 = CARTESIAN_POINT ( 'NONE',  ( -0.3249999999999995670, -1.524999999999999911, 0.0000000000000000000 ) ) ;
#37 = ORIENTED_EDGE ( 'NONE', *, *, #960, .T. ) ;
#38 = PLANE ( 'NONE',  #3377 ) ;
#39 = EDGE_CURVE ( 'NONE', #2976, #2120, #235, .T. ) ;
#40 = EDGE_CURVE ( 'NONE', #884, #3556, #1083, .T. ) ;
#41 = LINE ( 'NONE', #1162, #3022 ) ;
#42 = VERTEX_POINT ( 'NONE', #1665 ) ;
#43 = CARTESIAN_POINT ( 'NONE',  ( 1.239999999999999991, -0.4749999999999999778, 0.3099999999999999978 ) ) ;
#44 = LINE ( 'NONE', #47, #2210 ) ;
#45 = LINE ( 'NONE', #3414, #2957 ) ;
#46 = PLANE ( 'NONE',  #2013 ) ;
#47 = CARTESIAN_POINT ( 'NONE',  ( 1.492417687067639998, -1.524999999999999911, 0.3100000000000001088 ) ) ;
#48 = ORIENTED_EDGE ( 'NONE', *, *, #596, .T. ) ;
#49 = CARTESIAN_POINT ( 'NONE',  ( 1.380546859971689910, -1.412965427462739898, 0.9549468633801859729 ) ) ;
#50 = SURFACE_SIDE_STYLE ('',( #2348 ) ) ;
#51 = ADVANCED_BREP_SHAPE_REPRESENTATION ( '64E032F8-DE39-4953-8F05-4E0C99F4D358', ( #3596, #1115 ), #108 ) ;
#52 = DIRECTION ( 'NONE',  ( -0.1045284632676540398, -0.0000000000000000000, 0.9945218953682732899 ) ) ;
#53 = ORIENTED_EDGE ( 'NONE', *, *, #1104, .F. ) ;
#54 =( NAMED_UNIT ( * ) SI_UNIT ( $, .STERADIAN. ) SOLID_ANGLE_UNIT ( ) );
#55 = VERTEX_POINT ( 'NONE', #2517 ) ;
#56 = SURFACE_STYLE_FILL_AREA ( #1746 ) ;
#57 = ORIENTED_EDGE ( 'NONE', *, *, #150, .T. ) ;
#58 = DIRECTION ( 'NONE',  ( 0.0000000000000000000, 1.000000000000000000, 0.0000000000000000000 ) ) ;
#59 = EDGE_CURVE ( 'NONE', #1671, #384, #3642, .T. ) ;
#60 = EDGE_CURVE ( 'NONE', #327, #449, #1024, .T. ) ;
#61 = PLANE ( 'NONE',  #361 ) ;
#62 = DIRECTION ( 'NONE',  ( 0.0000000000000000000, -0.0000000000000000000, -1.000000000000000000 ) ) ;
#63 = CARTESIAN_POINT ( 'NONE',  ( 1.239999999999999991, -0.4749999999999999778, 0.03000000000000000930 ) ) ;
#64 = STYLED_ITEM ( 'NONE', ( #320 ), #1391 ) ;
#65 = EDGE_CURVE ( 'NONE', #1239, #1567, #1752, .T. ) ;
#66 = COLOUR_RGB ( '',0.1529411764705882470, 0.1529411764705882470, 0.1529411764705882470 ) ;
#67 = ORIENTED_EDGE ( 'NONE', *, *, #1951, .F. ) ;
#68 = FILL_AREA_STYLE ('',( #2331 ) ) ;
#69 = EDGE_LOOP ( 'NONE', ( #1538, #3178, #2927, #3646, #3262, #1025, #2338, #872, #3412, #3247, #631, #910, #456, #1965, #3519, #991, #1175, #2834 ) ) ;
#70 = CARTESIAN_POINT ( 'NONE',  ( -0.3250000000000000666, 1.183999999999999941, 0.05000000000000000278 ) ) ;
#71 = ORIENTED_EDGE ( 'NONE', *, *, #3098, .T. ) ;
#72 = CARTESIAN_POINT ( 'NONE',  ( -0.9228695941194491326, 1.146658713156111453, 1.040000000000000036 ) ) ;
#73 = PLANE ( 'NONE',  #3600 ) ;
#74 = CARTESIAN_POINT ( 'NONE',  ( 1.239999999999999991, 0.4749999999999999778, 0.3099999999999999978 ) ) ;
#75 = ORIENTED_EDGE ( 'NONE', *, *, #3072, .T. ) ;
#76 = PLANE ( 'NONE',  #1151 ) ;
#77 = DIRECTION ( 'NONE',  ( -1.000000000000000000, -0.0000000000000000000, -0.0000000000000000000 ) ) ;
#78 = DIRECTION ( 'NONE',  ( 0.0000000000000000000, -1.000000000000000000, 0.0000000000000000000 ) ) ;
#79 = EDGE_CURVE ( 'NONE', #1668, #2411, #2049, .T. ) ;
#80 = VECTOR ( 'NONE', #656, 1000.000000000000000 ) ;
#81 = FACE_OUTER_BOUND ( 'NONE', #1434, .T. ) ;
#82 = VECTOR ( 'NONE', #844, 1000.000000000000000 ) ;
#83 = AXIS2_PLACEMENT_3D ( 'NONE', #3346, #3607, #1134 ) ;
#84 = LINE ( 'NONE', #2403, #1608 ) ;
#85 = ADVANCED_FACE ( 'NONE', ( #81 ), #1201, .T. ) ;
#86 = ORIENTED_EDGE ( 'NONE', *, *, #1165, .T. ) ;
#87 = CARTESIAN_POINT ( 'NONE',  ( 1.348234401476049893, -1.425021631517040088, 0.9528178452477890081 ) ) ;
#88 = VECTOR ( 'NONE', #452, 1000.000000000000000 ) ;
#89 = EDGE_LOOP ( 'NONE', ( #33, #1485, #3548, #1280, #3424, #3104 ) ) ;
#90 = DIRECTION ( 'NONE',  ( -0.0000000000000000000, 1.000000000000000000, 0.0000000000000000000 ) ) ;
#91 = VECTOR ( 'NONE', #2508, 1000.000000000000114 ) ;
#92 = CARTESIAN_POINT ( 'NONE',  ( -1.136733830515985533, 1.003941175863179991, 0.9899999999999999911 ) ) ;
#93 = ORIENTED_EDGE ( 'NONE', *, *, #2311, .F. ) ;
#94 = CARTESIAN_POINT ( 'NONE',  ( 1.219999999999999973, -0.1749999999999999889, 0.03000000000000000930 ) ) ;
#95 = AXIS2_PLACEMENT_3D ( 'NONE', #353, #2315, #375 ) ;
#96 = DIRECTION ( 'NONE',  ( -1.000000000000000000, 0.0000000000000000000, -0.0000000000000000000 ) ) ;
#97 = CARTESIAN_POINT ( 'NONE',  ( 1.219999999999999973, 0.0000000000000000000, 0.03000000000000000236 ) ) ;
#98 = VERTEX_POINT ( 'NONE', #2897 ) ;
#99 =( NAMED_UNIT ( * ) SI_UNIT ( $, .STERADIAN. ) SOLID_ANGLE_UNIT ( ) );
#100 = CARTESIAN_POINT ( 'NONE',  ( -0.3589999999999999858, 1.149999999999999911, 0.3099999999999999978 ) ) ;
#101 = DIRECTION ( 'NONE',  ( -0.0000000000000000000, 1.000000000000000000, 0.0000000000000000000 ) ) ;
#102 = ORIENTED_EDGE ( 'NONE', *, *, #1901, .F. ) ;
#103 =( LENGTH_UNIT ( ) NAMED_UNIT ( * ) SI_UNIT ( .MILLI., .METRE. ) );
#104 = EDGE_CURVE ( 'NONE', #2404, #327, #1413, .T. ) ;
#105 = EDGE_CURVE ( 'NONE', #740, #2038, #2261, .T. ) ;
#106 = CARTESIAN_POINT ( 'NONE',  ( -1.219999999999999973, -0.8249999999999998446, 0.05000000000000000278 ) ) ;
#107 = CARTESIAN_POINT ( 'NONE',  ( -0.3589999999999999303, -0.2449999999999999956, 0.03000000000000002318 ) ) ;
#108 =( GEOMETRIC_REPRESENTATION_CONTEXT ( 3 ) GLOBAL_UNCERTAINTY_ASSIGNED_CONTEXT ( ( #2066 ) ) GLOBAL_UNIT_ASSIGNED_CONTEXT ( ( #2866, #335, #1387 ) ) REPRESENTATION_CONTEXT ( 'NONE', 'WORKASPACE' ) );
#109 = ORIENTED_EDGE ( 'NONE', *, *, #2920, .T. ) ;
#110 = DIRECTION ( 'NONE',  ( 0.1039620511845024409, -0.1039620511844981526, 0.9891328443778533153 ) ) ;
#111 = EDGE_CURVE ( 'NONE', #2569, #1963, #579, .T. ) ;
#112 = DIRECTION ( 'NONE',  ( 0.0000000000000000000, -1.000000000000000000, -0.0000000000000000000 ) ) ;
#113 = ORIENTED_EDGE ( 'NONE', *, *, #3258, .F. ) ;
#114 = LINE ( 'NONE', #1286, #916 ) ;
#115 = B_SPLINE_CURVE_WITH_KNOTS ( 'NONE', 3,
 ( #646, #2463, #233, #480, #2190, #806 ),
 .UNSPECIFIED., .F., .F.,
 ( 4, 2, 4 ),
 ( 0.0000000000000000000, 0.5000000000000000000, 1.000000000000000000 ),
 .UNSPECIFIED. ) ;
#116 = CARTESIAN_POINT ( 'NONE',  ( -0.3249999999999995670, -1.519744788236716104, 0.04999999999999980849 ) ) ;
#117 = ORIENTED_EDGE ( 'NONE', *, *, #126, .T. ) ;
#118 = LINE ( 'NONE', #1449, #694 ) ;
#119 = VERTEX_POINT ( 'NONE', #2713 ) ;
#120 = PRESENTATION_STYLE_ASSIGNMENT (( #466 ) ) ;
#121 = LINE ( 'NONE', #2659, #3201 ) ;
#122 = LINE ( 'NONE', #378, #2188 ) ;
#123 = ORIENTED_EDGE ( 'NONE', *, *, #659, .F. ) ;
#124 = CARTESIAN_POINT ( 'NONE',  ( -0.3250000000000000666, -1.183999999999999941, 0.3099999999999999978 ) ) ;
#125 = VERTEX_POINT ( 'NONE', #2172 ) ;
#126 = EDGE_CURVE ( 'NONE', #1, #2729, #44, .T. ) ;
#127 = LINE ( 'NONE', #655, #705 ) ;
#128 = DIRECTION ( 'NONE',  ( 0.0000000000000000000, 0.0000000000000000000, -1.000000000000000000 ) ) ;
#129 = ORIENTED_EDGE ( 'NONE', *, *, #596, .F. ) ;
#130 = CARTESIAN_POINT ( 'NONE',  ( 1.412965427462689938, 1.380546859971800044, 0.9549468633801969641 ) ) ;
#131 = SURFACE_STYLE_USAGE ( .BOTH. , #997 ) ;
#132 = CARTESIAN_POINT ( 'NONE',  ( -1.325651190893915032, 1.325651190893911702, 1.040000001456733880 ) ) ;
#133 = AXIS2_PLACEMENT_3D ( 'NONE', #662, #3455, #423 ) ;
#134 = LINE ( 'NONE', #2953, #1311 ) ;
#135 = VECTOR ( 'NONE', #227, 1000.000000000000000 ) ;
#136 = ORIENTED_EDGE ( 'NONE', *, *, #1057, .T. ) ;
#137 = ORIENTED_EDGE ( 'NONE', *, *, #1679, .F. ) ;
#138 = CARTESIAN_POINT ( 'NONE',  ( 1.219999999999999973, -0.1749999999999999889, 0.05000000000000002359 ) ) ;
#139 = AXIS2_PLACEMENT_3D ( 'NONE', #1061, #2446, #1046 ) ;
#140 = LINE ( 'NONE', #2117, #3116 ) ;
#141 = ORIENTED_EDGE ( 'NONE', *, *, #393, .F. ) ;
#142 = LINE ( 'NONE', #1779, #614 ) ;
#143 = ORIENTED_EDGE ( 'NONE', *, *, #1227, .T. ) ;
#144 = AXIS2_PLACEMENT_3D ( 'NONE', #1867, #2207, #3326 ) ;
#145 = DIRECTION ( 'NONE',  ( -1.000000000000000000, 0.0000000000000000000, -0.0000000000000000000 ) ) ;
#146 = FACE_OUTER_BOUND ( 'NONE', #3591, .T. ) ;
#147 = ORIENTED_EDGE ( 'NONE', *, *, #79, .F. ) ;
#148 = CARTESIAN_POINT ( 'NONE',  ( -1.354501051348180107, -1.421975946057469908, 0.9531563822491949667 ) ) ;
#149 = EDGE_CURVE ( 'NONE', #3277, #2723, #1979, .T. ) ;
#150 = EDGE_CURVE ( 'NONE', #458, #1903, #316, .T. ) ;
#151 = CARTESIAN_POINT ( 'NONE',  ( 0.0000000000000000000, 1.125000000000000222, 0.3099999999999999978 ) ) ;
#152 = UNCERTAINTY_MEASURE_WITH_UNIT (LENGTH_MEASURE( 1.000000000000000082E-05 ), #371, 'distance_accuracy_value', 'NONE');
#153 = CARTESIAN_POINT ( 'NONE',  ( -0.07500000000000020539, 0.0000000000000000000, 0.05000000000000000278 ) ) ;
#154 = PLANE ( 'NONE',  #2551 ) ;
#155 = VERTEX_POINT ( 'NONE', #2293 ) ;
#156 = CARTESIAN_POINT ( 'NONE',  ( -0.3250000000000000666, 1.183999999999999941, 0.3099999999999999978 ) ) ;
#157 = VERTEX_POINT ( 'NONE', #1447 ) ;
#158 = CARTESIAN_POINT ( 'NONE',  ( 0.0000000000000000000, -0.8249999999999999556, 0.3099999999999999978 ) ) ;
#159 = FACE_OUTER_BOUND ( 'NONE', #1924, .T. ) ;
#160 = ORIENTED_EDGE ( 'NONE', *, *, #1123, .T. ) ;
#161 = CARTESIAN_POINT ( 'NONE',  ( -1.325651190893911702, -1.325651190893915476, 1.040000001456733658 ) ) ;
#162 = ORIENTED_EDGE ( 'NONE', *, *, #1930, .F. ) ;
#163 = PLANE ( 'NONE',  #3238 ) ;
#164 = CARTESIAN_POINT ( 'NONE',  ( -1.152484094644831369, 1.003941175863179991, 1.031736481776670544 ) ) ;
#165 = VERTEX_POINT ( 'NONE', #2568 ) ;
#166 = CARTESIAN_POINT ( 'NONE',  ( -1.325651190893919917, -1.325651190893919917, 1.039999999999950075 ) ) ;
#167 = DIRECTION ( 'NONE',  ( 0.0000000000000000000, 0.0000000000000000000, -1.000000000000000000 ) ) ;
#168 = MECHANICAL_DESIGN_GEOMETRIC_PRESENTATION_REPRESENTATION (  '', ( #336 ), #2696 ) ;
#169 = LINE ( 'NONE', #1846, #21 ) ;
#170 = EDGE_CURVE ( 'NONE', #1511, #155, #567, .T. ) ;
#171 = LINE ( 'NONE', #3344, #424 ) ;
#172 = ORIENTED_EDGE ( 'NONE', *, *, #899, .F. ) ;
#173 = CARTESIAN_POINT ( 'NONE',  ( -0.3250000000000000666, 1.649999999999999689, 0.03000000000000001277 ) ) ;
#174 = EDGE_LOOP ( 'NONE', ( #1858, #1804, #274, #1329 ) ) ;
#175 = ADVANCED_FACE ( 'NONE', ( #2585 ), #3366, .T. ) ;
#176 = LINE ( 'NONE', #1297, #2672 ) ;
#177 = CARTESIAN_POINT ( 'NONE',  ( 0.0000000000000000000, -0.1749999999999999889, 0.03000000000000000236 ) ) ;
#178 = ORIENTED_EDGE ( 'NONE', *, *, #1744, .T. ) ;
#179 = CARTESIAN_POINT ( 'NONE',  ( 1.649999999999999911, -0.8249999999999999556, 0.3099999999999999978 ) ) ;
#180 = ORIENTED_EDGE ( 'NONE', *, *, #1347, .T. ) ;
#181 = AXIS2_PLACEMENT_3D ( 'NONE', #1982, #1947, #305 ) ;
#182 = CARTESIAN_POINT ( 'NONE',  ( -1.519744788236717437, 1.125000000000000000, 0.04999999999999980155 ) ) ;
#183 = STYLED_ITEM ( 'NONE', ( #2248 ), #2496 ) ;
#184 = CARTESIAN_POINT ( 'NONE',  ( -0.8553982570815293895, 0.7068553382998779000, 1.031736481776670322 ) ) ;
#185 = ORIENTED_EDGE ( 'NONE', *, *, #1319, .T. ) ;
#186 = DIRECTION ( 'NONE',  ( 0.0000000000000000000, -1.000000000000000000, 0.0000000000000000000 ) ) ;
#187 = DIRECTION ( 'NONE',  ( 0.1039620511844980000, 0.1039620511844980000, -0.9891328443778539814 ) ) ;
#188 = DIRECTION ( 'NONE',  ( -0.0000000000000000000, 0.1045284632676540398, -0.9945218953682732899 ) ) ;
#189 = UNCERTAINTY_MEASURE_WITH_UNIT (LENGTH_MEASURE( 1.000000000000000082E-05 ), #3239, 'distance_accuracy_value', 'NONE');
#190 = DIRECTION ( 'NONE',  ( 0.7071067811865520136, -0.7071067811865431318, 0.0000000000000000000 ) ) ;
#191 = LINE ( 'NONE', #298, #3186 ) ;
#192 = ORIENTED_EDGE ( 'NONE', *, *, #3233, .T. ) ;
#193 = DIRECTION ( 'NONE',  ( 1.000000000000000000, -0.0000000000000000000, 0.0000000000000000000 ) ) ;
#194 = ORIENTED_EDGE ( 'NONE', *, *, #919, .T. ) ;
#195 = DIRECTION ( 'NONE',  ( 1.000000000000000000, 0.0000000000000000000, 0.0000000000000000000 ) ) ;
#196 = VECTOR ( 'NONE', #2653, 1000.000000000000000 ) ;
#197 = PLANE ( 'NONE',  #736 ) ;
#198 = EDGE_CURVE ( 'NONE', #1892, #2723, #3421, .T. ) ;
#199 = COLOUR_RGB ( '',0.1529411764705882470, 0.1529411764705882470, 0.1529411764705882470 ) ;
#200 = EDGE_CURVE ( 'NONE', #3613, #2300, #1428, .T. ) ;
#201 = ORIENTED_EDGE ( 'NONE', *, *, #3372, .F. ) ;
#202 = FACE_OUTER_BOUND ( 'NONE', #2643, .T. ) ;
#203 = ORIENTED_EDGE ( 'NONE', *, *, #2899, .T. ) ;
#204 = VECTOR ( 'NONE', #2244, 1000.000000000000000 ) ;
#205 = STYLED_ITEM ( 'NONE', ( #1977 ), #2717 ) ;
#206 = EDGE_LOOP ( 'NONE', ( #1950, #2888, #262, #218 ) ) ;
#207 = FILL_AREA_STYLE ('',( #2730 ) ) ;
#208 = CONICAL_SURFACE ( 'NONE', #3327, 0.1485429187616106039, 0.1745329251739961562 ) ;
#209 = VECTOR ( 'NONE', #1056, 1000.000000000000000 ) ;
#210 = DIRECTION ( 'NONE',  ( -0.0000000000000000000, -0.0000000000000000000, -1.000000000000000000 ) ) ;
#211 = FILL_AREA_STYLE ('',( #1288 ) ) ;
#212 = LINE ( 'NONE', #3031, #3428 ) ;
#213 = CARTESIAN_POINT ( 'NONE',  ( 1.239999999999999991, -0.8249999999999999556, 0.3099999999999999978 ) ) ;
#214 = VERTEX_POINT ( 'NONE', #3133 ) ;
#215 = CARTESIAN_POINT ( 'NONE',  ( 0.0000000000000000000, -0.8249999999999999556, 0.05000000000000000278 ) ) ;
#216 = ORIENTED_EDGE ( 'NONE', *, *, #104, .T. ) ;
#217 =( NAMED_UNIT ( * ) SI_UNIT ( $, .STERADIAN. ) SOLID_ANGLE_UNIT ( ) );
#218 = ORIENTED_EDGE ( 'NONE', *, *, #685, .T. ) ;
#219 = EDGE_CURVE ( 'NONE', #2369, #2615, #2309, .T. ) ;
#220 = ADVANCED_FACE ( 'NONE', ( #581 ), #29, .T. ) ;
#221 = CARTESIAN_POINT ( 'NONE',  ( -0.07500000000000020539, 1.649999999999999911, 0.3099999999999999978 ) ) ;
#222 = VERTEX_POINT ( 'NONE', #11 ) ;
#223 = SURFACE_STYLE_USAGE ( .BOTH. , #1361 ) ;
#224 = ORIENTED_EDGE ( 'NONE', *, *, #1865, .F. ) ;
#225 = FACE_OUTER_BOUND ( 'NONE', #237, .T. ) ;
#226 = DIRECTION ( 'NONE',  ( 0.0000000000000000000, 0.0000000000000000000, -1.000000000000000000 ) ) ;
#227 = DIRECTION ( 'NONE',  ( 0.0000000000000000000, -0.0000000000000000000, 1.000000000000000000 ) ) ;
#228 = UNCERTAINTY_MEASURE_WITH_UNIT (LENGTH_MEASURE( 1.000000000000000082E-05 ), #757, 'distance_accuracy_value', 'NONE');
#229 = VECTOR ( 'NONE', #1738, 1000.000000000000000 ) ;
#230 =( BOUNDED_SURFACE ( )  B_SPLINE_SURFACE ( 3, 2, ( 
 ( #914, #401, #2669 ),
 ( #1272, #1167, #2006 ),
 ( #2930, #1530, #130 ),
 ( #1250, #2379, #3507 ),
 ( #979, #2952, #422 ),
 ( #593, #717, #1551 ),
 ( #2398, #2123, #3242 ) ),
 .UNSPECIFIED., .F., .F., .T. ) 
 B_SPLINE_SURFACE_WITH_KNOTS ( ( 4, 1, 1, 1, 4 ),
 ( 3, 3 ),
 ( -9.551411170516280018E-05, 0.4450492744430660230, 0.6285735544953859888, 0.8120978345477060101, 1.000095514218080073 ),
 ( 0.0000000000000000000, 1.000000000000000000 ),
 .UNSPECIFIED. ) 
 GEOMETRIC_REPRESENTATION_ITEM ( )  RATIONAL_B_SPLINE_SURFACE ( (
 ( 1.000000000000000000, 0.7431396860209990018, 1.000000000000000000),
 ( 1.000000000000000000, 0.7513097091377920478, 1.000000000000000000),
 ( 1.000000000000000000, 0.7581042198458319836, 1.000000000000000000),
 ( 1.000000000000000000, 0.7570549293486299458, 1.000000000000000000),
 ( 1.000000000000000000, 0.7521985591672939453, 1.000000000000000000),
 ( 1.000000000000000000, 0.7465227397045599567, 1.000000000000000000),
 ( 1.000000000000000000, 0.7431396708183769517, 1.000000000000000000) ) ) 
 REPRESENTATION_ITEM ( '' )  SURFACE ( )  );
#231 = CARTESIAN_POINT ( 'NONE',  ( -1.519744788236716104, 1.524999999999999911, 0.04999999999999957950 ) ) ;
#232 =( GEOMETRIC_REPRESENTATION_CONTEXT ( 3 ) GLOBAL_UNCERTAINTY_ASSIGNED_CONTEXT ( ( #746 ) ) GLOBAL_UNIT_ASSIGNED_CONTEXT ( ( #1715, #256, #3090 ) ) REPRESENTATION_CONTEXT ( 'NONE', 'WORKASPACE' ) );
#233 = CARTESIAN_POINT ( 'NONE',  ( 1.377210201886732710, 1.413976688251876057, 0.9547024542757258647 ) ) ;
#234 = CARTESIAN_POINT ( 'NONE',  ( -1.325651190893909925, -1.325651190893909925, 1.040000000000020020 ) ) ;
#235 = LINE ( 'NONE', #1353, #2376 ) ;
#236 = LINE ( 'NONE', #1107, #2797 ) ;
#237 = EDGE_LOOP ( 'NONE', ( #785, #2997, #1088, #2118 ) ) ;
#238 = DIRECTION ( 'NONE',  ( 0.0000000000000000000, 1.000000000000000000, 0.0000000000000000000 ) ) ;
#239 = ORIENTED_EDGE ( 'NONE', *, *, #812, .T. ) ;
#240 = DIRECTION ( 'NONE',  ( -0.0000000000000000000, 1.000000000000000000, 0.0000000000000000000 ) ) ;
#241 = EDGE_CURVE ( 'NONE', #2451, #510, #2879, .T. ) ;
#242 = VERTEX_POINT ( 'NONE', #1155 ) ;
#243 = CARTESIAN_POINT ( 'NONE',  ( -1.325651190893909925, 1.716239405786870176, 0.9399999999999999467 ) ) ;
#244 =( NAMED_UNIT ( * ) SI_UNIT ( $, .STERADIAN. ) SOLID_ANGLE_UNIT ( ) );
#245 = AXIS2_PLACEMENT_3D ( 'NONE', #2272, #839, #2240 ) ;
#246 = PLANE ( 'NONE',  #1489 ) ;
#247 = EDGE_CURVE ( 'NONE', #1567, #1108, #1698, .T. ) ;
#248 = EDGE_CURVE ( 'NONE', #2404, #1195, #3257, .T. ) ;
#249 = DIRECTION ( 'NONE',  ( -0.0000000000000000000, -0.0000000000000000000, 1.000000000000000000 ) ) ;
#250 = LINE ( 'NONE', #3328, #1369 ) ;
#251 = CARTESIAN_POINT ( 'NONE',  ( -0.04100000000000020295, 0.0000000000000000000, 0.05000000000000000278 ) ) ;
#252 = CARTESIAN_POINT ( 'NONE',  ( -1.413612771881219921, -1.346314792028930452, 1.039999999999999813 ) ) ;
#253 = ORIENTED_EDGE ( 'NONE', *, *, #3306, .F. ) ;
#254 = AXIS2_PLACEMENT_3D ( 'NONE', #2759, #1313, #3585 ) ;
#255 = ORIENTED_EDGE ( 'NONE', *, *, #1437, .T. ) ;
#256 =( NAMED_UNIT ( * ) PLANE_ANGLE_UNIT ( ) SI_UNIT ( $, .RADIAN. ) );
#257 = EDGE_LOOP ( 'NONE', ( #2859, #2112, #1834, #14 ) ) ;
#258 = VECTOR ( 'NONE', #296, 1000.000000000000000 ) ;
#259 = ORIENTED_EDGE ( 'NONE', *, *, #2899, .F. ) ;
#260 = FILL_AREA_STYLE_COLOUR ( '', #2022 ) ;
#262 = ORIENTED_EDGE ( 'NONE', *, *, #1057, .F. ) ;
#261 = VECTOR ( 'NONE', #3101, 1000.000000000000000 ) ;
#263 = CARTESIAN_POINT ( 'NONE',  ( -1.219999999999999973, -1.125000000000000222, 0.3099999999999999978 ) ) ;
#264 = DIRECTION ( 'NONE',  ( 0.0000000000000000000, 1.000000000000000000, 0.0000000000000000000 ) ) ;
#265 = LINE ( 'NONE', #859, #1842 ) ;
#266 = CARTESIAN_POINT ( 'NONE',  ( -1.003941175863179991, 1.003941175863179991, 1.031736481593270582 ) ) ;
#267 = EDGE_CURVE ( 'NONE', #2661, #3556, #2828, .T. ) ;
#268 = EDGE_CURVE ( 'NONE', #1337, #526, #2246, .T. ) ;
#269 = VECTOR ( 'NONE', #2502, 1000.000000000000000 ) ;
#270 = LINE ( 'NONE', #1975, #1187 ) ;
#271 = DIRECTION ( 'NONE',  ( 1.000000000000000000, -0.0000000000000000000, 0.0000000000000000000 ) ) ;
#272 = CARTESIAN_POINT ( 'NONE',  ( -0.07500000000000019151, 1.649999999999999689, 0.03000000000000001277 ) ) ;
#273 = VECTOR ( 'NONE', #2458, 1000.000000000000000 ) ;
#274 = ORIENTED_EDGE ( 'NONE', *, *, #1123, .F. ) ;
#275 = SURFACE_STYLE_FILL_AREA ( #3048 ) ;
#276 = ORIENTED_EDGE ( 'NONE', *, *, #1181, .T. ) ;
#277 = CARTESIAN_POINT ( 'NONE',  ( -0.3250000000000000666, 1.183999999999999941, 0.3099999999999999978 ) ) ;
#278 = ORIENTED_EDGE ( 'NONE', *, *, #2744, .T. ) ;
#279 = VERTEX_POINT ( 'NONE', #1961 ) ;
#280 = CARTESIAN_POINT ( 'NONE',  ( -1.153365729548374352, 0.7050920684927916016, 1.036736481776671104 ) ) ;
#281 = VERTEX_POINT ( 'NONE', #2263 ) ;
#282 = DIRECTION ( 'NONE',  ( -0.7071067811865460184, 0.7071067811865489050, 0.0000000000000000000 ) ) ;
#283 = PLANE ( 'NONE',  #3505 ) ;
#284 = FACE_OUTER_BOUND ( 'NONE', #1399, .T. ) ;
#285 = ADVANCED_FACE ( 'NONE', ( #300 ), #3402, .T. ) ;
#286 = DIRECTION ( 'NONE',  ( 0.0000000000000000000, 0.0000000000000000000, -1.000000000000000000 ) ) ;
#287 = ORIENTED_EDGE ( 'NONE', *, *, #3579, .F. ) ;
#288 = EDGE_CURVE ( 'NONE', #2265, #1183, #2366, .T. ) ;
#289 = VERTEX_POINT ( 'NONE', #3491 ) ;
#290 = DIRECTION ( 'NONE',  ( -1.000000000000000000, 0.0000000000000000000, 0.0000000000000000000 ) ) ;
#291 = VERTEX_POINT ( 'NONE', #3172 ) ;
#292 = PLANE ( 'NONE',  #2478 ) ;
#293 = DIRECTION ( 'NONE',  ( 0.0000000000000000000, 0.0000000000000000000, -1.000000000000000000 ) ) ;
#294 = ORIENTED_EDGE ( 'NONE', *, *, #387, .T. ) ;
#295 = VECTOR ( 'NONE', #2222, 1000.000000000000000 ) ;
#296 = DIRECTION ( 'NONE',  ( 0.0000000000000000000, -0.0000000000000000000, 1.000000000000000000 ) ) ;
#297 = VECTOR ( 'NONE', #1725, 1000.000000000000000 ) ;
#298 = CARTESIAN_POINT ( 'NONE',  ( 0.0000000000000000000, -0.2449999999999999956, 0.05000000000000000278 ) ) ;
#299 = CARTESIAN_POINT ( 'NONE',  ( -1.415692997643589690, -1.325637774960490178, 1.039999999999999813 ) ) ;
#300 = FACE_OUTER_BOUND ( 'NONE', #1518, .T. ) ;
#301 = ORIENTED_EDGE ( 'NONE', *, *, #2292, .F. ) ;
#302 = FACE_OUTER_BOUND ( 'NONE', #2422, .T. ) ;
#303 = EDGE_CURVE ( 'NONE', #1740, #3252, #1257, .T. ) ;
#304 = VECTOR ( 'NONE', #1591, 1000.000000000000000 ) ;
#305 = DIRECTION ( 'NONE',  ( 0.0000000000000000000, 0.0000000000000000000, -1.000000000000000000 ) ) ;
#306 = ORIENTED_EDGE ( 'NONE', *, *, #1699, .F. ) ;
#307 = CARTESIAN_POINT ( 'NONE',  ( -1.162332172174955991, 1.003941175863179991, 1.040000000000000036 ) ) ;
#308 = ORIENTED_EDGE ( 'NONE', *, *, #1679, .T. ) ;
#309 = CARTESIAN_POINT ( 'NONE',  ( 1.239999999999999991, 0.8249999999999999556, 0.05000000000000000971 ) ) ;
#310 = VECTOR ( 'NONE', #1768, 1000.000000000000000 ) ;
#311 = SURFACE_STYLE_USAGE ( .BOTH. , #556 ) ;
#312 = LINE ( 'NONE', #2841, #3490 ) ;
#313 = DIRECTION ( 'NONE',  ( 0.0000000000000000000, 0.0000000000000000000, -1.000000000000000000 ) ) ;
#314 = LINE ( 'NONE', #1446, #2500 ) ;
#315 =( GEOMETRIC_REPRESENTATION_CONTEXT ( 3 ) GLOBAL_UNCERTAINTY_ASSIGNED_CONTEXT ( ( #228 ) ) GLOBAL_UNIT_ASSIGNED_CONTEXT ( ( #757, #2223, #775 ) ) REPRESENTATION_CONTEXT ( 'NONE', 'WORKASPACE' ) );
#316 = LINE ( 'NONE', #1182, #793 ) ;
#317 = VERTEX_POINT ( 'NONE', #966 ) ;
#318 = FACE_OUTER_BOUND ( 'NONE', #2955, .T. ) ;
#319 = DIRECTION ( 'NONE',  ( -0.7071067811865475727, 0.7071067811865475727, 0.0000000000000000000 ) ) ;
#320 = PRESENTATION_STYLE_ASSIGNMENT (( #2852 ) ) ;
#321 = EDGE_LOOP ( 'NONE', ( #2622, #2801, #1374, #192, #1586, #716 ) ) ;
#322 = CARTESIAN_POINT ( 'NONE',  ( -1.157255039115526518, 0.6973134493584870475, 1.040000000000001812 ) ) ;
#323 = ADVANCED_FACE ( 'NONE', ( #448 ), #2091, .T. ) ;
#324 = EDGE_CURVE ( 'NONE', #279, #2687, #684, .T. ) ;
#325 = DIRECTION ( 'NONE',  ( -0.1045284632676540398, -0.0000000000000000000, -0.9945218953682732899 ) ) ;
#326 = CARTESIAN_POINT ( 'NONE',  ( -0.07500000000000024702, -1.183999999999999941, 0.05000000000000000278 ) ) ;
#327 = VERTEX_POINT ( 'NONE', #2620 ) ;
#328 = EDGE_CURVE ( 'NONE', #3148, #281, #1848, .T. ) ;
#329 = FACE_OUTER_BOUND ( 'NONE', #1563, .T. ) ;
#330 = SURFACE_SIDE_STYLE ('',( #2545 ) ) ;
#331 = FILL_AREA_STYLE ('',( #3524 ) ) ;
#332 = DIRECTION ( 'NONE',  ( 0.0000000000000000000, 1.000000000000000000, 0.0000000000000000000 ) ) ;
#333 = ORIENTED_EDGE ( 'NONE', *, *, #288, .F. ) ;
#334 = CARTESIAN_POINT ( 'NONE',  ( 1.373814195878029887, -1.401351120628899993, 1.040000000000000258 ) ) ;
#335 =( NAMED_UNIT ( * ) PLANE_ANGLE_UNIT ( ) SI_UNIT ( $, .RADIAN. ) );
#336 = STYLED_ITEM ( 'NONE', ( #3441 ), #2538 ) ;
#337 = CARTESIAN_POINT ( 'NONE',  ( -0.8553982570692311160, 1.003941175863179991, 1.031736481776670544 ) ) ;
#338 = ORIENTED_EDGE ( 'NONE', *, *, #512, .F. ) ;
#339 = CARTESIAN_POINT ( 'NONE',  ( -1.519744788236716104, 1.420292598699889330, 0.04999999999999985706 ) ) ;
#340 = VERTEX_POINT ( 'NONE', #2973 ) ;
#341 = ADVANCED_FACE ( 'NONE', ( #1811 ), #154, .T. ) ;
#342 = DIRECTION ( 'NONE',  ( 1.000000000000000000, 9.951896710066409127E-16, 0.0000000000000000000 ) ) ;
#343 =( NAMED_UNIT ( * ) PLANE_ANGLE_UNIT ( ) SI_UNIT ( $, .RADIAN. ) );
#344 = ORIENTED_EDGE ( 'NONE', *, *, #111, .T. ) ;
#345 = EDGE_CURVE ( 'NONE', #927, #2650, #1796, .T. ) ;
#346 = EDGE_CURVE ( 'NONE', #2320, #2404, #1142, .T. ) ;
#347 = SURFACE_STYLE_FILL_AREA ( #1234 ) ;
#348 = DIRECTION ( 'NONE',  ( 1.000000000000000000, -0.0000000000000000000, 0.0000000000000000000 ) ) ;
#349 = DIRECTION ( 'NONE',  ( -6.468928640617810500E-17, 1.000000000000000000, 0.0000000000000000000 ) ) ;
#350 = DIRECTION ( 'NONE',  ( 0.1045284632676540398, 0.0000000000000000000, 0.9945218953682732899 ) ) ;
#351 = VERTEX_POINT ( 'NONE', #2954 ) ;
#352 = CARTESIAN_POINT ( 'NONE',  ( 1.424999538579289959, -1.335288710190849937, 0.9514548762039799490 ) ) ;
#353 = CARTESIAN_POINT ( 'NONE',  ( 0.0000000000000000000, 0.0000000000000000000, 0.03000000000000000236 ) ) ;
#354 = FACE_OUTER_BOUND ( 'NONE', #2345, .T. ) ;
#355 = ORIENTED_EDGE ( 'NONE', *, *, #345, .T. ) ;
#356 =( BOUNDED_SURFACE ( )  B_SPLINE_SURFACE ( 3, 3, ( 
 ( #164, #1860, #184, #2982 ),
 ( #1585, #280, #2835, #603 ),
 ( #2820, #322, #2782, #1452 ),
 ( #307, #1435, #1948, #1968 ) ),
 .UNSPECIFIED., .F., .F., .T. ) 
 B_SPLINE_SURFACE_WITH_KNOTS ( ( 4, 4 ),
 ( 4, 4 ),
 ( 0.0000000000000000000, 1.000000000000000000 ),
 ( 0.0000000000000000000, 1.000000000000000000 ),
 .UNSPECIFIED. ) 
 GEOMETRIC_REPRESENTATION_ITEM ( )  RATIONAL_B_SPLINE_SURFACE ( (
 ( 1.000000000000000000, 0.3333333333333334259, 0.3333333333333334259, 1.000000000000000000),
 ( 0.8440296287459487790, 0.2813432095819830003, 0.2813432095819830003, 0.8440296287459487790),
 ( 0.8440296287459487790, 0.2813432095819830003, 0.2813432095819830003, 0.8440296287459487790),
 ( 1.000000000000000000, 0.3333333333333334259, 0.3333333333333334259, 1.000000000000000000) ) ) 
 REPRESENTATION_ITEM ( '' )  SURFACE ( )  );
#357 = CARTESIAN_POINT ( 'NONE',  ( -0.07500000000000020539, 1.649999999999999911, 0.05000000000000002359 ) ) ;
#358 = ORIENTED_EDGE ( 'NONE', *, *, #1575, .T. ) ;
#359 = DIRECTION ( 'NONE',  ( 0.1039620511844982914, -0.1039620511845018580, -0.9891328443778534263 ) ) ;
#360 = FILL_AREA_STYLE ('',( #3203 ) ) ;
#362 = ORIENTED_EDGE ( 'NONE', *, *, #561, .F. ) ;
#361 = AXIS2_PLACEMENT_3D ( 'NONE', #1444, #2513, #2242 ) ;
#363 = SURFACE_STYLE_USAGE ( .BOTH. , #2916 ) ;
#364 = COLOUR_RGB ( '',0.1529411764705882470, 0.1529411764705882470, 0.1529411764705882470 ) ;
#365 = AXIS2_PLACEMENT_3D ( 'NONE', #535, #2526, #1972 ) ;
#366 = CARTESIAN_POINT ( 'NONE',  ( -1.649999999999999911, 0.4749999999999999778, 0.3099999999999999978 ) ) ;
#367 = CARTESIAN_POINT ( 'NONE',  ( 1.649999999999999911, 0.0000000000000000000, 0.03000000000000000236 ) ) ;
#368 = COLOUR_RGB ( '',0.1529411764705882470, 0.1529411764705882470, 0.1529411764705882470 ) ;
#369 = EDGE_CURVE ( 'NONE', #1668, #3279, #84, .T. ) ;
#370 = AXIS2_PLACEMENT_3D ( 'NONE', #243, #186, #1638 ) ;
#371 =( LENGTH_UNIT ( ) NAMED_UNIT ( * ) SI_UNIT ( .MILLI., .METRE. ) );
#372 = VERTEX_POINT ( 'NONE', #2329 ) ;
#373 = DIRECTION ( 'NONE',  ( 0.0000000000000000000, 1.000000000000000000, 0.0000000000000000000 ) ) ;
#374 = AXIS2_PLACEMENT_3D ( 'NONE', #2482, #1666, #2466 ) ;
#375 = DIRECTION ( 'NONE',  ( -1.000000000000000000, 0.0000000000000000000, -0.0000000000000000000 ) ) ;
#376 = VECTOR ( 'NONE', #3599, 1000.000000000000000 ) ;
#377 = DIRECTION ( 'NONE',  ( 0.0000000000000000000, -1.000000000000000000, -0.0000000000000000000 ) ) ;
#378 = CARTESIAN_POINT ( 'NONE',  ( -0.3590000000000002078, -1.150000000000000133, 0.3099999999999999978 ) ) ;
#379 = VERTEX_POINT ( 'NONE', #3457 ) ;
#380 = CARTESIAN_POINT ( 'NONE',  ( -1.162332172174954659, 1.003941175863179991, 1.040000000000000036 ) ) ;
#381 =( GEOMETRIC_REPRESENTATION_CONTEXT ( 3 ) GLOBAL_UNCERTAINTY_ASSIGNED_CONTEXT ( ( #1219 ) ) GLOBAL_UNIT_ASSIGNED_CONTEXT ( ( #103, #3359, #1503 ) ) REPRESENTATION_CONTEXT ( 'NONE', 'WORKASPACE' ) );
#382 = CARTESIAN_POINT ( 'NONE',  ( 1.649999999999999911, -0.4750000000000000333, 0.03000000000000000930 ) ) ;
#383 = DIRECTION ( 'NONE',  ( 1.000000000000000000, 2.978066053179070216E-17, 0.0000000000000000000 ) ) ;
#384 = VERTEX_POINT ( 'NONE', #2050 ) ;
#385 =( NAMED_UNIT ( * ) PLANE_ANGLE_UNIT ( ) SI_UNIT ( $, .RADIAN. ) );
#386 = LINE ( 'NONE', #1273, #850 ) ;
#387 = EDGE_CURVE ( 'NONE', #1237, #55, #115, .T. ) ;
#388 = EDGE_LOOP ( 'NONE', ( #1345, #484, #2962, #3228, #3493, #3069 ) ) ;
#389 = DIRECTION ( 'NONE',  ( 1.000000000000000000, -0.0000000000000000000, 0.0000000000000000000 ) ) ;
#390 = EDGE_LOOP ( 'NONE', ( #3475, #201, #3403, #2199 ) ) ;
#391 = APPLICATION_PROTOCOL_DEFINITION ( 'draft international standard', 'automotive_design', 1998, #2192 ) ;
#392 = LINE ( 'NONE', #1278, #1672 ) ;
#393 = EDGE_CURVE ( 'NONE', #2534, #2055, #2697, .T. ) ;
#394 = CYLINDRICAL_SURFACE ( 'NONE', #2947, 0.1000000000000000472 ) ;
#395 = EDGE_LOOP ( 'NONE', ( #3071, #71, #1095, #1722, #3180, #3161 ) ) ;
#396 = FACE_OUTER_BOUND ( 'NONE', #3634, .T. ) ;
#397 = ORIENTED_EDGE ( 'NONE', *, *, #3183, .F. ) ;
#398 = DIRECTION ( 'NONE',  ( 0.0000000000000000000, -1.000000000000000000, -0.0000000000000000000 ) ) ;
#399 = FACE_OUTER_BOUND ( 'NONE', #568, .T. ) ;
#400 = ORIENTED_EDGE ( 'NONE', *, *, #2110, .F. ) ;
#401 = CARTESIAN_POINT ( 'NONE',  ( 1.415692997643589690, 1.325637774960490178, 1.039999999999999813 ) ) ;
#402 = PRESENTATION_STYLE_ASSIGNMENT (( #363 ) ) ;
#403 = CARTESIAN_POINT ( 'NONE',  ( 1.649999999999999911, 1.125000000000000222, 0.3099999999999999978 ) ) ;
#404 = CARTESIAN_POINT ( 'NONE',  ( 0.0000000000000000000, 1.125000000000000222, 0.05000000000000000278 ) ) ;
#405 = UNCERTAINTY_MEASURE_WITH_UNIT (LENGTH_MEASURE( 1.000000000000000082E-05 ), #1454, 'distance_accuracy_value', 'NONE');
#406 = DIRECTION ( 'NONE',  ( -1.000000000000000000, 0.0000000000000000000, 0.0000000000000000000 ) ) ;
#407 = VECTOR ( 'NONE', #2252, 1000.000000000000000 ) ;
#408 = ORIENTED_EDGE ( 'NONE', *, *, #2474, .F. ) ;
#409 = CARTESIAN_POINT ( 'NONE',  ( 0.0000000000000000000, -1.125000000000000222, 0.05000000000000000278 ) ) ;
#410 = EDGE_LOOP ( 'NONE', ( #1467, #3340, #465, #3576 ) ) ;
#411 = VECTOR ( 'NONE', #942, 1000.000000000000000 ) ;
#412 = LINE ( 'NONE', #1264, #1907 ) ;
#413 = FACE_OUTER_BOUND ( 'NONE', #3637, .T. ) ;
#414 = ORIENTED_EDGE ( 'NONE', *, *, #1291, .F. ) ;
#415 = PLANE ( 'NONE',  #3623 ) ;
#416 = ORIENTED_EDGE ( 'NONE', *, *, #3053, .F. ) ;
#417 = EDGE_CURVE ( 'NONE', #2367, #1169, #2079, .T. ) ;
#418 = EDGE_CURVE ( 'NONE', #954, #2610, #1939, .T. ) ;
#419 = PLANE ( 'NONE',  #1236 ) ;
#420 = CARTESIAN_POINT ( 'NONE',  ( -0.07500000000000020539, -1.183999999999999941, 0.3099999999999999978 ) ) ;
#421 = ORIENTED_EDGE ( 'NONE', *, *, #2453, .T. ) ;
#422 = CARTESIAN_POINT ( 'NONE',  ( 1.354501051348210083, 1.421975946057469908, 0.9531563822491869731 ) ) ;
#423 = DIRECTION ( 'NONE',  ( 1.000000000000000000, 0.0000000000000000000, -0.0000000000000000000 ) ) ;
#424 = VECTOR ( 'NONE', #1045, 1000.000000000000000 ) ;
#425 = PLANE ( 'NONE',  #2074 ) ;
#426 = DIRECTION ( 'NONE',  ( 1.000000000000000000, -0.0000000000000000000, 0.0000000000000000000 ) ) ;
#427 = VECTOR ( 'NONE', #2259, 1000.000000000000114 ) ;
#428 = ORIENTED_EDGE ( 'NONE', *, *, #3072, .F. ) ;
#429 = LINE ( 'NONE', #409, #1028 ) ;
#430 = LINE ( 'NONE', #2701, #2739 ) ;
#431 = STYLED_ITEM ( 'NONE', ( #3309 ), #2559 ) ;
#432 = DIRECTION ( 'NONE',  ( -0.0000000000000000000, -0.0000000000000000000, 1.000000000000000000 ) ) ;
#433 = ORIENTED_EDGE ( 'NONE', *, *, #960, .F. ) ;
#434 = CARTESIAN_POINT ( 'NONE',  ( -0.8621820786145816262, 1.287459370360376942, 0.9932635181990742135 ) ) ;
#435 = ORIENTED_EDGE ( 'NONE', *, *, #2621, .T. ) ;
#436 = VECTOR ( 'NONE', #1914, 1000.000000000000000 ) ;
#437 = PRESENTATION_LAYER_ASSIGNMENT (  '', '', ( #2024 ) ) ;
#438 = CARTESIAN_POINT ( 'NONE',  ( -1.413976688251876723, 1.377210201886732488, 0.9547024542757255317 ) ) ;
#439 = EDGE_CURVE ( 'NONE', #327, #1579, #3009, .T. ) ;
#440 = VECTOR ( 'NONE', #2003, 1000.000000000000000 ) ;
#441 = VERTEX_POINT ( 'NONE', #1351 ) ;
#442 = FACE_OUTER_BOUND ( 'NONE', #3298, .T. ) ;
#443 = FILL_AREA_STYLE_COLOUR ( '', #1969 ) ;
#444 = CARTESIAN_POINT ( 'NONE',  ( 0.0000000000000000000, -0.1749999999999999889, 0.3099999999999999978 ) ) ;
#445 = ADVANCED_FACE ( 'NONE', ( #1883 ), #1607, .T. ) ;
#446 = PLANE ( 'NONE',  #1251 ) ;
#447 = UNCERTAINTY_MEASURE_WITH_UNIT (LENGTH_MEASURE( 1.000000000000000082E-05 ), #816, 'distance_accuracy_value', 'NONE');
#448 = FACE_OUTER_BOUND ( 'NONE', #976, .T. ) ;
#449 = VERTEX_POINT ( 'NONE', #3308 ) ;
#450 = CARTESIAN_POINT ( 'NONE',  ( 1.716239405786870176, 1.425103380430737365, 0.9504528463267656324 ) ) ;
#451 = VERTEX_POINT ( 'NONE', #2773 ) ;
#452 = DIRECTION ( 'NONE',  ( -0.0000000000000000000, -1.000000000000000000, -0.0000000000000000000 ) ) ;
#453 = FILL_AREA_STYLE_COLOUR ( '', #2826 ) ;
#454 = EDGE_LOOP ( 'NONE', ( #2557, #2698, #2197, #1208 ) ) ;
#455 = DIRECTION ( 'NONE',  ( 1.000000000000000000, 0.0000000000000000000, 0.0000000000000000000 ) ) ;
#456 = ORIENTED_EDGE ( 'NONE', *, *, #713, .F. ) ;
#457 = DIRECTION ( 'NONE',  ( 0.0000000000000000000, 0.0000000000000000000, -1.000000000000000000 ) ) ;
#458 = VERTEX_POINT ( 'NONE', #765 ) ;
#459 =( LENGTH_UNIT ( ) NAMED_UNIT ( * ) SI_UNIT ( .MILLI., .METRE. ) );
#460 = SURFACE_STYLE_FILL_AREA ( #2204 ) ;
#461 = FACE_OUTER_BOUND ( 'NONE', #2765, .T. ) ;
#462 = EDGE_CURVE ( 'NONE', #3252, #704, #1627, .T. ) ;
#463 = ADVANCED_FACE ( 'NONE', ( #3572 ), #2740, .T. ) ;
#464 = FACE_OUTER_BOUND ( 'NONE', #3020, .T. ) ;
#465 = ORIENTED_EDGE ( 'NONE', *, *, #2333, .F. ) ;
#466 = SURFACE_STYLE_USAGE ( .BOTH. , #2721 ) ;
#467 = PLANE ( 'NONE',  #1149 ) ;
#468 = EDGE_LOOP ( 'NONE', ( #123, #3574, #3301, #2528 ) ) ;
#469 = ORIENTED_EDGE ( 'NONE', *, *, #2873, .F. ) ;
#470 = MECHANICAL_DESIGN_GEOMETRIC_PRESENTATION_REPRESENTATION (  '', ( #2128 ), #1472 ) ;
#471 = CARTESIAN_POINT ( 'NONE',  ( -1.519744788236716104, 1.524999999999999911, 0.04999999999999957950 ) ) ;
#472 = FILL_AREA_STYLE ('',( #1328 ) ) ;
#473 = ORIENTED_EDGE ( 'NONE', *, *, #837, .F. ) ;
#474 = CARTESIAN_POINT ( 'NONE',  ( -1.219999999999999973, 1.125000000000000222, 0.3099999999999999978 ) ) ;
#475 = CARTESIAN_POINT ( 'NONE',  ( -0.3250000000000000666, 0.0000000000000000000, 0.05000000000000000278 ) ) ;
#476 = PRESENTATION_STYLE_ASSIGNMENT (( #3286 ) ) ;
#477 = CARTESIAN_POINT ( 'NONE',  ( 1.519744788236715216, 1.478681396979909524, 0.05000000000000002359 ) ) ;
#478 = UNCERTAINTY_MEASURE_WITH_UNIT (LENGTH_MEASURE( 1.000000000000000082E-05 ), #2678, 'distance_accuracy_value', 'NONE');
#479 = PLANE ( 'NONE',  #2912 ) ;
#480 = CARTESIAN_POINT ( 'NONE',  ( 1.413976688251877389, 1.377210201886729157, 0.9547024542757251986 ) ) ;
#481 = EDGE_CURVE ( 'NONE', #1195, #1601, #171, .T. ) ;
#482 = ADVANCED_FACE ( 'NONE', ( #1081 ), #519, .T. ) ;
#483 = CARTESIAN_POINT ( 'NONE',  ( -1.420292598699889330, -1.519744788236716104, 0.04999999999999985706 ) ) ;
#484 = ORIENTED_EDGE ( 'NONE', *, *, #2948, .T. ) ;
#485 = AXIS2_PLACEMENT_3D ( 'NONE', #366, #642, #2596 ) ;
#486 = PRESENTATION_STYLE_ASSIGNMENT (( #523 ) ) ;
#487 = EDGE_CURVE ( 'NONE', #281, #2336, #212, .T. ) ;
#488 = ORIENTED_EDGE ( 'NONE', *, *, #983, .F. ) ;
#489 = CARTESIAN_POINT ( 'NONE',  ( -0.8711485212103730058, 1.003941175863179991, 0.9899999999999999911 ) ) ;
#490 = ORIENTED_EDGE ( 'NONE', *, *, #3488, .T. ) ;
#491 = AXIS2_PLACEMENT_3D ( 'NONE', #74, #2614, #715 ) ;
#492 = AXIS2_PLACEMENT_3D ( 'NONE', #645, #3171, #1770 ) ;
#493 = AXIS2_PLACEMENT_3D ( 'NONE', #2656, #2741, #1851 ) ;
#494 = DIRECTION ( 'NONE',  ( -1.000000000000000000, 0.0000000000000000000, 0.0000000000000000000 ) ) ;
#495 = ORIENTED_EDGE ( 'NONE', *, *, #2645, .F. ) ;
#496 = ORIENTED_EDGE ( 'NONE', *, *, #595, .T. ) ;
#497 = LINE ( 'NONE', #475, #209 ) ;
#498 = VECTOR ( 'NONE', #3546, 1000.000000000000000 ) ;
#499 = STYLED_ITEM ( 'NONE', ( #402 ), #3439 ) ;
#500 = CARTESIAN_POINT ( 'NONE',  ( -1.462952309187639965, 1.462952309187639965, -0.3663328794188500104 ) ) ;
#501 = CARTESIAN_POINT ( 'NONE',  ( 1.519744788236719213, 0.8249999999999999556, 0.04999999999999989869 ) ) ;
#502 = LINE ( 'NONE', #537, #3085 ) ;
#503 = DIRECTION ( 'NONE',  ( 0.0000000000000000000, 0.0000000000000000000, -1.000000000000000000 ) ) ;
#504 = CARTESIAN_POINT ( 'NONE',  ( -1.325651190893909925, -1.325651190893909925, 1.040000000000000036 ) ) ;
#505 = CARTESIAN_POINT ( 'NONE',  ( -1.162332172174954659, 1.003941175863179991, 1.040000000000000036 ) ) ;
#506 = EDGE_CURVE ( 'NONE', #1992, #1839, #250, .T. ) ;
#507 = PLANE ( 'NONE',  #2555 ) ;
#508 = ORIENTED_EDGE ( 'NONE', *, *, #462, .T. ) ;
#509 = DIRECTION ( 'NONE',  ( 0.0000000000000000000, 0.0000000000000000000, -1.000000000000000000 ) ) ;
#510 = VERTEX_POINT ( 'NONE', #1333 ) ;
#511 = ADVANCED_FACE ( 'NONE', ( #464 ), #2715, .T. ) ;
#512 = EDGE_CURVE ( 'NONE', #2300, #1112, #823, .T. ) ;
#513 = FILL_AREA_STYLE ('',( #1599 ) ) ;
#514 = LINE ( 'NONE', #3018, #3558 ) ;
#515 = ORIENTED_EDGE ( 'NONE', *, *, #2289, .T. ) ;
#516 = SURFACE_STYLE_FILL_AREA ( #2225 ) ;
#517 = LINE ( 'NONE', #1331, #3076 ) ;
#518 = DIRECTION ( 'NONE',  ( 1.000000000000000000, 0.0000000000000000000, 0.0000000000000000000 ) ) ;
#519 = PLANE ( 'NONE',  #599 ) ;
#520 = LINE ( 'NONE', #2136, #3595 ) ;
#521 = CARTESIAN_POINT ( 'NONE',  ( 1.377210201886729823, -1.413976688251877167, 0.9547024542757251986 ) ) ;
#522 = CARTESIAN_POINT ( 'NONE',  ( 1.239999999999999991, 0.8249999999999999556, 0.3099999999999999978 ) ) ;
#523 = SURFACE_STYLE_USAGE ( .BOTH. , #3012 ) ;
#524 = VERTEX_POINT ( 'NONE', #1022 ) ;
#525 = CARTESIAN_POINT ( 'NONE',  ( -1.649999999999999911, 0.1749999999999999889, 0.3099999999999999978 ) ) ;
#526 = VERTEX_POINT ( 'NONE', #1371 ) ;
#527 = LINE ( 'NONE', #1687, #295 ) ;
#528 = VERTEX_POINT ( 'NONE', #3625 ) ;
#529 = CARTESIAN_POINT ( 'NONE',  ( -1.157255039115526962, 1.003941175863180213, 1.040000000000001590 ) ) ;
#530 = EDGE_CURVE ( 'NONE', #1999, #1578, #191, .T. ) ;
#531 = ORIENTED_EDGE ( 'NONE', *, *, #324, .T. ) ;
#532 = ADVANCED_FACE ( 'NONE', ( #3639 ), #912, .T. ) ;
#533 = CARTESIAN_POINT ( 'NONE',  ( -1.649999999999999911, -0.8249999999999999556, 0.3099999999999999978 ) ) ;
#534 = VECTOR ( 'NONE', #925, 1000.000000000000000 ) ;
#535 = CARTESIAN_POINT ( 'NONE',  ( 1.649999999999999911, 1.125000000000000222, 0.3099999999999999978 ) ) ;
#536 = DIRECTION ( 'NONE',  ( -0.7071067811865470176, 0.7071067811865480168, 0.0000000000000000000 ) ) ;
#537 = CARTESIAN_POINT ( 'NONE',  ( 1.219999999999999973, 0.0000000000000000000, 0.05000000000000000278 ) ) ;
#538 = DIRECTION ( 'NONE',  ( -0.0000000000000000000, 1.000000000000000000, 0.0000000000000000000 ) ) ;
#539 = PLANE ( 'NONE',  #3175 ) ;
#540 = CARTESIAN_POINT ( 'NONE',  ( 1.424820862162577084, -1.351508147351717648, 0.9531408280950385281 ) ) ;
#541 = CARTESIAN_POINT ( 'NONE',  ( -1.047322191946038483, 0.8454047280431638001, 1.040000000000000036 ) ) ;
#542 = B_SPLINE_CURVE_WITH_KNOTS ( 'NONE', 3,
 ( #938, #3480, #2039, #3179, #2056, #1822, #953, #2662, #905, #1190 ),
 .UNSPECIFIED., .F., .F.,
 ( 4, 2, 2, 2, 4 ),
 ( 0.5000000000000000000, 0.6250000000000000000, 0.7500000000000000000, 0.8750000000000000000, 1.000000000000000000 ),
 .UNSPECIFIED. ) ;
#543 = DIRECTION ( 'NONE',  ( 0.0000000000000000000, -0.0000000000000000000, 1.000000000000000000 ) ) ;
#544 = EDGE_LOOP ( 'NONE', ( #1206, #687, #3254, #2685 ) ) ;
#545 = SURFACE_STYLE_USAGE ( .BOTH. , #1120 ) ;
#546 = ORIENTED_EDGE ( 'NONE', *, *, #19, .F. ) ;
#547 = VECTOR ( 'NONE', #1681, 1000.000000000000114 ) ;
#548 = EDGE_LOOP ( 'NONE', ( #1189, #1299, #2979, #648 ) ) ;
#549 = CARTESIAN_POINT ( 'NONE',  ( 1.649999999999999911, -1.125000000000000222, 0.05000000000000002359 ) ) ;
#550 = PRESENTATION_LAYER_ASSIGNMENT (  '', '', ( #665 ) ) ;
#552 = ORIENTED_EDGE ( 'NONE', *, *, #1548, .T. ) ;
#551 = AXIS2_PLACEMENT_3D ( 'NONE', #1991, #1713, #1558 ) ;
#553 = DIRECTION ( 'NONE',  ( 1.000000000000000000, 0.0000000000000000000, 0.0000000000000000000 ) ) ;
#554 = EDGE_CURVE ( 'NONE', #3632, #1487, #1132, .T. ) ;
#555 = PLANE ( 'NONE',  #365 ) ;
#556 = SURFACE_SIDE_STYLE ('',( #56 ) ) ;
#557 = VECTOR ( 'NONE', #3631, 1000.000000000000114 ) ;
#558 = LINE ( 'NONE', #3111, #2327 ) ;
#559 =( GEOMETRIC_REPRESENTATION_CONTEXT ( 3 ) GLOBAL_UNCERTAINTY_ASSIGNED_CONTEXT ( ( #2030 ) ) GLOBAL_UNIT_ASSIGNED_CONTEXT ( ( #2854, #1420, #54 ) ) REPRESENTATION_CONTEXT ( 'NONE', 'WORKASPACE' ) );
#560 = MECHANICAL_DESIGN_GEOMETRIC_PRESENTATION_REPRESENTATION (  '', ( #3266 ), #3568 ) ;
#561 = EDGE_CURVE ( 'NONE', #1511, #617, #2028, .T. ) ;
#562 = LINE ( 'NONE', #2565, #1545 ) ;
#563 =( NAMED_UNIT ( * ) SI_UNIT ( $, .STERADIAN. ) SOLID_ANGLE_UNIT ( ) );
#564 = DIRECTION ( 'NONE',  ( -0.1045284632676540398, -0.0000000000000000000, 0.9945218953682732899 ) ) ;
#565 = AXIS2_PLACEMENT_3D ( 'NONE', #1603, #2012, #650 ) ;
#566 = ORIENTED_EDGE ( 'NONE', *, *, #3488, .F. ) ;
#567 = LINE ( 'NONE', #2843, #1785 ) ;
#568 = EDGE_LOOP ( 'NONE', ( #2536, #2818, #971, #3283, #1173, #2284 ) ) ;
#569 = DIRECTION ( 'NONE',  ( -1.000000000000000000, 0.0000000000000000000, -0.0000000000000000000 ) ) ;
#570 = VERTEX_POINT ( 'NONE', #3150 ) ;
#571 = CARTESIAN_POINT ( 'NONE',  ( 0.0000000000000000000, -0.4749999999999999778, 0.05000000000000000278 ) ) ;
#572 = CARTESIAN_POINT ( 'NONE',  ( -1.325651190893909925, 1.325651190893909925, 0.9399999999999999467 ) ) ;
#573 = DIRECTION ( 'NONE',  ( -0.0000000000000000000, -1.000000000000000000, -0.0000000000000000000 ) ) ;
#574 = FACE_OUTER_BOUND ( 'NONE', #1416, .T. ) ;
#575 = DIRECTION ( 'NONE',  ( -1.000000000000000000, -0.0000000000000000000, -0.0000000000000000000 ) ) ;
#576 = MECHANICAL_DESIGN_GEOMETRIC_PRESENTATION_REPRESENTATION (  '', ( #3290 ), #1340 ) ;
#577 = DIRECTION ( 'NONE',  ( -1.000000000000000000, 0.0000000000000000000, -0.0000000000000000000 ) ) ;
#578 = CARTESIAN_POINT ( 'NONE',  ( -1.325651190893909925, -1.325651190893909925, 1.040000000000000036 ) ) ;
#579 = LINE ( 'NONE', #153, #2963 ) ;
#580 = EDGE_CURVE ( 'NONE', #3515, #1039, #879, .T. ) ;
#581 = FACE_OUTER_BOUND ( 'NONE', #395, .T. ) ;
#582 = ORIENTED_EDGE ( 'NONE', *, *, #858, .T. ) ;
#583 = CARTESIAN_POINT ( 'NONE',  ( -1.325651180250988714, -1.425103380550819754, 0.9504528452207727796 ) ) ;
#584 = ORIENTED_EDGE ( 'NONE', *, *, #734, .T. ) ;
#585 = CARTESIAN_POINT ( 'NONE',  ( -1.492417687067639998, 0.8249999999999997335, 0.3100000000000001643 ) ) ;
#586 = VERTEX_POINT ( 'NONE', #841 ) ;
#587 = LINE ( 'NONE', #2226, #2949 ) ;
#588 = CARTESIAN_POINT ( 'NONE',  ( -1.649999999999999911, 0.4749999999999999778, 0.3099999999999999978 ) ) ;
#589 = DIRECTION ( 'NONE',  ( -1.000000000000000000, 0.0000000000000000000, -0.0000000000000000000 ) ) ;
#590 = AXIS2_PLACEMENT_3D ( 'NONE', #2913, #1745, #2630 ) ;
#591 = CARTESIAN_POINT ( 'NONE',  ( -0.07500000000000019151, -1.649999999999999689, 0.03000000000000001277 ) ) ;
#592 = DIRECTION ( 'NONE',  ( -0.0000000000000000000, -1.000000000000000000, -0.0000000000000000000 ) ) ;
#593 = CARTESIAN_POINT ( 'NONE',  ( 1.325651190893909925, 1.325651190893909925, 1.039999999999980274 ) ) ;
#594 = CARTESIAN_POINT ( 'NONE',  ( -0.07500000000000020539, 0.0000000000000000000, 0.03000000000000000236 ) ) ;
#595 = EDGE_CURVE ( 'NONE', #2783, #1999, #1152, .T. ) ;
#596 = EDGE_CURVE ( 'NONE', #3235, #2320, #3362, .T. ) ;
#597 = ORIENTED_EDGE ( 'NONE', *, *, #248, .T. ) ;
#598 = CARTESIAN_POINT ( 'NONE',  ( -1.145700273111778689, 1.003941175863180213, 0.9932635181990742135 ) ) ;
#599 = AXIS2_PLACEMENT_3D ( 'NONE', #2211, #3547, #2173 ) ;
#600 = EDGE_CURVE ( 'NONE', #1610, #524, #312, .T. ) ;
#601 = CARTESIAN_POINT ( 'NONE',  ( -0.3250000000000000666, 1.649999999999999911, 0.3099999999999999978 ) ) ;
#602 = ORIENTED_EDGE ( 'NONE', *, *, #2920, .F. ) ;
#603 = CARTESIAN_POINT ( 'NONE',  ( -0.8545166221779859628, 1.003941175863179769, 1.036736481776671104 ) ) ;
#604 = EDGE_LOOP ( 'NONE', ( #900, #3212, #294, #755 ) ) ;
#605 = AXIS2_PLACEMENT_3D ( 'NONE', #2186, #167, #1075 ) ;
#606 = CARTESIAN_POINT ( 'NONE',  ( 1.519744788236716104, -1.524999999999999911, 0.04999999999999957950 ) ) ;
#607 = PRESENTATION_LAYER_ASSIGNMENT (  '', '', ( #2842 ) ) ;
#608 = CARTESIAN_POINT ( 'NONE',  ( -1.219999999999999973, 0.4749999999999999778, 0.3099999999999999978 ) ) ;
#609 = EDGE_LOOP ( 'NONE', ( #2330, #849, #2395, #3173 ) ) ;
#610 =( NAMED_UNIT ( * ) SI_UNIT ( $, .STERADIAN. ) SOLID_ANGLE_UNIT ( ) );
#611 = LINE ( 'NONE', #1732, #2489 ) ;
#612 = DIRECTION ( 'NONE',  ( 0.0000000000000000000, 0.0000000000000000000, -1.000000000000000000 ) ) ;
#613 = CARTESIAN_POINT ( 'NONE',  ( -1.334400156505699986, -1.414778147932379770, 1.040000000000000036 ) ) ;
#614 = VECTOR ( 'NONE', #110, 1000.000000000000114 ) ;
#615 = VECTOR ( 'NONE', #2171, 1000.000000000000000 ) ;
#616 = AXIS2_PLACEMENT_3D ( 'NONE', #266, #928, #2124 ) ;
#617 = VERTEX_POINT ( 'NONE', #863 ) ;
#618 = CARTESIAN_POINT ( 'NONE',  ( -1.649999999999999689, 0.1749999999999999889, 0.03000000000000001277 ) ) ;
#619 = LINE ( 'NONE', #1484, #834 ) ;
#620 = ORIENTED_EDGE ( 'NONE', *, *, #1696, .F. ) ;
#621 = CARTESIAN_POINT ( 'NONE',  ( -1.425103401607039411, -1.325651190704125737, 0.9504528485405793203 ) ) ;
#622 = ORIENTED_EDGE ( 'NONE', *, *, #1818, .T. ) ;
#623 = EDGE_CURVE ( 'NONE', #3279, #2313, #45, .T. ) ;
#624 = EDGE_CURVE ( 'NONE', #372, #384, #270, .T. ) ;
#625 = DIRECTION ( 'NONE',  ( 1.000000000000000000, -0.0000000000000000000, 0.0000000000000000000 ) ) ;
#626 = CARTESIAN_POINT ( 'NONE',  ( -1.325636372668600016, 1.425103541233810001, 0.9504513057696111211 ) ) ;
#627 = CARTESIAN_POINT ( 'NONE',  ( -1.219999999999999973, 0.8249999999999999556, 0.3099999999999999978 ) ) ;
#628 = LINE ( 'NONE', #2877, #2374 ) ;
#629 = UNCERTAINTY_MEASURE_WITH_UNIT (LENGTH_MEASURE( 1.000000000000000082E-05 ), #2996, 'distance_accuracy_value', 'NONE');
#630 = CARTESIAN_POINT ( 'NONE',  ( -0.3250000000000000666, 0.0000000000000000000, 0.03000000000000000236 ) ) ;
#631 = ORIENTED_EDGE ( 'NONE', *, *, #40, .F. ) ;
#632 = LINE ( 'NONE', #533, #229 ) ;
#633 = MECHANICAL_DESIGN_GEOMETRIC_PRESENTATION_REPRESENTATION (  '', ( #183 ), #232 ) ;
#634 = DIRECTION ( 'NONE',  ( 0.0000000000000000000, 0.0000000000000000000, -1.000000000000000000 ) ) ;
#635 = EDGE_LOOP ( 'NONE', ( #949, #2560, #3237, #1221 ) ) ;
#636 = FACE_OUTER_BOUND ( 'NONE', #89, .T. ) ;
#637 =( BOUNDED_CURVE ( )  B_SPLINE_CURVE ( 3, ( #3284, #2145, #3263, #741 ),
 .UNSPECIFIED., .F., .T. ) 
 B_SPLINE_CURVE_WITH_KNOTS ( ( 4, 4 ),
 ( 5.503250352303681758, 7.063120262055477383 ),
 .UNSPECIFIED. ) 
 CURVE ( )  GEOMETRIC_REPRESENTATION_ITEM ( )  RATIONAL_B_SPLINE_CURVE ( ( 1.000000000000000000, 0.8073061876036364826, 0.8073061876036364826, 1.000000000000000000 ) ) 
 REPRESENTATION_ITEM ( '' )  );
#638 = DIRECTION ( 'NONE',  ( 1.000000000000000000, 0.0000000000000000000, 0.0000000000000000000 ) ) ;
#639 = ADVANCED_FACE ( 'NONE', ( #3100 ), #61, .T. ) ;
#640 = EDGE_CURVE ( 'NONE', #2661, #2615, #562, .T. ) ;
#641 = ORIENTED_EDGE ( 'NONE', *, *, #3011, .F. ) ;
#642 = DIRECTION ( 'NONE',  ( -0.0000000000000000000, 1.000000000000000000, 0.0000000000000000000 ) ) ;
#643 = CARTESIAN_POINT ( 'NONE',  ( 1.524999999999999911, 1.125000000000000888, 0.0000000000000000000 ) ) ;
#644 = VECTOR ( 'NONE', #824, 1000.000000000000000 ) ;
#645 = CARTESIAN_POINT ( 'NONE',  ( 1.649999999999999911, -0.1749999999999999889, 0.3099999999999999978 ) ) ;
#646 = CARTESIAN_POINT ( 'NONE',  ( 1.325651180251155248, 1.425103380550818422, 0.9504528452207889888 ) ) ;
#647 = PRESENTATION_LAYER_ASSIGNMENT (  '', '', ( #1612 ) ) ;
#648 = ORIENTED_EDGE ( 'NONE', *, *, #1437, .F. ) ;
#649 = LINE ( 'NONE', #1502, #2578 ) ;
#650 = DIRECTION ( 'NONE',  ( 1.000000000000000000, 0.0000000000000000000, 0.0000000000000000000 ) ) ;
#651 = DIRECTION ( 'NONE',  ( -0.0000000000000000000, -1.000000000000000000, -0.0000000000000000000 ) ) ;
#652 = CARTESIAN_POINT ( 'NONE',  ( 0.0000000000000000000, 0.0000000000000000000, 0.3099999999999999978 ) ) ;
#653 = ORIENTED_EDGE ( 'NONE', *, *, #2987, .T. ) ;
#654 = PLANE ( 'NONE',  #735 ) ;
#655 = CARTESIAN_POINT ( 'NONE',  ( 1.425103380430739142, -1.325651190893909703, 0.9504528463267660765 ) ) ;
#656 = DIRECTION ( 'NONE',  ( -0.0000000000000000000, 0.0000000000000000000, -1.000000000000000000 ) ) ;
#657 = VERTEX_POINT ( 'NONE', #591 ) ;
#658 = DIRECTION ( 'NONE',  ( 1.000000000000000000, 0.0000000000000000000, -0.0000000000000000000 ) ) ;
#659 = EDGE_CURVE ( 'NONE', #340, #1550, #1709, .T. ) ;
#660 = EDGE_CURVE ( 'NONE', #1039, #3136, #611, .T. ) ;
#661 = AXIS2_PLACEMENT_3D ( 'NONE', #3456, #2896, #1513 ) ;
#662 = CARTESIAN_POINT ( 'NONE',  ( 0.0000000000000000000, 0.0000000000000000000, 1.040000000000000036 ) ) ;
#663 = DIRECTION ( 'NONE',  ( 0.0000000000000000000, 0.0000000000000000000, -1.000000000000000000 ) ) ;
#664 = UNCERTAINTY_MEASURE_WITH_UNIT (LENGTH_MEASURE( 1.000000000000000082E-05 ), #718, 'distance_accuracy_value', 'NONE');
#665 = STYLED_ITEM ( 'NONE', ( #1343 ), #2111 ) ;
#666 = VECTOR ( 'NONE', #10, 1000.000000000000000 ) ;
#667 = ADVANCED_FACE ( 'NONE', ( #2582, #2530 ), #1425, .T. ) ;
#668 = VECTOR ( 'NONE', #3040, 1000.000000000000000 ) ;
#669 = ORIENTED_EDGE ( 'NONE', *, *, #1659, .F. ) ;
#670 = CARTESIAN_POINT ( 'NONE',  ( 1.425103541233990079, -1.325636372652100103, 0.9504513057678951604 ) ) ;
#671 = VECTOR ( 'NONE', #2543, 1000.000000000000000 ) ;
#672 = ORIENTED_EDGE ( 'NONE', *, *, #3281, .F. ) ;
#673 = VECTOR ( 'NONE', #2203, 1000.000000000000000 ) ;
#674 = CARTESIAN_POINT ( 'NONE',  ( -1.420292598699889330, -1.519744788236716104, 0.04999999999999985706 ) ) ;
#675 = CARTESIAN_POINT ( 'NONE',  ( -1.136588571697190631, 1.040253268425466171, 0.9899999999999999911 ) ) ;
#676 = ORIENTED_EDGE ( 'NONE', *, *, #1079, .F. ) ;
#677 = DIRECTION ( 'NONE',  ( 1.000000000000000000, 0.0000000000000000000, 0.0000000000000000000 ) ) ;
#678 = EDGE_LOOP ( 'NONE', ( #1317, #2247, #1763, #697, #3142, #1888 ) ) ;
#679 = SURFACE_STYLE_FILL_AREA ( #360 ) ;
#680 = ORIENTED_EDGE ( 'NONE', *, *, #3601, .F. ) ;
#681 =( LENGTH_UNIT ( ) NAMED_UNIT ( * ) SI_UNIT ( .MILLI., .METRE. ) );
#682 = CARTESIAN_POINT ( 'NONE',  ( 0.0000000000000000000, 0.1749999999999999889, 0.03000000000000000236 ) ) ;
#683 = DIRECTION ( 'NONE',  ( -0.0000000000000000000, 1.000000000000000000, 0.0000000000000000000 ) ) ;
#684 = LINE ( 'NONE', #2109, #2264 ) ;
#685 = EDGE_CURVE ( 'NONE', #157, #995, #2385, .T. ) ;
#686 = ADVANCED_FACE ( 'NONE', ( #1555 ), #2652, .T. ) ;
#687 = ORIENTED_EDGE ( 'NONE', *, *, #1228, .F. ) ;
#688 = ORIENTED_EDGE ( 'NONE', *, *, #3513, .F. ) ;
#689 = CARTESIAN_POINT ( 'NONE',  ( 1.219999999999999973, 0.2449999999999999956, 0.03000000000000000930 ) ) ;
#690 =( NAMED_UNIT ( * ) SI_UNIT ( $, .STERADIAN. ) SOLID_ANGLE_UNIT ( ) );
#691 = ORIENTED_EDGE ( 'NONE', *, *, #149, .F. ) ;
#692 = CARTESIAN_POINT ( 'NONE',  ( -1.649999999999999911, -1.125000000000000222, 0.3099999999999999978 ) ) ;
#693 = VERTEX_POINT ( 'NONE', #3168 ) ;
#694 = VECTOR ( 'NONE', #2922, 1000.000000000000000 ) ;
#695 = CARTESIAN_POINT ( 'NONE',  ( 1.649999999999999911, 0.8249999999999999556, 0.05000000000000002359 ) ) ;
#696 = SURFACE_SIDE_STYLE ('',( #679 ) ) ;
#697 = ORIENTED_EDGE ( 'NONE', *, *, #3114, .F. ) ;
#698 = LINE ( 'NONE', #2342, #738 ) ;
#699 = CARTESIAN_POINT ( 'NONE',  ( 1.492417687067639998, 0.8250000000000001776, 0.3100000000000000533 ) ) ;
#700 = UNCERTAINTY_MEASURE_WITH_UNIT (LENGTH_MEASURE( 1.000000000000000082E-05 ), #1864, 'distance_accuracy_value', 'NONE');
#701 =( GEOMETRIC_REPRESENTATION_CONTEXT ( 3 ) GLOBAL_UNCERTAINTY_ASSIGNED_CONTEXT ( ( #3026 ) ) GLOBAL_UNIT_ASSIGNED_CONTEXT ( ( #903, #1540, #690 ) ) REPRESENTATION_CONTEXT ( 'NONE', 'WORKASPACE' ) );
#702 = ORIENTED_EDGE ( 'NONE', *, *, #481, .F. ) ;
#703 = CARTESIAN_POINT ( 'NONE',  ( 1.524999999999999911, 1.524999999999999911, 0.0000000000000000000 ) ) ;
#704 = VERTEX_POINT ( 'NONE', #403 ) ;
#705 = VECTOR ( 'NONE', #359, 1000.000000000000000 ) ;
#706 = ADVANCED_FACE ( 'NONE', ( #1767 ), #1791, .T. ) ;
#707 = EDGE_CURVE ( 'NONE', #1121, #1736, #2399, .T. ) ;
#708 = CARTESIAN_POINT ( 'NONE',  ( 1.219999999999999973, 0.1749999999999999889, 0.3099999999999999978 ) ) ;
#709 = DIRECTION ( 'NONE',  ( 0.0000000000000000000, 0.0000000000000000000, 1.000000000000000000 ) ) ;
#710 = VERTEX_POINT ( 'NONE', #132 ) ;
#711 = CARTESIAN_POINT ( 'NONE',  ( -1.146581908037177744, 1.289222640211175497, 0.9982635181726939866 ) ) ;
#712 = EDGE_LOOP ( 'NONE', ( #1034, #306, #2655, #3273 ) ) ;
#713 = EDGE_CURVE ( 'NONE', #927, #1911, #1253, .T. ) ;
#714 = DIRECTION ( 'NONE',  ( 0.0000000000000000000, -0.9945218953682732899, 0.1045284632676540398 ) ) ;
#715 = DIRECTION ( 'NONE',  ( 0.0000000000000000000, -0.0000000000000000000, 1.000000000000000000 ) ) ;
#716 = ORIENTED_EDGE ( 'NONE', *, *, #1799, .F. ) ;
#717 = CARTESIAN_POINT ( 'NONE',  ( 1.334400156505749946, 1.414778147932399976, 1.040000000000020020 ) ) ;
#718 =( LENGTH_UNIT ( ) NAMED_UNIT ( * ) SI_UNIT ( .MILLI., .METRE. ) );
#719 = FACE_OUTER_BOUND ( 'NONE', #468, .T. ) ;
#720 = STYLED_ITEM ( 'NONE', ( #1410 ), #667 ) ;
#721 = FACE_OUTER_BOUND ( 'NONE', #2663, .T. ) ;
#722 = STYLED_ITEM ( 'NONE', ( #2302 ), #1990 ) ;
#723 = CLOSED_SHELL ( 'NONE', ( #2164, #2407, #3209, #667, #2208, #1391, #1161, #2830, #877, #3398, #2538, #2750, #2084, #2717, #1122, #1990, #1520, #2559, #2496, #323, #3581, #1718, #3160, #2856, #3465, #2042, #1614, #1205, #175, #3227, #982, #786, #2986, #1254, #2036, #2111, #1925, #2008, #762, #2060, #686, #739, #2625, #3530, #3605, #482, #1574, #2334, #2009, #1078, #706, #3331, #944, #445, #2646, #1052, #220, #3355, #3439, #1519, #831, #3077, #1344, #1500, #341, #85, #1766, #2402, #532, #939, #3162, #3166, #511, #2274, #3630, #1748, #2574, #3058, #3645, #2785, #1949, #1660, #1900, #2421, #2215, #639, #3287, #2690, #2459, #3622, #1164, #1180, #857, #920, #1456, #285, #463 ) ) ;
#724 = ORIENTED_EDGE ( 'NONE', *, *, #40, .T. ) ;
#725 =( NAMED_UNIT ( * ) SI_UNIT ( $, .STERADIAN. ) SOLID_ANGLE_UNIT ( ) );
#726 = ORIENTED_EDGE ( 'NONE', *, *, #1794, .F. ) ;
#727 = VECTOR ( 'NONE', #778, 1000.000000000000000 ) ;
#728 = PLANE ( 'NONE',  #855 ) ;
#729 = VECTOR ( 'NONE', #1105, 1000.000000000000000 ) ;
#730 = CARTESIAN_POINT ( 'NONE',  ( 1.219999999999999973, 0.1749999999999999889, 0.3099999999999999978 ) ) ;
#731 = ORIENTED_EDGE ( 'NONE', *, *, #600, .T. ) ;
#732 = PLANE ( 'NONE',  #2085 ) ;
#733 = VERTEX_POINT ( 'NONE', #2876 ) ;
#734 = EDGE_CURVE ( 'NONE', #934, #2724, #3224, .T. ) ;
#735 = AXIS2_PLACEMENT_3D ( 'NONE', #124, #2321, #2628 ) ;
#736 = AXIS2_PLACEMENT_3D ( 'NONE', #1086, #1320, #1613 ) ;
#737 = PRESENTATION_STYLE_ASSIGNMENT (( #3260 ) ) ;
#738 = VECTOR ( 'NONE', #2105, 1000.000000000000000 ) ;
#739 = ADVANCED_FACE ( 'NONE', ( #1217 ), #2343, .T. ) ;
#740 = VERTEX_POINT ( 'NONE', #3041 ) ;
#741 = CARTESIAN_POINT ( 'NONE',  ( -1.420292598699890441, 1.519744788236716104, 0.04999999999999975991 ) ) ;
#742 = EDGE_CURVE ( 'NONE', #1050, #2615, #2734, .T. ) ;
#743 = DIRECTION ( 'NONE',  ( -0.0000000000000000000, 0.0000000000000000000, -1.000000000000000000 ) ) ;
#744 = PLANE ( 'NONE',  #605 ) ;
#745 = LINE ( 'NONE', #2441, #3552 ) ;
#746 = UNCERTAINTY_MEASURE_WITH_UNIT (LENGTH_MEASURE( 1.000000000000000082E-05 ), #1715, 'distance_accuracy_value', 'NONE');
#747 =( BOUNDED_SURFACE ( )  B_SPLINE_SURFACE ( 3, 3, ( 
 ( #2572, #3357, #1125, #2298 ),
 ( #3393, #817, #3371, #1933 ),
 ( #1656, #873, #3055, #529 ),
 ( #2805, #1384, #852, #833 ) ),
 .UNSPECIFIED., .F., .F., .T. ) 
 B_SPLINE_SURFACE_WITH_KNOTS ( ( 4, 4 ),
 ( 4, 4 ),
 ( 0.0000000000000000000, 1.000000000000000000 ),
 ( 0.0000000000000000000, 1.000000000000000000 ),
 .UNSPECIFIED. ) 
 GEOMETRIC_REPRESENTATION_ITEM ( )  RATIONAL_B_SPLINE_SURFACE ( (
 ( 1.000000000000000000, 0.3333333333333334259, 0.3333333333333334259, 1.000000000000000000),
 ( 0.8440296287459450042, 0.2813432095819817236, 0.2813432095819817236, 0.8440296287459450042),
 ( 0.8440296287459450042, 0.2813432095819817236, 0.2813432095819817236, 0.8440296287459450042),
 ( 1.000000000000000000, 0.3333333333333334259, 0.3333333333333334259, 1.000000000000000000) ) ) 
 REPRESENTATION_ITEM ( '' )  SURFACE ( )  );
#748 = DIRECTION ( 'NONE',  ( -0.0000000000000000000, -1.000000000000000000, 0.0000000000000000000 ) ) ;
#749 = DIRECTION ( 'NONE',  ( -1.000000000000000000, 0.0000000000000000000, 0.0000000000000000000 ) ) ;
#750 = DIRECTION ( 'NONE',  ( 0.0000000000000000000, 0.9945218953682732899, 0.1045284632676540398 ) ) ;
#751 = ORIENTED_EDGE ( 'NONE', *, *, #3354, .F. ) ;
#752 = FACE_OUTER_BOUND ( 'NONE', #1890, .T. ) ;
#753 = ORIENTED_EDGE ( 'NONE', *, *, #3102, .F. ) ;
#754 = DIRECTION ( 'NONE',  ( 0.0000000000000000000, 0.0000000000000000000, -1.000000000000000000 ) ) ;
#755 = ORIENTED_EDGE ( 'NONE', *, *, #3079, .F. ) ;
#756 = CARTESIAN_POINT ( 'NONE',  ( -1.351508147351714761, 1.424820862162577972, 0.9531408280950383061 ) ) ;
#757 =( LENGTH_UNIT ( ) NAMED_UNIT ( * ) SI_UNIT ( .MILLI., .METRE. ) );
#758 = ORIENTED_EDGE ( 'NONE', *, *, #1365, .F. ) ;
#759 = CARTESIAN_POINT ( 'NONE',  ( -0.07500000000000020539, -1.649999999999999911, 0.03000000000000002318 ) ) ;
#760 = LINE ( 'NONE', #1041, #1795 ) ;
#761 = EDGE_CURVE ( 'NONE', #3136, #1616, #763, .T. ) ;
#762 = ADVANCED_FACE ( 'NONE', ( #719 ), #744, .F. ) ;
#763 = LINE ( 'NONE', #2169, #2205 ) ;
#764 = CARTESIAN_POINT ( 'NONE',  ( -0.3250000000000008438, 1.524999999999999911, 0.0000000000000000000 ) ) ;
#765 = CARTESIAN_POINT ( 'NONE',  ( -1.219999999999999973, -1.125000000000000222, 0.03000000000000002318 ) ) ;
#766 = CARTESIAN_POINT ( 'NONE',  ( -1.478681396979908191, -1.519744788236715882, 0.05000000000000003053 ) ) ;
#767 = ORIENTED_EDGE ( 'NONE', *, *, #2090, .F. ) ;
#768 = AXIS2_PLACEMENT_3D ( 'NONE', #1265, #1836, #2682 ) ;
#769 = DIRECTION ( 'NONE',  ( 0.0000000000000000000, 1.000000000000000000, 0.0000000000000000000 ) ) ;
#770 = ORIENTED_EDGE ( 'NONE', *, *, #1818, .F. ) ;
#771 = CARTESIAN_POINT ( 'NONE',  ( -1.145700273111778245, 1.287459370360377164, 0.9932635181990742135 ) ) ;
#772 = ORIENTED_EDGE ( 'NONE', *, *, #2829, .F. ) ;
#773 = VECTOR ( 'NONE', #3059, 1000.000000000000000 ) ;
#774 = ORIENTED_EDGE ( 'NONE', *, *, #481, .T. ) ;
#775 =( NAMED_UNIT ( * ) SI_UNIT ( $, .STERADIAN. ) SOLID_ANGLE_UNIT ( ) );
#776 = B_SPLINE_CURVE_WITH_KNOTS ( 'NONE', 3,
 ( #1959, #1335, #2465, #3365, #826, #541, #3587, #3608, #1645, #505 ),
 .UNSPECIFIED., .F., .F.,
 ( 4, 2, 2, 2, 4 ),
 ( 0.0000000000000000000, 0.1250000000000000000, 0.2500000000000000000, 0.3750000000000000000, 0.5000000000000000000 ),
 .UNSPECIFIED. ) ;
#777 = ORIENTED_EDGE ( 'NONE', *, *, #2621, .F. ) ;
#778 = DIRECTION ( 'NONE',  ( 1.000000000000000000, -3.872871016134269937E-16, -0.0000000000000000000 ) ) ;
#779 = CARTESIAN_POINT ( 'NONE',  ( 0.0000000000000000000, 0.0000000000000000000, 0.3099999999999999978 ) ) ;
#780 =( NAMED_UNIT ( * ) PLANE_ANGLE_UNIT ( ) SI_UNIT ( $, .RADIAN. ) );
#781 = DIRECTION ( 'NONE',  ( 0.0000000000000000000, 0.0000000000000000000, -1.000000000000000000 ) ) ;
#782 = EDGE_CURVE ( 'NONE', #934, #526, #3583, .T. ) ;
#783 = STYLED_ITEM ( 'NONE', ( #1307 ), #739 ) ;
#784 =( NAMED_UNIT ( * ) PLANE_ANGLE_UNIT ( ) SI_UNIT ( $, .RADIAN. ) );
#785 = ORIENTED_EDGE ( 'NONE', *, *, #2563, .F. ) ;
#786 = ADVANCED_FACE ( 'NONE', ( #2988 ), #246, .T. ) ;
#787 = CIRCLE ( 'NONE', #661, 0.09999999999999993616 ) ;
#788 = DIRECTION ( 'NONE',  ( -0.0000000000000000000, -1.000000000000000000, -0.0000000000000000000 ) ) ;
#789 = VECTOR ( 'NONE', #350, 1000.000000000000114 ) ;
#790 = ORIENTED_EDGE ( 'NONE', *, *, #3330, .T. ) ;
#791 = DIRECTION ( 'NONE',  ( -0.0000000000000000000, 1.000000000000000000, 0.0000000000000000000 ) ) ;
#792 = ORIENTED_EDGE ( 'NONE', *, *, #878, .T. ) ;
#793 = VECTOR ( 'NONE', #1480, 1000.000000000000000 ) ;
#794 = AXIS2_PLACEMENT_3D ( 'NONE', #2812, #2260, #1373 ) ;
#795 = LINE ( 'NONE', #471, #1651 ) ;
#796 = LINE ( 'NONE', #2163, #436 ) ;
#797 = STYLED_ITEM ( 'NONE', ( #2486 ), #2164 ) ;
#798 = ORIENTED_EDGE ( 'NONE', *, *, #3644, .F. ) ;
#799 =( NAMED_UNIT ( * ) SI_UNIT ( $, .STERADIAN. ) SOLID_ANGLE_UNIT ( ) );
#800 = LINE ( 'NONE', #1330, #3627 ) ;
#801 = VECTOR ( 'NONE', #1580, 1000.000000000000000 ) ;
#802 = STYLED_ITEM ( 'NONE', ( #2304 ), #3398 ) ;
#803 =( LENGTH_UNIT ( ) NAMED_UNIT ( * ) SI_UNIT ( .MILLI., .METRE. ) );
#804 = CARTESIAN_POINT ( 'NONE',  ( -0.04100000000000020295, -1.149999999999999911, 0.03000000000000002318 ) ) ;
#805 = CARTESIAN_POINT ( 'NONE',  ( 1.649999999999999911, 0.8249999999999999556, 0.3099999999999999978 ) ) ;
#806 = CARTESIAN_POINT ( 'NONE',  ( 1.425103401607888065, 1.325651190699960402, 0.9504528485321893649 ) ) ;
#807 = SURFACE_STYLE_USAGE ( .BOTH. , #1643 ) ;
#808 = CARTESIAN_POINT ( 'NONE',  ( 1.425103380434535438, -1.325651190893910147, 0.9504528463271652017 ) ) ;
#809 = ORIENTED_EDGE ( 'NONE', *, *, #1544, .F. ) ;
#810 = CARTESIAN_POINT ( 'NONE',  ( 1.649999999999999911, -0.1750000000000000167, 0.03000000000000000930 ) ) ;
#811 = EDGE_CURVE ( 'NONE', #98, #2034, #1366, .T. ) ;
#812 = EDGE_CURVE ( 'NONE', #2137, #2944, #3075, .T. ) ;
#813 = ORIENTED_EDGE ( 'NONE', *, *, #1396, .T. ) ;
#814 = CARTESIAN_POINT ( 'NONE',  ( 1.524999999999999911, -0.1749999999999996003, 0.0000000000000000000 ) ) ;
#815 = ORIENTED_EDGE ( 'NONE', *, *, #734, .F. ) ;
#816 =( LENGTH_UNIT ( ) NAMED_UNIT ( * ) SI_UNIT ( .MILLI., .METRE. ) );
#817 = CARTESIAN_POINT ( 'NONE',  ( -0.8545166221779858517, 1.302790283233568713, 1.036736481776671326 ) ) ;
#818 = VERTEX_POINT ( 'NONE', #309 ) ;
#819 = PLANE ( 'NONE',  #95 ) ;
#820 = LINE ( 'NONE', #1936, #773 ) ;
#821 = CARTESIAN_POINT ( 'NONE',  ( 1.420292598699889330, 1.519744788236716104, 0.04999999999999985706 ) ) ;
#822 = CARTESIAN_POINT ( 'NONE',  ( -0.3590000000000001523, -1.150000000000000133, 0.03000000000000002318 ) ) ;
#823 = LINE ( 'NONE', #2420, #304 ) ;
#824 = DIRECTION ( 'NONE',  ( -0.0000000000000000000, 0.0000000000000000000, -1.000000000000000000 ) ) ;
#825 = DIRECTION ( 'NONE',  ( -9.951896710066409127E-16, 1.000000000000000000, 0.0000000000000000000 ) ) ;
#826 = CARTESIAN_POINT ( 'NONE',  ( -0.9605601597803216096, 0.8456956310596502879, 1.040000000000000036 ) ) ;
#827 = CARTESIAN_POINT ( 'NONE',  ( -0.04100000000000020295, -1.054999999999999938, 0.3099999999999999978 ) ) ;
#828 = ORIENTED_EDGE ( 'NONE', *, *, #439, .T. ) ;
#829 = DIRECTION ( 'NONE',  ( 1.000000000000000000, 0.0000000000000000000, 0.0000000000000000000 ) ) ;
#830 = ORIENTED_EDGE ( 'NONE', *, *, #1812, .F. ) ;
#831 = ADVANCED_FACE ( 'NONE', ( #3375 ), #555, .T. ) ;
#832 = CARTESIAN_POINT ( 'NONE',  ( 1.649999999999999911, 0.1749999999999999889, 0.3099999999999999978 ) ) ;
#833 = CARTESIAN_POINT ( 'NONE',  ( -1.162332172174956213, 1.003941175863179991, 1.040000000000000036 ) ) ;
#834 = VECTOR ( 'NONE', #1188, 1000.000000000000000 ) ;
#835 = ORIENTED_EDGE ( 'NONE', *, *, #2427, .T. ) ;
#836 = CARTESIAN_POINT ( 'NONE',  ( -1.003941175863179991, 1.003941175863179991, 0.9982635181700061366 ) ) ;
#837 = EDGE_CURVE ( 'NONE', #1578, #1244, #1423, .T. ) ;
#838 = AXIS2_PLACEMENT_3D ( 'NONE', #1430, #2235, #829 ) ;
#839 = DIRECTION ( 'NONE',  ( -1.000000000000000000, 0.0000000000000000000, 0.0000000000000000000 ) ) ;
#840 =( NAMED_UNIT ( * ) SI_UNIT ( $, .STERADIAN. ) SOLID_ANGLE_UNIT ( ) );
#841 = CARTESIAN_POINT ( 'NONE',  ( -1.519744788236716104, 0.1749999999999995171, 0.04999999999999972522 ) ) ;
#842 = FACE_OUTER_BOUND ( 'NONE', #1543, .T. ) ;
#843 = FILL_AREA_STYLE ('',( #2212 ) ) ;
#844 = DIRECTION ( 'NONE',  ( 0.0000000000000000000, 0.0000000000000000000, -1.000000000000000000 ) ) ;
#845 = DIRECTION ( 'NONE',  ( -0.0000000000000000000, -1.000000000000000000, -0.0000000000000000000 ) ) ;
#846 = VECTOR ( 'NONE', #3486, 1000.000000000000000 ) ;
#847 = ORIENTED_EDGE ( 'NONE', *, *, #3349, .F. ) ;
#848 = DIRECTION ( 'NONE',  ( -0.0000000000000000000, -1.000000000000000000, 0.0000000000000000000 ) ) ;
#849 = ORIENTED_EDGE ( 'NONE', *, *, #3601, .T. ) ;
#850 = VECTOR ( 'NONE', #2618, 1000.000000000000000 ) ;
#851 = LINE ( 'NONE', #3093, #2245 ) ;
#852 = CARTESIAN_POINT ( 'NONE',  ( -1.162332172174956213, 1.320723168486732435, 1.040000000000000036 ) ) ;
#854 = ORIENTED_EDGE ( 'NONE', *, *, #3372, .T. ) ;
#853 = AXIS2_PLACEMENT_3D ( 'NONE', #2676, #3211, #1771 ) ;
#855 = AXIS2_PLACEMENT_3D ( 'NONE', #2639, #377, #3517 ) ;
#856 = LINE ( 'NONE', #1128, #1782 ) ;
#857 = ADVANCED_FACE ( 'NONE', ( #2807 ), #38, .T. ) ;
#858 = EDGE_CURVE ( 'NONE', #1839, #2411, #856, .T. ) ;
#859 = CARTESIAN_POINT ( 'NONE',  ( 1.239999999999999991, 0.4749999999999999778, 0.3099999999999999978 ) ) ;
#860 = AXIS2_PLACEMENT_3D ( 'NONE', #3584, #781, #1059 ) ;
#861 = FILL_AREA_STYLE ('',( #1116 ) ) ;
#862 = STYLED_ITEM ( 'NONE', ( #2053 ), #3596 ) ;
#863 = CARTESIAN_POINT ( 'NONE',  ( -1.519744788236716104, -1.125000000000001110, 0.04999999999999972522 ) ) ;
#864 = B_SPLINE_CURVE_WITH_KNOTS ( 'NONE', 3,
 ( #380, #2337, #2372, #3464, #1470, #2352, #72, #2887, #1486, #2072 ),
 .UNSPECIFIED., .F., .F.,
 ( 4, 2, 2, 2, 4 ),
 ( 0.5000000000000000000, 0.6250000000000000000, 0.7500000000000000000, 0.8750000000000000000, 1.000000000000000000 ),
 .UNSPECIFIED. ) ;
#865 = DIRECTION ( 'NONE',  ( -1.000000000000000000, 0.0000000000000000000, -0.0000000000000000000 ) ) ;
#866 = SURFACE_STYLE_USAGE ( .BOTH. , #1923 ) ;
#867 = AXIS2_PLACEMENT_3D ( 'NONE', #836, #2905, #553 ) ;
#868 = DIRECTION ( 'NONE',  ( -1.000000000000000000, 3.872871016134269937E-16, 0.0000000000000000000 ) ) ;
#869 = ORIENTED_EDGE ( 'NONE', *, *, #1415, .F. ) ;
#870 = EDGE_LOOP ( 'NONE', ( #3353, #160, #672, #1137 ) ) ;
#871 =( BOUNDED_SURFACE ( )  B_SPLINE_SURFACE ( 3, 3, ( 
 ( #992, #1049, #711, #2179 ),
 ( #3297, #434, #771, #1338 ),
 ( #2119, #1889, #1568, #3014 ),
 ( #489, #2468, #3590, #2196 ) ),
 .UNSPECIFIED., .F., .F., .T. ) 
 B_SPLINE_SURFACE_WITH_KNOTS ( ( 4, 4 ),
 ( 4, 4 ),
 ( 0.0000000000000000000, 1.000000000000000000 ),
 ( 0.0000000000000000000, 1.000000000000000000 ),
 .UNSPECIFIED. ) 
 GEOMETRIC_REPRESENTATION_ITEM ( )  RATIONAL_B_SPLINE_SURFACE ( (
 ( 1.000000000000000000, 0.3333333333333334259, 0.3333333333333334259, 1.000000000000000000),
 ( 0.8440296298477454329, 0.2813432099492485516, 0.2813432099492485516, 0.8440296298477454329),
 ( 0.8440296298477454329, 0.2813432099492485516, 0.2813432099492485516, 0.8440296298477454329),
 ( 1.000000000000000000, 0.3333333333333334259, 0.3333333333333334259, 1.000000000000000000) ) ) 
 REPRESENTATION_ITEM ( '' )  SURFACE ( )  );
#872 = ORIENTED_EDGE ( 'NONE', *, *, #219, .T. ) ;
#873 = CARTESIAN_POINT ( 'NONE',  ( -0.8506273126108334637, 1.310568902367873267, 1.040000000000001590 ) ) ;
#874 = LINE ( 'NONE', #1984, #3420 ) ;
#875 =( NAMED_UNIT ( * ) PLANE_ANGLE_UNIT ( ) SI_UNIT ( $, .RADIAN. ) );
#876 = DIRECTION ( 'NONE',  ( 0.0000000000000000000, 0.0000000000000000000, -1.000000000000000000 ) ) ;
#877 = ADVANCED_FACE ( 'NONE', ( #1658 ), #1146, .T. ) ;
#878 = EDGE_CURVE ( 'NONE', #1579, #710, #3410, .T. ) ;
#879 = LINE ( 'NONE', #1663, #1712 ) ;
#880 = EDGE_CURVE ( 'NONE', #1550, #125, #874, .T. ) ;
#881 = DIRECTION ( 'NONE',  ( 0.0000000000000000000, 0.0000000000000000000, -1.000000000000000000 ) ) ;
#882 = ORIENTED_EDGE ( 'NONE', *, *, #1036, .F. ) ;
#883 = CARTESIAN_POINT ( 'NONE',  ( -0.8613004436891827931, 1.003941175863179769, 0.9982635181726938756 ) ) ;
#884 = VERTEX_POINT ( 'NONE', #888 ) ;
#885 = PRESENTATION_STYLE_ASSIGNMENT (( #3391 ) ) ;
#886 = VERTEX_POINT ( 'NONE', #2000 ) ;
#887 = VECTOR ( 'NONE', #2016, 1000.000000000000000 ) ;
#888 = CARTESIAN_POINT ( 'NONE',  ( -0.04100000000000035560, 1.149999999999999911, 0.03000000000000002318 ) ) ;
#889 = CARTESIAN_POINT ( 'NONE',  ( -1.348234401476100075, 1.425021631517040088, 0.9528178452477920057 ) ) ;
#890 = ORIENTED_EDGE ( 'NONE', *, *, #3529, .F. ) ;
#891 = LINE ( 'NONE', #3126, #1321 ) ;
#892 = MECHANICAL_DESIGN_GEOMETRIC_PRESENTATION_REPRESENTATION (  '', ( #2728 ), #2356 ) ;
#893 = DIRECTION ( 'NONE',  ( 0.0000000000000000000, 0.0000000000000000000, 1.000000000000000000 ) ) ;
#894 = CARTESIAN_POINT ( 'NONE',  ( -0.3589999999999999858, 1.149999999999999911, 0.02999999999999991562 ) ) ;
#895 = EDGE_CURVE ( 'NONE', #317, #2650, #587, .T. ) ;
#896 = EDGE_CURVE ( 'NONE', #1281, #1772, #3124, .T. ) ;
#897 = CARTESIAN_POINT ( 'NONE',  ( -0.3250000000000000666, -1.649999999999999911, 0.3099999999999999978 ) ) ;
#898 = EDGE_CURVE ( 'NONE', #2178, #2720, #2857, .T. ) ;
#899 = EDGE_CURVE ( 'NONE', #2389, #1668, #820, .T. ) ;
#900 = ORIENTED_EDGE ( 'NONE', *, *, #1901, .T. ) ;
#901 = SURFACE_SIDE_STYLE ('',( #2052 ) ) ;
#902 = COLOUR_RGB ( '',0.1529411764705882470, 0.1529411764705882470, 0.1529411764705882470 ) ;
#903 =( LENGTH_UNIT ( ) NAMED_UNIT ( * ) SI_UNIT ( .MILLI., .METRE. ) );
#904 = ORIENTED_EDGE ( 'NONE', *, *, #2829, .T. ) ;
#905 = CARTESIAN_POINT ( 'NONE',  ( -0.8711485212103730058, 0.9670620575223416449, 0.9899999999999999911 ) ) ;
#906 = ORIENTED_EDGE ( 'NONE', *, *, #1793, .T. ) ;
#907 = LINE ( 'NONE', #3503, #1359 ) ;
#908 = VECTOR ( 'NONE', #426, 1000.000000000000000 ) ;
#909 = CARTESIAN_POINT ( 'NONE',  ( -1.380546859971810036, 1.412965427462679946, 0.9549468633801979633 ) ) ;
#910 = ORIENTED_EDGE ( 'NONE', *, *, #2665, .F. ) ;
#911 = VECTOR ( 'NONE', #3598, 1000.000000000000000 ) ;
#912 = PLANE ( 'NONE',  #2658 ) ;
#913 = DIRECTION ( 'NONE',  ( 1.000000000000000000, 0.0000000000000000000, 0.0000000000000000000 ) ) ;
#914 = CARTESIAN_POINT ( 'NONE',  ( 1.325651190893909925, 1.325651190893909925, 1.040000000000000036 ) ) ;
#915 = CARTESIAN_POINT ( 'NONE',  ( -1.524999999999999911, -0.8250000000000006217, 0.0000000000000000000 ) ) ;
#916 = VECTOR ( 'NONE', #1306, 1000.000000000000000 ) ;
#917 = ORIENTED_EDGE ( 'NONE', *, *, #39, .T. ) ;
#918 = CARTESIAN_POINT ( 'NONE',  ( -1.136733830515987087, 1.003941175863179991, 0.9899999999999999911 ) ) ;
#919 = EDGE_CURVE ( 'NONE', #3056, #42, #1004, .T. ) ;
#920 = ADVANCED_FACE ( 'NONE', ( #1473 ), #419, .T. ) ;
#921 = LINE ( 'NONE', #1505, #2418 ) ;
#922 = ORIENTED_EDGE ( 'NONE', *, *, #3008, .F. ) ;
#923 = DIRECTION ( 'NONE',  ( -0.0000000000000000000, -0.0000000000000000000, -1.000000000000000000 ) ) ;
#924 = EDGE_LOOP ( 'NONE', ( #552, #1065, #758, #1689 ) ) ;
#925 = DIRECTION ( 'NONE',  ( -1.000000000000000000, 0.0000000000000000000, -0.0000000000000000000 ) ) ;
#926 = CARTESIAN_POINT ( 'NONE',  ( -1.492417687067639998, -0.1750000000000010159, 0.3100000000000001088 ) ) ;
#927 = VERTEX_POINT ( 'NONE', #2871 ) ;
#928 = DIRECTION ( 'NONE',  ( 0.0000000000000000000, -0.0000000000000000000, 1.000000000000000000 ) ) ;
#929 = FACE_OUTER_BOUND ( 'NONE', #2271, .T. ) ;
#930 = UNCERTAINTY_MEASURE_WITH_UNIT (LENGTH_MEASURE( 1.000000000000000082E-05 ), #1150, 'distance_accuracy_value', 'NONE');
#931 = CARTESIAN_POINT ( 'NONE',  ( -1.219999999999999973, 0.8249999999999999556, 0.03000000000000002318 ) ) ;
#932 = VERTEX_POINT ( 'NONE', #1762 ) ;
#933 = CARTESIAN_POINT ( 'NONE',  ( 1.414778147932330254, -1.334400156505840096, 1.040000000000020020 ) ) ;
#934 = VERTEX_POINT ( 'NONE', #382 ) ;
#935 = PLANE ( 'NONE',  #2932 ) ;
#936 = CARTESIAN_POINT ( 'NONE',  ( -0.9676290833009016934, 1.136588571697190631, 0.9899999999999999911 ) ) ;
#937 = ORIENTED_EDGE ( 'NONE', *, *, #2895, .F. ) ;
#938 = CARTESIAN_POINT ( 'NONE',  ( -1.136733830515985533, 1.003941175863179991, 0.9899999999999999911 ) ) ;
#939 = ADVANCED_FACE ( 'NONE', ( #1490 ), #1805, .T. ) ;
#940 = ORIENTED_EDGE ( 'NONE', *, *, #2428, .T. ) ;
#941 = EDGE_CURVE ( 'NONE', #449, #2120, #127, .T. ) ;
#942 = DIRECTION ( 'NONE',  ( -1.000000000000000000, 0.0000000000000000000, -0.0000000000000000000 ) ) ;
#943 = ORIENTED_EDGE ( 'NONE', *, *, #60, .F. ) ;
#944 = ADVANCED_FACE ( 'NONE', ( #977 ), #73, .F. ) ;
#945 = FACE_OUTER_BOUND ( 'NONE', #174, .T. ) ;
#946 = VECTOR ( 'NONE', #271, 1000.000000000000000 ) ;
#947 = SURFACE_STYLE_FILL_AREA ( #2129 ) ;
#948 = ORIENTED_EDGE ( 'NONE', *, *, #988, .T. ) ;
#949 = ORIENTED_EDGE ( 'NONE', *, *, #640, .T. ) ;
#950 = LINE ( 'NONE', #1539, #1852 ) ;
#951 = CARTESIAN_POINT ( 'NONE',  ( 1.524999999999999911, 1.519744788236716104, 0.04999999999999968359 ) ) ;
#952 = EDGE_LOOP ( 'NONE', ( #2341, #2025, #495, #1380, #2432, #239, #3368, #2294, #143, #2995, #3531, #2577, #1632, #2946, #2552, #53, #37, #1342, #3074, #338, #1813, #2081, #1780, #1276, #136, #790, #2347, #2831, #490, #2864, #3049, #1213, #17, #3218 ) ) ;
#953 = CARTESIAN_POINT ( 'NONE',  ( -0.9359719679704482376, 0.8843226498760835552, 0.9899999999999999911 ) ) ;
#954 = VERTEX_POINT ( 'NONE', #3467 ) ;
#955 = CARTESIAN_POINT ( 'NONE',  ( -1.219999999999999973, 0.0000000000000000000, 0.05000000000000000278 ) ) ;
#956 = CARTESIAN_POINT ( 'NONE',  ( -0.3250000000000000666, -1.649999999999999911, 0.3099999999999999978 ) ) ;
#957 = ORIENTED_EDGE ( 'NONE', *, *, #2694, .F. ) ;
#958 = FILL_AREA_STYLE ('',( #3525 ) ) ;
#959 = VECTOR ( 'NONE', #2788, 1000.000000000000000 ) ;
#960 = EDGE_CURVE ( 'NONE', #2720, #2336, #2077, .T. ) ;
#961 =( NAMED_UNIT ( * ) PLANE_ANGLE_UNIT ( ) SI_UNIT ( $, .RADIAN. ) );
#962 = CARTESIAN_POINT ( 'NONE',  ( 1.492417687067639998, -1.125000000000000222, 0.3100000000000000533 ) ) ;
#963 = VECTOR ( 'NONE', #2964, 1000.000000000000114 ) ;
#964 = AXIS2_PLACEMENT_3D ( 'NONE', #3606, #3063, #749 ) ;
#965 =( GEOMETRIC_REPRESENTATION_CONTEXT ( 3 ) GLOBAL_UNCERTAINTY_ASSIGNED_CONTEXT ( ( #2693 ) ) GLOBAL_UNIT_ASSIGNED_CONTEXT ( ( #2279, #1682, #9 ) ) REPRESENTATION_CONTEXT ( 'NONE', 'WORKASPACE' ) );
#966 = CARTESIAN_POINT ( 'NONE',  ( 1.219999999999999973, 1.125000000000000222, 0.05000000000000000278 ) ) ;
#967 = VECTOR ( 'NONE', #3282, 1000.000000000000000 ) ;
#968 = VERTEX_POINT ( 'NONE', #1527 ) ;
#969 = SURFACE_STYLE_FILL_AREA ( #3213 ) ;
#970 = CIRCLE ( 'NONE', #1261, 0.1000000000000000472 ) ;
#971 = ORIENTED_EDGE ( 'NONE', *, *, #2769, .F. ) ;
#972 = CARTESIAN_POINT ( 'NONE',  ( 1.519744788236715882, -1.478681396979908191, 0.05000000000000003053 ) ) ;
#973 = LINE ( 'NONE', #1777, #1233 ) ;
#974 = ORIENTED_EDGE ( 'NONE', *, *, #3215, .T. ) ;
#975 = LINE ( 'NONE', #2099, #2671 ) ;
#976 = EDGE_LOOP ( 'NONE', ( #3611, #2472, #1315, #2359 ) ) ;
#977 = FACE_OUTER_BOUND ( 'NONE', #1458, .T. ) ;
#978 = CARTESIAN_POINT ( 'NONE',  ( -1.649999999999999689, -0.8249999999999998446, 0.03000000000000001277 ) ) ;
#979 = CARTESIAN_POINT ( 'NONE',  ( 1.325651190893909925, 1.325651190893909925, 1.040000000000010028 ) ) ;
#980 = DIRECTION ( 'NONE',  ( -0.0000000000000000000, -0.0000000000000000000, -1.000000000000000000 ) ) ;
#981 = DIRECTION ( 'NONE',  ( 1.000000000000000000, 0.0000000000000000000, 0.0000000000000000000 ) ) ;
#982 = ADVANCED_FACE ( 'NONE', ( #3452 ), #1214, .T. ) ;
#983 = EDGE_CURVE ( 'NONE', #704, #3479, #1546, .T. ) ;
#984 = DIRECTION ( 'NONE',  ( 0.0000000000000000000, 0.0000000000000000000, 1.000000000000000000 ) ) ;
#985 = ORIENTED_EDGE ( 'NONE', *, *, #2769, .T. ) ;
#986 = LINE ( 'NONE', #1277, #1670 ) ;
#987 = ORIENTED_EDGE ( 'NONE', *, *, #105, .F. ) ;
#988 = EDGE_CURVE ( 'NONE', #2650, #2796, #3163, .T. ) ;
#989 = CARTESIAN_POINT ( 'NONE',  ( 1.478681396979909302, -1.519744788236714994, 0.05000000000000003053 ) ) ;
#990 = CARTESIAN_POINT ( 'NONE',  ( -0.04100000000000020295, 1.059358363155489924, 0.3099999999999999978 ) ) ;
#991 = ORIENTED_EDGE ( 'NONE', *, *, #1970, .T. ) ;
#992 = CARTESIAN_POINT ( 'NONE',  ( -0.8613004436891825710, 1.003941175863179991, 0.9982635181726938756 ) ) ;
#993 = ORIENTED_EDGE ( 'NONE', *, *, #3258, .T. ) ;
#994 = DIRECTION ( 'NONE',  ( -0.0000000000000000000, -1.000000000000000000, 0.0000000000000000000 ) ) ;
#995 = VERTEX_POINT ( 'NONE', #3482 ) ;
#996 =( NAMED_UNIT ( * ) SI_UNIT ( $, .STERADIAN. ) SOLID_ANGLE_UNIT ( ) );
#997 = SURFACE_SIDE_STYLE ('',( #2083 ) ) ;
#998 = LINE ( 'NONE', #2127, #1554 ) ;
#999 = UNCERTAINTY_MEASURE_WITH_UNIT (LENGTH_MEASURE( 1.000000000000000082E-05 ), #1367, 'distance_accuracy_value', 'NONE');
#1000 = EDGE_CURVE ( 'NONE', #1894, #818, #2664, .T. ) ;
#1001 = CIRCLE ( 'NONE', #2709, 0.1000000000000000472 ) ;
#1002 = EDGE_LOOP ( 'NONE', ( #1944, #2936, #2322, #2525 ) ) ;
#1003 = CARTESIAN_POINT ( 'NONE',  ( -1.325651190893909925, 0.0000000000000000000, 1.040000000000000036 ) ) ;
#1004 = CIRCLE ( 'NONE', #1068, 0.1426407321892398661 ) ;
#1005 = FACE_OUTER_BOUND ( 'NONE', #2925, .T. ) ;
#1006 = EDGE_CURVE ( 'NONE', #2813, #1850, #2648, .T. ) ;
#1007 = EDGE_CURVE ( 'NONE', #125, #2569, #907, .T. ) ;
#1008 = DIRECTION ( 'NONE',  ( 0.0000000000000000000, -0.0000000000000000000, 1.000000000000000000 ) ) ;
#1009 = ORIENTED_EDGE ( 'NONE', *, *, #2894, .F. ) ;
#1010 = CARTESIAN_POINT ( 'NONE',  ( -1.649999999999999911, 0.0000000000000000000, 0.3099999999999999978 ) ) ;
#1011 = ORIENTED_EDGE ( 'NONE', *, *, #39, .F. ) ;
#1012 = DIRECTION ( 'NONE',  ( 0.0000000000000000000, -0.1045284632676540398, -0.9945218953682732899 ) ) ;
#1013 = CARTESIAN_POINT ( 'NONE',  ( -0.8553982571015694703, 1.003941175863179991, 1.031736481593270582 ) ) ;
#1014 = EDGE_LOOP ( 'NONE', ( #2929, #433, #3321, #1474, #1872, #2098 ) ) ;
#1015 = LINE ( 'NONE', #1862, #2442 ) ;
#1016 = SURFACE_STYLE_USAGE ( .BOTH. , #3322 ) ;
#1017 = DIRECTION ( 'NONE',  ( 0.0000000000000000000, 0.0000000000000000000, -1.000000000000000000 ) ) ;
#1018 = MECHANICAL_DESIGN_GEOMETRIC_PRESENTATION_REPRESENTATION (  '', ( #1662 ), #1080 ) ;
#1019 =( NAMED_UNIT ( * ) SI_UNIT ( $, .STERADIAN. ) SOLID_ANGLE_UNIT ( ) );
#1020 =( NAMED_UNIT ( * ) PLANE_ANGLE_UNIT ( ) SI_UNIT ( $, .RADIAN. ) );
#1021 = VECTOR ( 'NONE', #1792, 1000.000000000000114 ) ;
#1022 = CARTESIAN_POINT ( 'NONE',  ( -1.219999999999999973, 0.1749999999999999889, 0.04999999999999996808 ) ) ;
#1023 =( BOUNDED_SURFACE ( )  B_SPLINE_SURFACE ( 3, 2, ( 
 ( #1517, #2623, #1755 ),
 ( #2605, #3459, #87 ),
 ( #3154, #334, #49 ),
 ( #1238, #1482, #2368 ),
 ( #2882, #3494, #1170 ),
 ( #2295, #933, #352 ),
 ( #1207, #1466, #670 ) ),
 .UNSPECIFIED., .F., .F., .T. ) 
 B_SPLINE_SURFACE_WITH_KNOTS ( ( 4, 1, 1, 1, 4 ),
 ( 3, 3 ),
 ( -9.551411170515729785E-05, 0.4450492744418850233, 0.6285735544942280262, 0.8120978345465710291, 1.000095514218080073 ),
 ( 0.0000000000000000000, 1.000000000000000000 ),
 .UNSPECIFIED. ) 
 GEOMETRIC_REPRESENTATION_ITEM ( )  RATIONAL_B_SPLINE_SURFACE ( (
 ( 1.000000000000000000, 0.7431396860209990018, 1.000000000000000000),
 ( 1.000000000000000000, 0.7513097091377579639, 1.000000000000000000),
 ( 1.000000000000000000, 0.7581042198458279868, 1.000000000000000000),
 ( 1.000000000000000000, 0.7570549293486370512, 1.000000000000000000),
 ( 1.000000000000000000, 0.7521985591673310267, 1.000000000000000000),
 ( 1.000000000000000000, 0.7465227397045739455, 1.000000000000000000),
 ( 1.000000000000000000, 0.7431396708183769517, 1.000000000000000000) ) ) 
 REPRESENTATION_ITEM ( '' )  SURFACE ( )  );
#1024 = CIRCLE ( 'NONE', #1719, 0.1000000000000000472 ) ;
#1025 = ORIENTED_EDGE ( 'NONE', *, *, #1051, .F. ) ;
#1026 = CARTESIAN_POINT ( 'NONE',  ( -1.219999999999999973, -0.4749999999999999778, 0.03000000000000002318 ) ) ;
#1027 = ORIENTED_EDGE ( 'NONE', *, *, #2041, .F. ) ;
#1028 = VECTOR ( 'NONE', #193, 1000.000000000000000 ) ;
#1029 = LINE ( 'NONE', #1817, #2800 ) ;
#1030 = VECTOR ( 'NONE', #748, 1000.000000000000000 ) ;
#1031 = SURFACE_STYLE_FILL_AREA ( #3555 ) ;
#1032 = ORIENTED_EDGE ( 'NONE', *, *, #1000, .T. ) ;
#1033 = FACE_OUTER_BOUND ( 'NONE', #257, .T. ) ;
#1034 = ORIENTED_EDGE ( 'NONE', *, *, #1326, .F. ) ;
#1035 = VECTOR ( 'NONE', #754, 1000.000000000000000 ) ;
#1036 = EDGE_CURVE ( 'NONE', #2718, #3515, #3202, .T. ) ;
#1037 = EDGE_CURVE ( 'NONE', #2415, #1225, #2950, .T. ) ;
#1038 = CARTESIAN_POINT ( 'NONE',  ( -1.462952309187639965, -1.462952309187639965, -0.3663328794188500104 ) ) ;
#1039 = VERTEX_POINT ( 'NONE', #2021 ) ;
#1040 = DIRECTION ( 'NONE',  ( -1.000000000000000000, 0.0000000000000000000, -0.0000000000000000000 ) ) ;
#1041 = CARTESIAN_POINT ( 'NONE',  ( 1.519744788236720101, 0.0000000000000000000, 0.05000000000000000278 ) ) ;
#1042 = DIRECTION ( 'NONE',  ( 1.000000000000000000, 0.0000000000000000000, 0.0000000000000000000 ) ) ;
#1043 = UNCERTAINTY_MEASURE_WITH_UNIT (LENGTH_MEASURE( 1.000000000000000082E-05 ), #3423, 'distance_accuracy_value', 'NONE');
#1044 = CARTESIAN_POINT ( 'NONE',  ( 0.0000000000000000000, 0.2449999999999999956, 0.05000000000000000278 ) ) ;
#1045 = DIRECTION ( 'NONE',  ( 1.000000000000000000, 0.0000000000000000000, 0.0000000000000000000 ) ) ;
#1046 = DIRECTION ( 'NONE',  ( 0.0000000000000000000, 0.0000000000000000000, -1.000000000000000000 ) ) ;
#1047 = DIRECTION ( 'NONE',  ( 0.0000000000000000000, 1.000000000000000000, 0.0000000000000000000 ) ) ;
#1048 = EDGE_LOOP ( 'NONE', ( #2904, #1356, #922, #3089 ) ) ;
#1049 = CARTESIAN_POINT ( 'NONE',  ( -0.8613004436891825710, 1.289222640211175275, 0.9982635181726939866 ) ) ;
#1050 = VERTEX_POINT ( 'NONE', #3146 ) ;
#1051 = EDGE_CURVE ( 'NONE', #995, #3296, #2725, .T. ) ;
#1052 = ADVANCED_FACE ( 'NONE', ( #2433 ), #2142, .F. ) ;
#1053 = CARTESIAN_POINT ( 'NONE',  ( 1.519744788236717215, 1.420292598699889997, 0.04999999999999991257 ) ) ;
#1054 = ORIENTED_EDGE ( 'NONE', *, *, #1479, .F. ) ;
#1055 =( LENGTH_UNIT ( ) NAMED_UNIT ( * ) SI_UNIT ( .MILLI., .METRE. ) );
#1056 = DIRECTION ( 'NONE',  ( -0.0000000000000000000, -1.000000000000000000, -0.0000000000000000000 ) ) ;
#1057 = EDGE_CURVE ( 'NONE', #157, #165, #2998, .T. ) ;
#1058 = PLANE ( 'NONE',  #3430 ) ;
#1059 = DIRECTION ( 'NONE',  ( -1.000000000000000000, 0.0000000000000000000, -0.0000000000000000000 ) ) ;
#1060 = CARTESIAN_POINT ( 'NONE',  ( -0.07500000000000020539, -1.649999999999999911, 0.3099999999999999978 ) ) ;
#1061 = CARTESIAN_POINT ( 'NONE',  ( -1.219999999999999973, -1.125000000000000222, 0.3099999999999999978 ) ) ;
#1062 = ORIENTED_EDGE ( 'NONE', *, *, #1970, .F. ) ;
#1063 = VECTOR ( 'NONE', #1111, 1000.000000000000000 ) ;
#1064 = LINE ( 'NONE', #2159, #269 ) ;
#1065 = ORIENTED_EDGE ( 'NONE', *, *, #685, .F. ) ;
#1066 = CARTESIAN_POINT ( 'NONE',  ( 0.0000000000000000000, -0.8249999999999999556, 0.03000000000000000236 ) ) ;
#1067 = ORIENTED_EDGE ( 'NONE', *, *, #219, .F. ) ;
#1068 = AXIS2_PLACEMENT_3D ( 'NONE', #2593, #1509, #638 ) ;
#1069 = DIRECTION ( 'NONE',  ( 0.0000000000000000000, 0.0000000000000000000, -1.000000000000000000 ) ) ;
#1070 = EDGE_LOOP ( 'NONE', ( #691, #2499, #2373, #2165 ) ) ;
#1071 = SURFACE_STYLE_FILL_AREA ( #1893 ) ;
#1072 = VERTEX_POINT ( 'NONE', #2706 ) ;
#1073 = FACE_OUTER_BOUND ( 'NONE', #3165, .T. ) ;
#1074 = CARTESIAN_POINT ( 'NONE',  ( 1.219999999999999973, 0.0000000000000000000, 0.05000000000000000278 ) ) ;
#1075 = DIRECTION ( 'NONE',  ( -1.000000000000000000, 0.0000000000000000000, -0.0000000000000000000 ) ) ;
#1076 = CARTESIAN_POINT ( 'NONE',  ( -0.07500000000000020539, -1.183999999999999941, 0.3099999999999999978 ) ) ;
#1077 = PLANE ( 'NONE',  #144 ) ;
#1078 = ADVANCED_FACE ( 'NONE', ( #3280 ), #163, .F. ) ;
#1079 = EDGE_CURVE ( 'NONE', #3613, #289, #2082, .T. ) ;
#1080 =( GEOMETRIC_REPRESENTATION_CONTEXT ( 3 ) GLOBAL_UNCERTAINTY_ASSIGNED_CONTEXT ( ( #1847 ) ) GLOBAL_UNIT_ASSIGNED_CONTEXT ( ( #2933, #1512, #1809 ) ) REPRESENTATION_CONTEXT ( 'NONE', 'WORKASPACE' ) );
#1081 = FACE_OUTER_BOUND ( 'NONE', #3205, .T. ) ;
#1082 = FACE_OUTER_BOUND ( 'NONE', #3091, .T. ) ;
#1083 = LINE ( 'NONE', #3347, #1377 ) ;
#1084 = MECHANICAL_DESIGN_GEOMETRIC_PRESENTATION_REPRESENTATION (  '', ( #783 ), #3316 ) ;
#1085 = VECTOR ( 'NONE', #913, 1000.000000000000000 ) ;
#1086 = CARTESIAN_POINT ( 'NONE',  ( 1.239999999999999991, 0.8249999999999999556, 0.3099999999999999978 ) ) ;
#1087 = VECTOR ( 'NONE', #3103, 1000.000000000000000 ) ;
#1088 = ORIENTED_EDGE ( 'NONE', *, *, #1552, .T. ) ;
#1089 = PLANE ( 'NONE',  #8 ) ;
#1090 = ORIENTED_EDGE ( 'NONE', *, *, #3034, .F. ) ;
#1091 = MECHANICAL_DESIGN_GEOMETRIC_PRESENTATION_REPRESENTATION (  '', ( #431 ), #2381 ) ;
#1092 = LINE ( 'NONE', #571, #407 ) ;
#1093 = FACE_OUTER_BOUND ( 'NONE', #1185, .T. ) ;
#1094 = VECTOR ( 'NONE', #2524, 1000.000000000000000 ) ;
#1095 = ORIENTED_EDGE ( 'NONE', *, *, #3446, .F. ) ;
#1096 = LINE ( 'NONE', #1875, #2318 ) ;
#1097 = DIRECTION ( 'NONE',  ( -0.0000000000000000000, -1.000000000000000000, -0.0000000000000000000 ) ) ;
#1098 = VECTOR ( 'NONE', #1131, 1000.000000000000000 ) ;
#1099 = MECHANICAL_DESIGN_GEOMETRIC_PRESENTATION_REPRESENTATION (  '', ( #1443 ), #1564 ) ;
#1100 = LINE ( 'NONE', #3570, #1488 ) ;
#1101 = DIRECTION ( 'NONE',  ( -1.000000000000000000, 0.0000000000000000000, -0.0000000000000000000 ) ) ;
#1102 = DIRECTION ( 'NONE',  ( 0.0000000000000000000, -0.0000000000000000000, 1.000000000000000000 ) ) ;
#1103 = LINE ( 'NONE', #3329, #1531 ) ;
#1104 = EDGE_CURVE ( 'NONE', #2720, #1892, #795, .T. ) ;
#1105 = DIRECTION ( 'NONE',  ( -1.000000000000000000, 0.0000000000000000000, -0.0000000000000000000 ) ) ;
#1106 = ORIENTED_EDGE ( 'NONE', *, *, #149, .T. ) ;
#1107 = CARTESIAN_POINT ( 'NONE',  ( -1.524999999999999911, -0.4750000000000010325, 0.0000000000000000000 ) ) ;
#1108 = VERTEX_POINT ( 'NONE', #1913 ) ;
#1109 = CARTESIAN_POINT ( 'NONE',  ( -0.8660713881731290087, 0.7282016004830768052, 0.9900000000000016565 ) ) ;
#1110 = VERTEX_POINT ( 'NONE', #3038 ) ;
#1111 = DIRECTION ( 'NONE',  ( -1.000000000000000000, 0.0000000000000000000, -0.0000000000000000000 ) ) ;
#1112 = VERTEX_POINT ( 'NONE', #182 ) ;
#1113 =( NAMED_UNIT ( * ) PLANE_ANGLE_UNIT ( ) SI_UNIT ( $, .RADIAN. ) );
#1114 = DIRECTION ( 'NONE',  ( 0.0000000000000000000, 0.0000000000000000000, -1.000000000000000000 ) ) ;
#1115 = AXIS2_PLACEMENT_3D ( 'NONE', #2390, #2425, #195 ) ;
#1116 = FILL_AREA_STYLE_COLOUR ( '', #3385 ) ;
#1117 = DIRECTION ( 'NONE',  ( 0.0000000000000000000, 1.000000000000000000, 0.0000000000000000000 ) ) ;
#1118 = CARTESIAN_POINT ( 'NONE',  ( -1.492417687067639998, -1.125000000000000888, 0.3100000000000001643 ) ) ;
#1119 = CARTESIAN_POINT ( 'NONE',  ( -0.3250000000000000666, -1.649999999999999911, 0.05000000000000002359 ) ) ;
#1120 = SURFACE_SIDE_STYLE ('',( #3647 ) ) ;
#1121 = VERTEX_POINT ( 'NONE', #1620 ) ;
#1122 = ADVANCED_FACE ( 'NONE', ( #1635 ), #3521, .T. ) ;
#1123 = EDGE_CURVE ( 'NONE', #510, #2753, #2162, .T. ) ;
#1124 = CARTESIAN_POINT ( 'NONE',  ( 1.649999999999999911, 0.1749999999999999611, 0.03000000000000000930 ) ) ;
#1125 = CARTESIAN_POINT ( 'NONE',  ( -1.152484094644831369, 1.301027013426482526, 1.031736481776670322 ) ) ;
#1126 = AXIS2_PLACEMENT_3D ( 'NONE', #990, #1298, #1921 ) ;
#1127 = ORIENTED_EDGE ( 'NONE', *, *, #2453, .F. ) ;
#1128 = CARTESIAN_POINT ( 'NONE',  ( -0.04100000000000020295, -1.054999999999999938, 0.03000000000000002318 ) ) ;
#1129 = CARTESIAN_POINT ( 'NONE',  ( -1.325651190893919917, 1.325651190893919917, 1.039999999999970060 ) ) ;
#1130 = EDGE_LOOP ( 'NONE', ( #1395, #3648, #3481, #1451, #35, #641 ) ) ;
#1131 = DIRECTION ( 'NONE',  ( -0.0000000000000000000, -1.000000000000000000, -0.0000000000000000000 ) ) ;
#1132 = LINE ( 'NONE', #1392, #1136 ) ;
#1133 = CARTESIAN_POINT ( 'NONE',  ( 1.420292598699891773, -1.519744788236716104, 0.04999999999999968359 ) ) ;
#1134 = DIRECTION ( 'NONE',  ( -1.000000000000000000, 0.0000000000000000000, -0.0000000000000000000 ) ) ;
#1135 = CARTESIAN_POINT ( 'NONE',  ( 1.239999999999999991, -0.8249999999999999556, 0.3099999999999999978 ) ) ;
#1136 = VECTOR ( 'NONE', #1117, 1000.000000000000000 ) ;
#1137 = ORIENTED_EDGE ( 'NONE', *, *, #896, .F. ) ;
#1138 = LINE ( 'NONE', #3389, #3541 ) ;
#1139 = ORIENTED_EDGE ( 'NONE', *, *, #1793, .F. ) ;
#1140 = VECTOR ( 'NONE', #3208, 1000.000000000000114 ) ;
#1141 = EDGE_CURVE ( 'NONE', #55, #1579, #1001, .T. ) ;
#1143 = ORIENTED_EDGE ( 'NONE', *, *, #1575, .F. ) ;
#1142 = CIRCLE ( 'NONE', #3193, 0.1000000000000000472 ) ;
#1144 = EDGE_CURVE ( 'NONE', #2661, #1405, #2751, .T. ) ;
#1145 =( GEOMETRIC_REPRESENTATION_CONTEXT ( 3 ) GLOBAL_UNCERTAINTY_ASSIGNED_CONTEXT ( ( #2150 ) ) GLOBAL_UNIT_ASSIGNED_CONTEXT ( ( #681, #3435, #996 ) ) REPRESENTATION_CONTEXT ( 'NONE', 'WORKASPACE' ) );
#1146 = CYLINDRICAL_SURFACE ( 'NONE', #245, 0.09999999999999993616 ) ;
#1147 = VECTOR ( 'NONE', #1997, 1000.000000000000000 ) ;
#1148 = CARTESIAN_POINT ( 'NONE',  ( -1.325651190893909925, 1.325651190893909925, 1.040000000000000036 ) ) ;
#1149 = AXIS2_PLACEMENT_3D ( 'NONE', #3311, #1906, #3033 ) ;
#1150 =( LENGTH_UNIT ( ) NAMED_UNIT ( * ) SI_UNIT ( .MILLI., .METRE. ) );
#1151 = AXIS2_PLACEMENT_3D ( 'NONE', #1196, #2326, #3454 ) ;
#1152 = LINE ( 'NONE', #2793, #2544 ) ;
#1153 = CARTESIAN_POINT ( 'NONE',  ( -1.425103380430737365, 1.716239405786870176, 0.9504528463267657434 ) ) ;
#1154 = CARTESIAN_POINT ( 'NONE',  ( -1.412965427462679946, -1.380546859971820028, 0.9549468633801999617 ) ) ;
#1155 = CARTESIAN_POINT ( 'NONE',  ( -1.219999999999999973, 1.125000000000000222, 0.05000000000000000278 ) ) ;
#1156 = ORIENTED_EDGE ( 'NONE', *, *, #1347, .F. ) ;
#1157 = CARTESIAN_POINT ( 'NONE',  ( 0.0000000000000000000, 0.0000000000000000000, 0.03000000000000000236 ) ) ;
#1158 = DIRECTION ( 'NONE',  ( 0.0000000000000000000, 0.0000000000000000000, 1.000000000000000000 ) ) ;
#1159 = CARTESIAN_POINT ( 'NONE',  ( 1.519744788236716104, -1.524999999999999911, 0.04999999999999957950 ) ) ;
#1160 = ORIENTED_EDGE ( 'NONE', *, *, #1396, .F. ) ;
#1161 = ADVANCED_FACE ( 'NONE', ( #2470 ), #3592, .T. ) ;
#1162 = CARTESIAN_POINT ( 'NONE',  ( 1.219999999999999973, 0.0000000000000000000, 0.03000000000000000236 ) ) ;
#1163 =( NAMED_UNIT ( * ) PLANE_ANGLE_UNIT ( ) SI_UNIT ( $, .RADIAN. ) );
#1164 = ADVANCED_FACE ( 'NONE', ( #3614 ), #3106, .T. ) ;
#1165 = EDGE_CURVE ( 'NONE', #1108, #1511, #527, .T. ) ;
#1166 = LINE ( 'NONE', #3363, #3376 ) ;
#1167 = CARTESIAN_POINT ( 'NONE',  ( 1.413612771881219921, 1.346314792028919793, 1.040000000000000036 ) ) ;
#1168 = DIRECTION ( 'NONE',  ( 1.000000000000000000, -0.0000000000000000000, 0.0000000000000000000 ) ) ;
#1169 = VERTEX_POINT ( 'NONE', #3121 ) ;
#1170 = CARTESIAN_POINT ( 'NONE',  ( 1.421975946057439932, -1.354501051348300011, 0.9531563822491800897 ) ) ;
#1171 = CARTESIAN_POINT ( 'NONE',  ( -1.425103380550821752, 1.325651180250855710, 0.9504528452207583467 ) ) ;
#1172 = CARTESIAN_POINT ( 'NONE',  ( 1.519744788236719213, -0.8249999999999998446, 0.04999999999999990563 ) ) ;
#1173 = ORIENTED_EDGE ( 'NONE', *, *, #3052, .T. ) ;
#1174 = PRESENTATION_STYLE_ASSIGNMENT (( #3636 ) ) ;
#1175 = ORIENTED_EDGE ( 'NONE', *, *, #3395, .T. ) ;
#1176 = CARTESIAN_POINT ( 'NONE',  ( 1.649999999999999911, -0.8249999999999999556, 0.3099999999999999978 ) ) ;
#1177 = ORIENTED_EDGE ( 'NONE', *, *, #1989, .F. ) ;
#1178 = SURFACE_SIDE_STYLE ('',( #2512 ) ) ;
#1179 = LINE ( 'NONE', #897, #1256 ) ;
#1180 = ADVANCED_FACE ( 'NONE', ( #1382 ), #292, .T. ) ;
#1181 = EDGE_CURVE ( 'NONE', #526, #1, #2507, .T. ) ;
#1182 = CARTESIAN_POINT ( 'NONE',  ( -1.219999999999999973, -0.8249999999999999556, 0.03000000000000002318 ) ) ;
#1183 = VERTEX_POINT ( 'NONE', #2804 ) ;
#1184 = SURFACE_STYLE_USAGE ( .BOTH. , #901 ) ;
#1185 = EDGE_LOOP ( 'NONE', ( #1598, #113, #1871, #129 ) ) ;
#1186 = CARTESIAN_POINT ( 'NONE',  ( -1.649999999999999911, -0.8249999999999999556, 0.3099999999999999978 ) ) ;
#1187 = VECTOR ( 'NONE', #3112, 1000.000000000000114 ) ;
#1188 = DIRECTION ( 'NONE',  ( -1.000000000000000000, 0.0000000000000000000, -0.0000000000000000000 ) ) ;
#1189 = ORIENTED_EDGE ( 'NONE', *, *, #3099, .T. ) ;
#1190 = CARTESIAN_POINT ( 'NONE',  ( -0.8711485212103730058, 1.003941175863179991, 0.9899999999999999911 ) ) ;
#1191 = VECTOR ( 'NONE', #577, 1000.000000000000000 ) ;
#1192 = DIRECTION ( 'NONE',  ( 0.0000000000000000000, 0.0000000000000000000, -1.000000000000000000 ) ) ;
#1193 = AXIS2_PLACEMENT_3D ( 'NONE', #3438, #3386, #881 ) ;
#1194 = FACE_OUTER_BOUND ( 'NONE', #321, .T. ) ;
#1195 = VERTEX_POINT ( 'NONE', #583 ) ;
#1196 = CARTESIAN_POINT ( 'NONE',  ( 0.0000000000000000000, 0.0000000000000000000, 0.05000000000000000278 ) ) ;
#1197 = PRESENTATION_LAYER_ASSIGNMENT (  '', '', ( #2908 ) ) ;
#1198 = AXIS2_PLACEMENT_3D ( 'NONE', #827, #1926, #2994 ) ;
#1199 = CARTESIAN_POINT ( 'NONE',  ( 0.0000000000000000000, -0.4749999999999999778, 0.03000000000000000236 ) ) ;
#1200 =( NAMED_UNIT ( * ) PLANE_ANGLE_UNIT ( ) SI_UNIT ( $, .RADIAN. ) );
#1201 = PLANE ( 'NONE',  #492 ) ;
#1202 = VECTOR ( 'NONE', #788, 1000.000000000000000 ) ;
#1203 = DIRECTION ( 'NONE',  ( 1.000000000000000000, -0.0000000000000000000, 0.0000000000000000000 ) ) ;
#1204 = EDGE_CURVE ( 'NONE', #1195, #2320, #3274, .T. ) ;
#1205 = ADVANCED_FACE ( 'NONE', ( #2523 ), #2237, .T. ) ;
#1206 = ORIENTED_EDGE ( 'NONE', *, *, #3306, .T. ) ;
#1207 = CARTESIAN_POINT ( 'NONE',  ( 1.325651190893909925, -1.325651190893909925, 1.040000000000000036 ) ) ;
#1208 = ORIENTED_EDGE ( 'NONE', *, *, #2288, .F. ) ;
#1209 = EDGE_CURVE ( 'NONE', #1112, #2595, #3649, .T. ) ;
#1210 = LINE ( 'NONE', #70, #2296 ) ;
#1211 = VERTEX_POINT ( 'NONE', #1124 ) ;
#1212 = CARTESIAN_POINT ( 'NONE',  ( -0.3250000000000000666, -1.183999999999999941, 0.03000000000000001277 ) ) ;
#1213 = ORIENTED_EDGE ( 'NONE', *, *, #530, .T. ) ;
#1214 = PLANE ( 'NONE',  #590 ) ;
#1215 = CARTESIAN_POINT ( 'NONE',  ( -0.04100000000000037642, 1.149999999999999911, 0.3099999999999999978 ) ) ;
#1216 = EDGE_LOOP ( 'NONE', ( #180, #2161 ) ) ;
#1217 = FACE_OUTER_BOUND ( 'NONE', #454, .T. ) ;
#1218 = LINE ( 'NONE', #1829, #2493 ) ;
#1219 = UNCERTAINTY_MEASURE_WITH_UNIT (LENGTH_MEASURE( 1.000000000000000082E-05 ), #103, 'distance_accuracy_value', 'NONE');
#1220 =( NAMED_UNIT ( * ) SI_UNIT ( $, .STERADIAN. ) SOLID_ANGLE_UNIT ( ) );
#1221 = ORIENTED_EDGE ( 'NONE', *, *, #1144, .F. ) ;
#1222 = ORIENTED_EDGE ( 'NONE', *, *, #1037, .T. ) ;
#1223 = CARTESIAN_POINT ( 'NONE',  ( -1.649999999999999689, -0.1749999999999999889, 0.03000000000000001277 ) ) ;
#1224 = DIRECTION ( 'NONE',  ( 0.0000000000000000000, -0.0000000000000000000, -1.000000000000000000 ) ) ;
#1225 = VERTEX_POINT ( 'NONE', #1433 ) ;
#1226 = LINE ( 'NONE', #1243, #1726 ) ;
#1227 = EDGE_CURVE ( 'NONE', #1239, #2813, #1092, .T. ) ;
#1228 = EDGE_CURVE ( 'NONE', #384, #2269, #851, .T. ) ;
#1229 = DIRECTION ( 'NONE',  ( -0.0000000000000000000, 0.0000000000000000000, -1.000000000000000000 ) ) ;
#1230 = PLANE ( 'NONE',  #3379 ) ;
#1231 = ORIENTED_EDGE ( 'NONE', *, *, #1678, .F. ) ;
#1232 = SURFACE_STYLE_FILL_AREA ( #2931 ) ;
#1233 = VECTOR ( 'NONE', #52, 1000.000000000000114 ) ;
#1234 = FILL_AREA_STYLE ('',( #2106 ) ) ;
#1235 = DIRECTION ( 'NONE',  ( -0.0000000000000000000, -1.000000000000000000, -0.0000000000000000000 ) ) ;
#1236 = AXIS2_PLACEMENT_3D ( 'NONE', #2301, #342, #1246 ) ;
#1237 = VERTEX_POINT ( 'NONE', #2539 ) ;
#1238 = CARTESIAN_POINT ( 'NONE',  ( 1.325651190893909925, -1.325651190893909925, 1.040000000000000036 ) ) ;
#1239 = VERTEX_POINT ( 'NONE', #16 ) ;
#1240 = LINE ( 'NONE', #158, #3140 ) ;
#1241 = CARTESIAN_POINT ( 'NONE',  ( 1.649999999999999911, -0.1750000000000000167, 0.3099999999999999978 ) ) ;
#1242 = ORIENTED_EDGE ( 'NONE', *, *, #580, .T. ) ;
#1243 = CARTESIAN_POINT ( 'NONE',  ( 1.219999999999999973, 1.125000000000000222, 0.04999999999999991257 ) ) ;
#1244 = VERTEX_POINT ( 'NONE', #107 ) ;
#1245 = VECTOR ( 'NONE', #2445, 1000.000000000000000 ) ;
#1246 = DIRECTION ( 'NONE',  ( -9.951896710066409127E-16, 1.000000000000000000, 0.0000000000000000000 ) ) ;
#1247 = EDGE_CURVE ( 'NONE', #886, #1823, #3447, .T. ) ;
#1248 = FACE_OUTER_BOUND ( 'NONE', #1874, .T. ) ;
#1249 = ORIENTED_EDGE ( 'NONE', *, *, #65, .T. ) ;
#1250 = CARTESIAN_POINT ( 'NONE',  ( 1.325651190893909925, 1.325651190893909925, 1.040000000000000036 ) ) ;
#1251 = AXIS2_PLACEMENT_3D ( 'NONE', #2328, #981, #663 ) ;
#1252 = VECTOR ( 'NONE', #538, 1000.000000000000000 ) ;
#1253 = LINE ( 'NONE', #1750, #1308 ) ;
#1254 = ADVANCED_FACE ( 'NONE', ( #3141 ), #1739, .F. ) ;
#1255 = LINE ( 'NONE', #2065, #1021 ) ;
#1256 = VECTOR ( 'NONE', #2104, 1000.000000000000000 ) ;
#1257 = LINE ( 'NONE', #3528, #3559 ) ;
#1258 = AXIS2_PLACEMENT_3D ( 'NONE', #572, #1688, #293 ) ;
#1259 = ORIENTED_EDGE ( 'NONE', *, *, #1594, .F. ) ;
#1260 = CARTESIAN_POINT ( 'NONE',  ( -1.136733830515984200, 1.003941175863179991, 1.000000000000000000 ) ) ;
#1261 = AXIS2_PLACEMENT_3D ( 'NONE', #1596, #3609, #3588 ) ;
#1262 = VERTEX_POINT ( 'NONE', #337 ) ;
#1263 =( GEOMETRIC_REPRESENTATION_CONTEXT ( 3 ) GLOBAL_UNCERTAINTY_ASSIGNED_CONTEXT ( ( #930 ) ) GLOBAL_UNIT_ASSIGNED_CONTEXT ( ( #1150, #1163, #610 ) ) REPRESENTATION_CONTEXT ( 'NONE', 'WORKASPACE' ) );
#1264 = CARTESIAN_POINT ( 'NONE',  ( 0.0000000000000000000, 0.4749999999999999778, 0.03000000000000000236 ) ) ;
#1265 = CARTESIAN_POINT ( 'NONE',  ( 1.219999999999999973, 1.059358363155489924, 0.3099999999999999978 ) ) ;
#1266 = ORIENTED_EDGE ( 'NONE', *, *, #3629, .T. ) ;
#1267 = LINE ( 'NONE', #2945, #3086 ) ;
#1268 = ORIENTED_EDGE ( 'NONE', *, *, #2855, .F. ) ;
#1269 = SURFACE_STYLE_FILL_AREA ( #513 ) ;
#1270 = CARTESIAN_POINT ( 'NONE',  ( -0.07500000000000023315, -1.183999999999999941, 0.03000000000000001277 ) ) ;
#1271 = ORIENTED_EDGE ( 'NONE', *, *, #1141, .T. ) ;
#1272 = CARTESIAN_POINT ( 'NONE',  ( 1.325651190893909925, 1.325651190893909925, 1.040000000000000036 ) ) ;
#1273 = CARTESIAN_POINT ( 'NONE',  ( 1.649999999999999911, 0.0000000000000000000, 0.03000000000000000236 ) ) ;
#1274 = EDGE_CURVE ( 'NONE', #1894, #1740, #973, .T. ) ;
#1275 = EDGE_CURVE ( 'NONE', #932, #3479, #2350, .T. ) ;
#1276 = ORIENTED_EDGE ( 'NONE', *, *, #1365, .T. ) ;
#1277 = CARTESIAN_POINT ( 'NONE',  ( -1.649999999999999911, 0.0000000000000000000, 0.03000000000000000236 ) ) ;
#1278 = CARTESIAN_POINT ( 'NONE',  ( 1.519744788236720101, 0.0000000000000000000, 0.05000000000000000278 ) ) ;
#1279 = PLANE ( 'NONE',  #3019 ) ;
#1280 = ORIENTED_EDGE ( 'NONE', *, *, #3418, .F. ) ;
#1281 = VERTEX_POINT ( 'NONE', #1172 ) ;
#1282 = CARTESIAN_POINT ( 'NONE',  ( -1.524999999999999911, -1.524999999999999911, 0.0000000000000000000 ) ) ;
#1283 = SURFACE_SIDE_STYLE ('',( #1071 ) ) ;
#1284 = ORIENTED_EDGE ( 'NONE', *, *, #2292, .T. ) ;
#1285 = SURFACE_STYLE_FILL_AREA ( #331 ) ;
#1286 = CARTESIAN_POINT ( 'NONE',  ( -1.219999999999999973, 0.4749999999999999778, 0.03000000000000002318 ) ) ;
#1287 = CARTESIAN_POINT ( 'NONE',  ( 1.649999999999999911, -0.4749999999999999778, 0.3099999999999999978 ) ) ;
#1288 = FILL_AREA_STYLE_COLOUR ( '', #364 ) ;
#1289 = CARTESIAN_POINT ( 'NONE',  ( 1.649999999999999911, 0.8249999999999999556, 0.3099999999999999978 ) ) ;
#1290 = DIRECTION ( 'NONE',  ( 0.0000000000000000000, -1.000000000000000000, -0.0000000000000000000 ) ) ;
#1291 = EDGE_CURVE ( 'NONE', #372, #3313, #122, .T. ) ;
#1292 = EDGE_CURVE ( 'NONE', #570, #2992, #1757, .T. ) ;
#1293 = ORIENTED_EDGE ( 'NONE', *, *, #554, .F. ) ;
#1294 = CARTESIAN_POINT ( 'NONE',  ( -1.519744788236714994, -1.478681396979909302, 0.05000000000000003053 ) ) ;
#1295 = ORIENTED_EDGE ( 'NONE', *, *, #2250, .T. ) ;
#1296 = COLOUR_RGB ( '',0.1529411764705882470, 0.1529411764705882470, 0.1529411764705882470 ) ;
#1297 = CARTESIAN_POINT ( 'NONE',  ( 1.649999999999999911, 0.0000000000000000000, 0.3099999999999999978 ) ) ;
#1298 = DIRECTION ( 'NONE',  ( -0.0000000000000000000, 1.000000000000000000, 0.0000000000000000000 ) ) ;
#1299 = ORIENTED_EDGE ( 'NONE', *, *, #3335, .F. ) ;
#1300 = SURFACE_STYLE_USAGE ( .BOTH. , #2980 ) ;
#1301 = ORIENTED_EDGE ( 'NONE', *, *, #660, .T. ) ;
#1302 = CARTESIAN_POINT ( 'NONE',  ( -0.3589999999999999858, 0.2449999999999999956, 0.03000000000000002318 ) ) ;
#1303 =( NAMED_UNIT ( * ) PLANE_ANGLE_UNIT ( ) SI_UNIT ( $, .RADIAN. ) );
#1304 = ORIENTED_EDGE ( 'NONE', *, *, #2665, .T. ) ;
#1305 = SURFACE_STYLE_FILL_AREA ( #207 ) ;
#1306 = DIRECTION ( 'NONE',  ( -0.0000000000000000000, 1.000000000000000000, 0.0000000000000000000 ) ) ;
#1307 = PRESENTATION_STYLE_ASSIGNMENT (( #3618 ) ) ;
#1308 = VECTOR ( 'NONE', #77, 1000.000000000000000 ) ;
#1309 = DIRECTION ( 'NONE',  ( -0.0000000000000000000, 0.0000000000000000000, -1.000000000000000000 ) ) ;
#1310 = CARTESIAN_POINT ( 'NONE',  ( 1.492417687067639998, 1.125000000000000222, 0.3100000000000000533 ) ) ;
#1311 = VECTOR ( 'NONE', #2107, 1000.000000000000000 ) ;
#1312 = AXIS2_PLACEMENT_3D ( 'NONE', #500, #3244, #2691 ) ;
#1313 = DIRECTION ( 'NONE',  ( 0.0000000000000000000, 0.0000000000000000000, -1.000000000000000000 ) ) ;
#1314 = VECTOR ( 'NONE', #2287, 1000.000000000000000 ) ;
#1315 = ORIENTED_EDGE ( 'NONE', *, *, #2716, .T. ) ;
#1316 = LINE ( 'NONE', #2113, #3381 ) ;
#1317 = ORIENTED_EDGE ( 'NONE', *, *, #3644, .T. ) ;
#1318 = CIRCLE ( 'NONE', #2553, 0.01000000000000002623 ) ;
#1319 = EDGE_CURVE ( 'NONE', #2057, #2610, #921, .T. ) ;
#1320 = DIRECTION ( 'NONE',  ( 1.000000000000000000, 0.0000000000000000000, 0.0000000000000000000 ) ) ;
#1321 = VECTOR ( 'NONE', #1693, 1000.000000000000000 ) ;
#1322 = ORIENTED_EDGE ( 'NONE', *, *, #150, .F. ) ;
#1323 = CARTESIAN_POINT ( 'NONE',  ( -0.3589999999999999303, 0.2449999999999999956, 0.3099999999999999978 ) ) ;
#1324 = EDGE_LOOP ( 'NONE', ( #1506, #3458, #4, #2180 ) ) ;
#1325 = PRESENTATION_LAYER_ASSIGNMENT (  '', '', ( #862 ) ) ;
#1326 = EDGE_CURVE ( 'NONE', #3294, #1740, #619, .T. ) ;
#1327 = DIRECTION ( 'NONE',  ( 0.0000000000000000000, 1.000000000000000000, 0.0000000000000000000 ) ) ;
#1328 = FILL_AREA_STYLE_COLOUR ( '', #2501 ) ;
#1329 = ORIENTED_EDGE ( 'NONE', *, *, #241, .F. ) ;
#1330 = CARTESIAN_POINT ( 'NONE',  ( -1.649999999999999911, -0.1749999999999999889, 0.03000000000000002318 ) ) ;
#1331 = CARTESIAN_POINT ( 'NONE',  ( -0.04100000000000030009, 1.149999999999999911, 0.05000000000000000278 ) ) ;
#1332 = LINE ( 'NONE', #1289, #1966 ) ;
#1333 = CARTESIAN_POINT ( 'NONE',  ( 1.239999999999999991, -0.8249999999999999556, 0.05000000000000001665 ) ) ;
#1334 = PLANE ( 'NONE',  #3259 ) ;
#1335 = CARTESIAN_POINT ( 'NONE',  ( -0.8455501795514038799, 0.9604137159231872500, 1.039999999999999813 ) ) ;
#1336 = DIRECTION ( 'NONE',  ( -0.1045284632676540398, -0.0000000000000000000, -0.9945218953682732899 ) ) ;
#1337 = VERTEX_POINT ( 'NONE', #1241 ) ;
#1338 = CARTESIAN_POINT ( 'NONE',  ( -1.145700273111778689, 1.003941175863180213, 0.9932635181990742135 ) ) ;
#1339 = ORIENTED_EDGE ( 'NONE', *, *, #1499, .T. ) ;
#1340 =( GEOMETRIC_REPRESENTATION_CONTEXT ( 3 ) GLOBAL_UNCERTAINTY_ASSIGNED_CONTEXT ( ( #2918 ) ) GLOBAL_UNIT_ASSIGNED_CONTEXT ( ( #2408, #2993, #2115 ) ) REPRESENTATION_CONTEXT ( 'NONE', 'WORKASPACE' ) );
#1341 = DIRECTION ( 'NONE',  ( -0.0000000000000000000, -0.0000000000000000000, 1.000000000000000000 ) ) ;
#1342 = ORIENTED_EDGE ( 'NONE', *, *, #2537, .T. ) ;
#1343 = PRESENTATION_STYLE_ASSIGNMENT (( #2143 ) ) ;
#1344 = ADVANCED_FACE ( 'NONE', ( #354 ), #3196, .T. ) ;
#1345 = ORIENTED_EDGE ( 'NONE', *, *, #288, .T. ) ;
#1346 = SURFACE_SIDE_STYLE ('',( #1305 ) ) ;
#1347 = EDGE_CURVE ( 'NONE', #119, #1593, #2749, .T. ) ;
#1348 = CARTESIAN_POINT ( 'NONE',  ( -1.219999999999999973, 0.4749999999999999778, 0.3099999999999999978 ) ) ;
#1349 = CARTESIAN_POINT ( 'NONE',  ( -1.219999999999999973, -0.1749999999999999889, 0.05000000000000000278 ) ) ;
#1350 = LINE ( 'NONE', #2737, #3567 ) ;
#1351 = CARTESIAN_POINT ( 'NONE',  ( 1.239999999999999991, 0.4749999999999999778, 0.03000000000000000930 ) ) ;
#1352 = CARTESIAN_POINT ( 'NONE',  ( 1.219999999999999973, 1.059358363155489924, 0.05000000000000000278 ) ) ;
#1353 = CARTESIAN_POINT ( 'NONE',  ( 1.519744788236720101, 0.0000000000000000000, 0.05000000000000000278 ) ) ;
#1354 = MECHANICAL_DESIGN_GEOMETRIC_PRESENTATION_REPRESENTATION (  '', ( #64 ), #701 ) ;
#1355 = FILL_AREA_STYLE_COLOUR ( '', #1495 ) ;
#1356 = ORIENTED_EDGE ( 'NONE', *, *, #2940, .F. ) ;
#1357 = CARTESIAN_POINT ( 'NONE',  ( -0.8621820786145822924, 0.7204229813659833725, 0.9932635181990742135 ) ) ;
#1358 = ORIENTED_EDGE ( 'NONE', *, *, #328, .F. ) ;
#1359 = VECTOR ( 'NONE', #2059, 1000.000000000000114 ) ;
#1360 = CARTESIAN_POINT ( 'NONE',  ( -1.524999999999999911, 1.125000000000000000, 0.0000000000000000000 ) ) ;
#1361 = SURFACE_SIDE_STYLE ('',( #2726 ) ) ;
#1362 = VERTEX_POINT ( 'NONE', #1801 ) ;
#1363 = LINE ( 'NONE', #2488, #1964 ) ;
#1364 = CARTESIAN_POINT ( 'NONE',  ( -1.219999999999999973, 0.4749999999999999778, 0.05000000000000000278 ) ) ;
#1365 = EDGE_CURVE ( 'NONE', #733, #157, #1210, .T. ) ;
#1366 = LINE ( 'NONE', #444, #3189 ) ;
#1367 =( LENGTH_UNIT ( ) NAMED_UNIT ( * ) SI_UNIT ( .MILLI., .METRE. ) );
#1368 = LINE ( 'NONE', #2492, #2086 ) ;
#1369 = VECTOR ( 'NONE', #1920, 1000.000000000000000 ) ;
#1370 = EDGE_CURVE ( 'NONE', #214, #1487, #2924, .T. ) ;
#1371 = CARTESIAN_POINT ( 'NONE',  ( 1.649999999999999911, -0.4750000000000000333, 0.3099999999999999978 ) ) ;
#1372 = DIRECTION ( 'NONE',  ( 0.0000000000000000000, 1.000000000000000000, 0.0000000000000000000 ) ) ;
#1373 = DIRECTION ( 'NONE',  ( 1.000000000000000000, 0.0000000000000000000, 0.0000000000000000000 ) ) ;
#1374 = ORIENTED_EDGE ( 'NONE', *, *, #1007, .F. ) ;
#1375 = PRESENTATION_LAYER_ASSIGNMENT (  '', '', ( #2959 ) ) ;
#1376 = FACE_OUTER_BOUND ( 'NONE', #206, .T. ) ;
#1377 = VECTOR ( 'NONE', #1941, 1000.000000000000114 ) ;
#1378 = ORIENTED_EDGE ( 'NONE', *, *, #3483, .F. ) ;
#1379 = CARTESIAN_POINT ( 'NONE',  ( -0.8613004436891832372, 0.7186597115151851511, 0.9982635181726939866 ) ) ;
#1380 = ORIENTED_EDGE ( 'NONE', *, *, #2233, .F. ) ;
#1381 = VECTOR ( 'NONE', #2719, 1000.000000000000000 ) ;
#1382 = FACE_OUTER_BOUND ( 'NONE', #635, .T. ) ;
#1383 = VERTEX_POINT ( 'NONE', #2054 ) ;
#1384 = CARTESIAN_POINT ( 'NONE',  ( -0.8455501795514041019, 1.320723168486732213, 1.040000000000000036 ) ) ;
#1385 = VECTOR ( 'NONE', #2591, 1000.000000000000000 ) ;
#1386 = ORIENTED_EDGE ( 'NONE', *, *, #742, .T. ) ;
#1387 =( NAMED_UNIT ( * ) SI_UNIT ( $, .STERADIAN. ) SOLID_ANGLE_UNIT ( ) );
#1388 =( GEOMETRIC_REPRESENTATION_CONTEXT ( 3 ) GLOBAL_UNCERTAINTY_ASSIGNED_CONTEXT ( ( #664 ) ) GLOBAL_UNIT_ASSIGNED_CONTEXT ( ( #718, #385, #1788 ) ) REPRESENTATION_CONTEXT ( 'NONE', 'WORKASPACE' ) );
#1389 = DIRECTION ( 'NONE',  ( 2.921639538487249824E-16, 1.000000000000000000, 0.0000000000000000000 ) ) ;
#1390 = FILL_AREA_STYLE ('',( #2579 ) ) ;
#1391 = ADVANCED_FACE ( 'NONE', ( #3462 ), #394, .T. ) ;
#1392 = CARTESIAN_POINT ( 'NONE',  ( -1.649999999999999911, 0.0000000000000000000, 0.03000000000000000236 ) ) ;
#1393 = DIRECTION ( 'NONE',  ( -0.0000000000000000000, -1.000000000000000000, -0.0000000000000000000 ) ) ;
#1394 = CARTESIAN_POINT ( 'NONE',  ( 1.649999999999999911, 0.8249999999999999556, 0.03000000000000000930 ) ) ;
#1395 = ORIENTED_EDGE ( 'NONE', *, *, #1415, .T. ) ;
#1396 = EDGE_CURVE ( 'NONE', #2796, #2201, #2775, .T. ) ;
#1397 = EDGE_CURVE ( 'NONE', #586, #524, #2243, .T. ) ;
#1398 = FACE_OUTER_BOUND ( 'NONE', #1704, .T. ) ;
#1399 = EDGE_LOOP ( 'NONE', ( #882, #416, #162, #1700 ) ) ;
#1400 = LINE ( 'NONE', #2282, #3065 ) ;
#1401 = ORIENTED_EDGE ( 'NONE', *, *, #896, .T. ) ;
#1402 = CARTESIAN_POINT ( 'NONE',  ( -1.424820862162577306, -1.351508147351716316, 0.9531408280950385281 ) ) ;
#1403 = ORIENTED_EDGE ( 'NONE', *, *, #2581, .F. ) ;
#1404 =( BOUNDED_CURVE ( )  B_SPLINE_CURVE ( 3, ( #1855, #989, #972, #2624 ),
 .UNSPECIFIED., .F., .T. ) 
 B_SPLINE_CURVE_WITH_KNOTS ( ( 4, 4 ),
 ( 5.503250352303695081, 7.063120262055490706 ),
 .UNSPECIFIED. ) 
 CURVE ( )  GEOMETRIC_REPRESENTATION_ITEM ( )  RATIONAL_B_SPLINE_CURVE ( ( 1.000000000000000000, 0.8073061876036364826, 0.8073061876036364826, 1.000000000000000000 ) ) 
 REPRESENTATION_ITEM ( '' )  );
#1405 = VERTEX_POINT ( 'NONE', #2702 ) ;
#1406 = FILL_AREA_STYLE_COLOUR ( '', #199 ) ;
#1407 = PLANE ( 'NONE',  #2310 ) ;
#1408 = ORIENTED_EDGE ( 'NONE', *, *, #506, .T. ) ;
#1409 = SURFACE_STYLE_USAGE ( .BOTH. , #1178 ) ;
#1410 = PRESENTATION_STYLE_ASSIGNMENT (( #1460 ) ) ;
#1411 = LINE ( 'NONE', #1956, #2603 ) ;
#1412 = SURFACE_STYLE_FILL_AREA ( #843 ) ;
#1413 = LINE ( 'NONE', #2532, #666 ) ;
#1414 = EDGE_CURVE ( 'NONE', #3056, #2367, #3345, .T. ) ;
#1415 = EDGE_CURVE ( 'NONE', #441, #1616, #2392, .T. ) ;
#1416 = EDGE_LOOP ( 'NONE', ( #2806, #2114, #102, #2160, #3473, #3429, #948, #813, #622 ) ) ;
#1417 = ORIENTED_EDGE ( 'NONE', *, *, #200, .T. ) ;
#1418 = STYLED_ITEM ( 'NONE', ( #1426 ), #1520 ) ;
#1419 = CARTESIAN_POINT ( 'NONE',  ( 0.0000000000000000000, -0.4749999999999999778, 0.3099999999999999978 ) ) ;
#1420 =( NAMED_UNIT ( * ) PLANE_ANGLE_UNIT ( ) SI_UNIT ( $, .RADIAN. ) );
#1421 = VECTOR ( 'NONE', #2978, 1000.000000000000000 ) ;
#1422 = ORIENTED_EDGE ( 'NONE', *, *, #1526, .F. ) ;
#1423 = LINE ( 'NONE', #1676, #2436 ) ;
#1424 = DIRECTION ( 'NONE',  ( 0.0000000000000000000, -1.000000000000000000, -0.0000000000000000000 ) ) ;
#1425 = PLANE ( 'NONE',  #133 ) ;
#1426 = PRESENTATION_STYLE_ASSIGNMENT (( #807 ) ) ;
#1427 = CARTESIAN_POINT ( 'NONE',  ( -1.425021631517030096, -1.348234401476110289, 0.9528178452477920057 ) ) ;
#1428 = LINE ( 'NONE', #2550, #2148 ) ;
#1429 = ORIENTED_EDGE ( 'NONE', *, *, #880, .T. ) ;
#1430 = CARTESIAN_POINT ( 'NONE',  ( -0.8455501795514070995, 1.003941175863179991, 1.030000000000000027 ) ) ;
#1431 = EDGE_CURVE ( 'NONE', #2265, #3144, #2229, .T. ) ;
#1432 = VECTOR ( 'NONE', #2972, 1000.000000000000000 ) ;
#1433 = CARTESIAN_POINT ( 'NONE',  ( 1.649999999999999911, -0.8249999999999999556, 0.03000000000000000930 ) ) ;
#1434 = EDGE_LOOP ( 'NONE', ( #1143, #2573, #2881, #1802 ) ) ;
#1435 = CARTESIAN_POINT ( 'NONE',  ( -1.162332172174955991, 0.6871591832396282129, 1.040000000000000036 ) ) ;
#1436 = COLOUR_RGB ( '',0.1529411764705882470, 0.1529411764705882470, 0.1529411764705882470 ) ;
#1437 = EDGE_CURVE ( 'NONE', #2586, #2813, #1103, .T. ) ;
#1438 = VECTOR ( 'NONE', #3115, 1000.000000000000000 ) ;
#1439 = SURFACE_STYLE_FILL_AREA ( #2837 ) ;
#1440 = MECHANICAL_DESIGN_GEOMETRIC_PRESENTATION_REPRESENTATION (  '', ( #797 ), #315 ) ;
#1441 = LINE ( 'NONE', #3361, #1314 ) ;
#1442 = AXIS2_PLACEMENT_3D ( 'NONE', #3553, #2923, #1521 ) ;
#1443 = STYLED_ITEM ( 'NONE', ( #3167 ), #3465 ) ;
#1444 = CARTESIAN_POINT ( 'NONE',  ( 0.0000000000000000000, 0.0000000000000000000, 0.03000000000000000236 ) ) ;
#1445 = CARTESIAN_POINT ( 'NONE',  ( 1.239999999999999991, 0.4749999999999999778, 0.05000000000000001665 ) ) ;
#1446 = CARTESIAN_POINT ( 'NONE',  ( 1.524999999999999911, -1.125000000000000000, 0.0000000000000000000 ) ) ;
#1447 = CARTESIAN_POINT ( 'NONE',  ( -0.3589999999999999858, 1.149999999999999911, 0.04999999999999993339 ) ) ;
#1448 = ORIENTED_EDGE ( 'NONE', *, *, #1908, .F. ) ;
#1449 = CARTESIAN_POINT ( 'NONE',  ( -1.219999999999999973, -0.4749999999999999778, 0.03000000000000002318 ) ) ;
#1450 = CARTESIAN_POINT ( 'NONE',  ( -0.8711485212103727838, 1.040399710097255959, 0.9899999999999997691 ) ) ;
#1451 = ORIENTED_EDGE ( 'NONE', *, *, #1930, .T. ) ;
#1452 = CARTESIAN_POINT ( 'NONE',  ( -0.8506273126108337967, 1.003941175863179769, 1.040000000000001812 ) ) ;
#1453 = ORIENTED_EDGE ( 'NONE', *, *, #1654, .T. ) ;
#1454 =( LENGTH_UNIT ( ) NAMED_UNIT ( * ) SI_UNIT ( .MILLI., .METRE. ) );
#1455 = EDGE_CURVE ( 'NONE', #3315, #222, #1820, .T. ) ;
#1456 = ADVANCED_FACE ( 'NONE', ( #3518 ), #3064, .T. ) ;
#1457 = LINE ( 'NONE', #2576, #1960 ) ;
#1458 = EDGE_LOOP ( 'NONE', ( #620, #1743, #3017, #767 ) ) ;
#1459 = CARTESIAN_POINT ( 'NONE',  ( -1.219999999999999973, -0.1749999999999999889, 0.3099999999999999978 ) ) ;
#1460 = SURFACE_STYLE_USAGE ( .BOTH. , #330 ) ;
#1461 = PRODUCT_DEFINITION_FORMATION_WITH_SPECIFIED_SOURCE ( 'ANY', '', #2880, .NOT_KNOWN. ) ;
#1462 = LINE ( 'NONE', #2583, #2901 ) ;
#1463 = VECTOR ( 'NONE', #373, 1000.000000000000000 ) ;
#1464 = CARTESIAN_POINT ( 'NONE',  ( 0.0000000000000000000, 0.4749999999999999778, 0.3099999999999999978 ) ) ;
#1465 = ORIENTED_EDGE ( 'NONE', *, *, #3629, .F. ) ;
#1466 = CARTESIAN_POINT ( 'NONE',  ( 1.415692997656780028, -1.325637774972369787, 1.040000000000000036 ) ) ;
#1467 = ORIENTED_EDGE ( 'NONE', *, *, #3466, .T. ) ;
#1468 = DIRECTION ( 'NONE',  ( 0.0000000000000000000, 1.000000000000000000, 0.0000000000000000000 ) ) ;
#1469 = ORIENTED_EDGE ( 'NONE', *, *, #3602, .F. ) ;
#1470 = CARTESIAN_POINT ( 'NONE',  ( -1.047322191946047809, 1.162186720666714246, 1.040000000000000036 ) ) ;
#1471 = ORIENTED_EDGE ( 'NONE', *, *, #1455, .F. ) ;
#1472 =( GEOMETRIC_REPRESENTATION_CONTEXT ( 3 ) GLOBAL_UNCERTAINTY_ASSIGNED_CONTEXT ( ( #189 ) ) GLOBAL_UNIT_ASSIGNED_CONTEXT ( ( #3239, #3299, #2686 ) ) REPRESENTATION_CONTEXT ( 'NONE', 'WORKASPACE' ) );
#1473 = FACE_OUTER_BOUND ( 'NONE', #2130, .T. ) ;
#1474 = ORIENTED_EDGE ( 'NONE', *, *, #2666, .T. ) ;
#1475 =( NAMED_UNIT ( * ) PLANE_ANGLE_UNIT ( ) SI_UNIT ( $, .RADIAN. ) );
#1476 = AXIS2_PLACEMENT_3D ( 'NONE', #525, #290, #2779 ) ;
#1477 = LINE ( 'NONE', #1133, #427 ) ;
#1478 = CARTESIAN_POINT ( 'NONE',  ( -0.04099999999999980049, -1.054999999999999938, 0.3099999999999999978 ) ) ;
#1479 = EDGE_CURVE ( 'NONE', #379, #441, #140, .T. ) ;
#1480 = DIRECTION ( 'NONE',  ( -0.0000000000000000000, 1.000000000000000000, 0.0000000000000000000 ) ) ;
#1481 = ORIENTED_EDGE ( 'NONE', *, *, #1799, .T. ) ;
#1482 = CARTESIAN_POINT ( 'NONE',  ( 1.398718940799629884, -1.373842000090270243, 1.040000000000000036 ) ) ;
#1483 = FILL_AREA_STYLE ('',( #443 ) ) ;
#1484 = CARTESIAN_POINT ( 'NONE',  ( 0.0000000000000000000, 0.8249999999999999556, 0.3099999999999999978 ) ) ;
#1485 = ORIENTED_EDGE ( 'NONE', *, *, #811, .T. ) ;
#1486 = CARTESIAN_POINT ( 'NONE',  ( -0.8455501795514041019, 1.047889217855162647, 1.040000000000000036 ) ) ;
#1487 = VERTEX_POINT ( 'NONE', #2794 ) ;
#1488 = VECTOR ( 'NONE', #3305, 1000.000000000000000 ) ;
#1489 = AXIS2_PLACEMENT_3D ( 'NONE', #3024, #1017, #2770 ) ;
#1490 = FACE_OUTER_BOUND ( 'NONE', #31, .T. ) ;
#1491 = AXIS2_PLACEMENT_3D ( 'NONE', #2649, #1528, #2377 ) ;
#1492 = CARTESIAN_POINT ( 'NONE',  ( 1.524999999999999911, -1.524999999999999911, 0.0000000000000000000 ) ) ;
#1493 = ORIENTED_EDGE ( 'NONE', *, *, #3466, .F. ) ;
#1494 =( BOUNDED_CURVE ( )  B_SPLINE_CURVE ( 3, ( #1537, #1294, #766, #483 ),
 .UNSPECIFIED., .F., .F. ) 
 B_SPLINE_CURVE_WITH_KNOTS ( ( 4, 4 ),
 ( 5.503250352303695081, 7.063120262055490706 ),
 .UNSPECIFIED. ) 
 CURVE ( )  GEOMETRIC_REPRESENTATION_ITEM ( )  RATIONAL_B_SPLINE_CURVE ( ( 1.000000000000000000, 0.8073061876036364826, 0.8073061876036364826, 1.000000000000000000 ) ) 
 REPRESENTATION_ITEM ( '' )  );
#1495 = COLOUR_RGB ( '',0.1529411764705882470, 0.1529411764705882470, 0.1529411764705882470 ) ;
#1496 = CARTESIAN_POINT ( 'NONE',  ( 0.0000000000000000000, -1.125000000000000222, 0.3099999999999999978 ) ) ;
#1497 = CARTESIAN_POINT ( 'NONE',  ( -1.492417687067639998, 0.1749999999999996003, 0.3100000000000001643 ) ) ;
#1498 = VECTOR ( 'NONE', #2883, 1000.000000000000000 ) ;
#1499 = EDGE_CURVE ( 'NONE', #1211, #2718, #520, .T. ) ;
#1500 = ADVANCED_FACE ( 'NONE', ( #3234 ), #539, .T. ) ;
#1501 = ORIENTED_EDGE ( 'NONE', *, *, #512, .T. ) ;
#1502 = CARTESIAN_POINT ( 'NONE',  ( -1.219999999999999973, -1.125000000000000222, 0.03000000000000002318 ) ) ;
#1503 =( NAMED_UNIT ( * ) SI_UNIT ( $, .STERADIAN. ) SOLID_ANGLE_UNIT ( ) );
#1504 = DIRECTION ( 'NONE',  ( 0.0000000000000000000, 1.000000000000000000, 0.0000000000000000000 ) ) ;
#1505 = CARTESIAN_POINT ( 'NONE',  ( -1.649999999999999911, 0.0000000000000000000, 0.3099999999999999978 ) ) ;
#1506 = ORIENTED_EDGE ( 'NONE', *, *, #2061, .F. ) ;
#1507 = CARTESIAN_POINT ( 'NONE',  ( -1.519744788236716104, 1.524999999999999911, 0.04999999999999957950 ) ) ;
#1508 = ORIENTED_EDGE ( 'NONE', *, *, #3281, .T. ) ;
#1509 = DIRECTION ( 'NONE',  ( 0.0000000000000000000, 0.0000000000000000000, 1.000000000000000000 ) ) ;
#1510 = PLANE ( 'NONE',  #24 ) ;
#1511 = VERTEX_POINT ( 'NONE', #1118 ) ;
#1512 =( NAMED_UNIT ( * ) PLANE_ANGLE_UNIT ( ) SI_UNIT ( $, .RADIAN. ) );
#1513 = DIRECTION ( 'NONE',  ( 0.0000000000000000000, -5.637851296924626843E-14, 1.000000000000000000 ) ) ;
#1514 = PRODUCT_DEFINITION_CONTEXT ( 'detailed design', #1922, 'design' ) ;
#1515 = CARTESIAN_POINT ( 'NONE',  ( 1.219999999999999973, -0.1749999999999999889, 0.3099999999999999978 ) ) ;
#1516 = ORIENTED_EDGE ( 'NONE', *, *, #2599, .F. ) ;
#1517 = CARTESIAN_POINT ( 'NONE',  ( 1.325651190893909925, -1.325651190893909925, 1.040000000000000036 ) ) ;
#1518 = EDGE_LOOP ( 'NONE', ( #2677, #3533, #1886, #3051, #3241, #1481, #3500, #2746, #253, #602, #777, #2485, #2303, #358, #584, #1655, #3388, #2768 ) ) ;
#1519 = ADVANCED_FACE ( 'NONE', ( #413 ), #2429, .T. ) ;
#1520 = ADVANCED_FACE ( 'NONE', ( #159 ), #1279, .T. ) ;
#1521 = DIRECTION ( 'NONE',  ( 0.0000000000000000000, -0.0000000000000000000, 1.000000000000000000 ) ) ;
#1522 = CARTESIAN_POINT ( 'NONE',  ( -0.8844695683098015015, 1.072058498556987427, 0.9899999999999999911 ) ) ;
#1523 = ORIENTED_EDGE ( 'NONE', *, *, #2167, .F. ) ;
#1524 = DIRECTION ( 'NONE',  ( 0.0000000000000000000, 0.0000000000000000000, 1.000000000000000000 ) ) ;
#1525 = ORIENTED_EDGE ( 'NONE', *, *, #104, .F. ) ;
#1526 = EDGE_CURVE ( 'NONE', #3485, #1892, #3415, .T. ) ;
#1527 = CARTESIAN_POINT ( 'NONE',  ( -0.3250000000000000666, -1.649999999999999689, 0.03000000000000001277 ) ) ;
#1528 = DIRECTION ( 'NONE',  ( 0.0000000000000000000, -1.000000000000000000, -0.0000000000000000000 ) ) ;
#1529 = ORIENTED_EDGE ( 'NONE', *, *, #2814, .F. ) ;
#1530 = CARTESIAN_POINT ( 'NONE',  ( 1.401351120628850033, 1.373814195878120037, 1.040000000000000036 ) ) ;
#1531 = VECTOR ( 'NONE', #432, 1000.000000000000000 ) ;
#1532 = DIRECTION ( 'NONE',  ( 0.0000000000000000000, 0.0000000000000000000, -1.000000000000000000 ) ) ;
#1533 = CARTESIAN_POINT ( 'NONE',  ( -0.3589999999999999858, -0.2449999999999999956, 0.3099999999999999978 ) ) ;
#1534 = VECTOR ( 'NONE', #3427, 1000.000000000000000 ) ;
#1535 = FILL_AREA_STYLE_COLOUR ( '', #3495 ) ;
#1536 = ORIENTED_EDGE ( 'NONE', *, *, #2561, .T. ) ;
#1537 = CARTESIAN_POINT ( 'NONE',  ( -1.519744788236716104, -1.420292598699890441, 0.04999999999999975991 ) ) ;
#1538 = ORIENTED_EDGE ( 'NONE', *, *, #3011, .T. ) ;
#1539 = CARTESIAN_POINT ( 'NONE',  ( -1.649999999999999911, 1.125000000000000222, 0.03000000000000002318 ) ) ;
#1540 =( NAMED_UNIT ( * ) PLANE_ANGLE_UNIT ( ) SI_UNIT ( $, .RADIAN. ) );
#1541 = ORIENTED_EDGE ( 'NONE', *, *, #1819, .F. ) ;
#1542 = DIRECTION ( 'NONE',  ( 1.000000000000000000, 0.0000000000000000000, 0.0000000000000000000 ) ) ;
#1543 = EDGE_LOOP ( 'NONE', ( #2253, #1837, #751, #1853 ) ) ;
#1544 = EDGE_CURVE ( 'NONE', #2415, #1121, #1166, .T. ) ;
#1545 = VECTOR ( 'NONE', #575, 1000.000000000000000 ) ;
#1546 = LINE ( 'NONE', #2339, #2774 ) ;
#1547 = DIRECTION ( 'NONE',  ( -2.978066053179070216E-17, 1.000000000000000000, 0.0000000000000000000 ) ) ;
#1548 = EDGE_CURVE ( 'NONE', #2369, #995, #2597, .T. ) ;
#1550 = VERTEX_POINT ( 'NONE', #2278 ) ;
#1549 = VECTOR ( 'NONE', #210, 1000.000000000000000 ) ;
#1551 = CARTESIAN_POINT ( 'NONE',  ( 1.335288710190750017, 1.424999538579289959, 0.9514548762039409802 ) ) ;
#1552 = EDGE_CURVE ( 'NONE', #3613, #2320, #3129, .T. ) ;
#1553 =( NAMED_UNIT ( * ) SI_UNIT ( $, .STERADIAN. ) SOLID_ANGLE_UNIT ( ) );
#1554 = VECTOR ( 'NONE', #1624, 1000.000000000000000 ) ;
#1555 = FACE_OUTER_BOUND ( 'NONE', #952, .T. ) ;
#1556 = FACE_OUTER_BOUND ( 'NONE', #548, .T. ) ;
#1557 = STYLED_ITEM ( 'NONE', ( #2031 ), #2750 ) ;
#1558 = DIRECTION ( 'NONE',  ( -1.000000000000000000, 0.0000000000000000000, -0.0000000000000000000 ) ) ;
#1559 = VECTOR ( 'NONE', #1759, 1000.000000000000000 ) ;
#1560 = ORIENTED_EDGE ( 'NONE', *, *, #2563, .T. ) ;
#1561 = FACE_OUTER_BOUND ( 'NONE', #2522, .T. ) ;
#1562 = VECTOR ( 'NONE', #2231, 1000.000000000000000 ) ;
#1563 = EDGE_LOOP ( 'NONE', ( #3013, #1465, #2910, #680 ) ) ;
#1564 =( GEOMETRIC_REPRESENTATION_CONTEXT ( 3 ) GLOBAL_UNCERTAINTY_ASSIGNED_CONTEXT ( ( #1769 ) ) GLOBAL_UNIT_ASSIGNED_CONTEXT ( ( #3508, #1475, #1553 ) ) REPRESENTATION_CONTEXT ( 'NONE', 'WORKASPACE' ) );
#1565 = LINE ( 'NONE', #3496, #1728 ) ;
#1566 = CARTESIAN_POINT ( 'NONE',  ( -1.152484094624790734, 1.003941175863179991, 1.031736481593270582 ) ) ;
#1567 = VERTEX_POINT ( 'NONE', #1988 ) ;
#1568 = CARTESIAN_POINT ( 'NONE',  ( -1.141810963553232083, 1.279680751243283954, 0.9900000000000016565 ) ) ;
#1569 = CARTESIAN_POINT ( 'NONE',  ( -1.424820862162577084, 1.351508147351717204, 0.9531408280950383061 ) ) ;
#1570 = FILL_AREA_STYLE_COLOUR ( '', #2316 ) ;
#1571 = EDGE_LOOP ( 'NONE', ( #2175, #2045, #702, #993, #2761, #2870, #1429, #3373 ) ) ;
#1572 = CARTESIAN_POINT ( 'NONE',  ( 1.219999999999999973, 0.2449999999999999956, 0.03000000000000002318 ) ) ;
#1573 = LINE ( 'NONE', #1348, #3088 ) ;
#1574 = ADVANCED_FACE ( 'NONE', ( #842 ), #3400, .F. ) ;
#1575 = EDGE_CURVE ( 'NONE', #3144, #934, #1411, .T. ) ;
#1576 = PLANE ( 'NONE',  #2435 ) ;
#1577 = CARTESIAN_POINT ( 'NONE',  ( -1.325651190893909925, -1.325651190893909925, 0.9399999999999999467 ) ) ;
#1578 = VERTEX_POINT ( 'NONE', #1710 ) ;
#1579 = VERTEX_POINT ( 'NONE', #3083 ) ;
#1580 = DIRECTION ( 'NONE',  ( 0.0000000000000000000, 0.0000000000000000000, -1.000000000000000000 ) ) ;
#1581 = ORIENTED_EDGE ( 'NONE', *, *, #899, .T. ) ;
#1582 = FILL_AREA_STYLE_COLOUR ( '', #3200 ) ;
#1583 = EDGE_LOOP ( 'NONE', ( #1339, #3542, #957, #835, #2371, #3134 ) ) ;
#1584 = DIRECTION ( 'NONE',  ( -0.0000000000000000000, -1.000000000000000000, -0.0000000000000000000 ) ) ;
#1585 = CARTESIAN_POINT ( 'NONE',  ( -1.153365729548374352, 1.003941175863180213, 1.036736481776671104 ) ) ;
#1586 = ORIENTED_EDGE ( 'NONE', *, *, #3529, .T. ) ;
#1587 = LINE ( 'NONE', #1622, #727 ) ;
#1588 = FILL_AREA_STYLE_COLOUR ( '', #2491 ) ;
#1589 = CARTESIAN_POINT ( 'NONE',  ( -0.07500000000000106581, 1.519744788236716104, 0.04999999999999980849 ) ) ;
#1590 = UNCERTAINTY_MEASURE_WITH_UNIT (LENGTH_MEASURE( 1.000000000000000082E-05 ), #1055, 'distance_accuracy_value', 'NONE');
#1591 = DIRECTION ( 'NONE',  ( -0.0000000000000000000, -1.000000000000000000, 0.0000000000000000000 ) ) ;
#1592 =( GEOMETRIC_REPRESENTATION_CONTEXT ( 3 ) GLOBAL_UNCERTAINTY_ASSIGNED_CONTEXT ( ( #447 ) ) GLOBAL_UNIT_ASSIGNED_CONTEXT ( ( #816, #2556, #34 ) ) REPRESENTATION_CONTEXT ( 'NONE', 'WORKASPACE' ) );
#1593 = VERTEX_POINT ( 'NONE', #1733 ) ;
#1594 = EDGE_CURVE ( 'NONE', #2389, #1839, #1462, .T. ) ;
#1595 = MECHANICAL_DESIGN_GEOMETRIC_PRESENTATION_REPRESENTATION (  '', ( #1612 ), #3364 ) ;
#1596 = CARTESIAN_POINT ( 'NONE',  ( 1.325651190893909925, -1.325651190893909925, 0.9399999999999999467 ) ) ;
#1597 = ORIENTED_EDGE ( 'NONE', *, *, #1181, .F. ) ;
#1598 = ORIENTED_EDGE ( 'NONE', *, *, #2645, .T. ) ;
#1599 = FILL_AREA_STYLE_COLOUR ( '', #66 ) ;
#1600 = CARTESIAN_POINT ( 'NONE',  ( 1.519744788236717215, -1.420292598699889330, 0.04999999999999990563 ) ) ;
#1601 = VERTEX_POINT ( 'NONE', #7 ) ;
#1602 = CARTESIAN_POINT ( 'NONE',  ( -0.04100000000000020989, 1.059358363155489924, 0.05000000000000000278 ) ) ;
#1603 = CARTESIAN_POINT ( 'NONE',  ( -1.003941175863179991, 1.003941175863179991, 1.031736481776670544 ) ) ;
#1604 = CARTESIAN_POINT ( 'NONE',  ( -1.219999999999999973, -0.8249999999999998446, 0.03000000000000002318 ) ) ;
#1605 = CARTESIAN_POINT ( 'NONE',  ( 1.239999999999999991, 0.0000000000000000000, 0.03000000000000000236 ) ) ;
#1606 = VECTOR ( 'NONE', #188, 1000.000000000000114 ) ;
#1607 = PLANE ( 'NONE',  #2898 ) ;
#1608 = VECTOR ( 'NONE', #1203, 1000.000000000000000 ) ;
#1609 = FACE_OUTER_BOUND ( 'NONE', #2892, .T. ) ;
#1610 = VERTEX_POINT ( 'NONE', #2811 ) ;
#1611 = MECHANICAL_DESIGN_GEOMETRIC_PRESENTATION_REPRESENTATION (  '', ( #2908 ), #3561 ) ;
#1612 = STYLED_ITEM ( 'NONE', ( #2394 ), #2407 ) ;
#1613 = DIRECTION ( 'NONE',  ( 0.0000000000000000000, 0.0000000000000000000, -1.000000000000000000 ) ) ;
#1614 = ADVANCED_FACE ( 'NONE', ( #284 ), #46, .F. ) ;
#1615 = MECHANICAL_DESIGN_GEOMETRIC_PRESENTATION_REPRESENTATION (  '', ( #2851 ), #3265 ) ;
#1616 = VERTEX_POINT ( 'NONE', #1445 ) ;
#1617 = FILL_AREA_STYLE ('',( #1582 ) ) ;
#1618 = ORIENTED_EDGE ( 'NONE', *, *, #1594, .T. ) ;
#1619 =( GEOMETRIC_REPRESENTATION_CONTEXT ( 3 ) GLOBAL_UNCERTAINTY_ASSIGNED_CONTEXT ( ( #3170 ) ) GLOBAL_UNIT_ASSIGNED_CONTEXT ( ( #2026, #2529, #99 ) ) REPRESENTATION_CONTEXT ( 'NONE', 'WORKASPACE' ) );
#1620 = CARTESIAN_POINT ( 'NONE',  ( 1.649999999999999911, -1.125000000000000222, 0.3099999999999999978 ) ) ;
#1621 = ORIENTED_EDGE ( 'NONE', *, *, #2580, .F. ) ;
#1622 = CARTESIAN_POINT ( 'NONE',  ( 1.219999999999999973, -0.1749999999999999889, 0.3099999999999999978 ) ) ;
#1623 = DIRECTION ( 'NONE',  ( -0.0000000000000000000, 0.0000000000000000000, -1.000000000000000000 ) ) ;
#1624 = DIRECTION ( 'NONE',  ( -0.0000000000000000000, -1.000000000000000000, -0.0000000000000000000 ) ) ;
#1625 = UNCERTAINTY_MEASURE_WITH_UNIT (LENGTH_MEASURE( 1.000000000000000082E-05 ), #2707, 'distance_accuracy_value', 'NONE');
#1626 =( LENGTH_UNIT ( ) NAMED_UNIT ( * ) SI_UNIT ( .MILLI., .METRE. ) );
#1627 = LINE ( 'NONE', #2228, #1245 ) ;
#1628 = CARTESIAN_POINT ( 'NONE',  ( -1.381238393696309963, -1.409252488532859893, 0.9546293008966619809 ) ) ;
#1629 = CARTESIAN_POINT ( 'NONE',  ( -0.8711485212103760034, 1.003941175863179991, 1.000000000000000000 ) ) ;
#1630 = ORIENTED_EDGE ( 'NONE', *, *, #1370, .T. ) ;
#1631 = PLANE ( 'NONE',  #2154 ) ;
#1632 = ORIENTED_EDGE ( 'NONE', *, *, #1397, .T. ) ;
#1633 = EDGE_CURVE ( 'NONE', #2981, #1671, #2531, .T. ) ;
#1634 = EDGE_CURVE ( 'NONE', #3632, #1610, #628, .T. ) ;
#1635 = FACE_OUTER_BOUND ( 'NONE', #1571, .T. ) ;
#1636 = FACE_OUTER_BOUND ( 'NONE', #3271, .T. ) ;
#1637 = EDGE_LOOP ( 'NONE', ( #2033, #1106, #2705, #1422, #2679, #1630 ) ) ;
#1638 = DIRECTION ( 'NONE',  ( 0.0000000000000000000, 0.0000000000000000000, -1.000000000000000000 ) ) ;
#1639 =( NAMED_UNIT ( * ) PLANE_ANGLE_UNIT ( ) SI_UNIT ( $, .RADIAN. ) );
#1640 = EDGE_CURVE ( 'NONE', #1072, #1601, #1477, .T. ) ;
#1641 = LINE ( 'NONE', #1605, #2612 ) ;
#1642 = DIRECTION ( 'NONE',  ( 0.0000000000000000000, 1.000000000000000000, 0.0000000000000000000 ) ) ;
#1643 = SURFACE_SIDE_STYLE ('',( #1031 ) ) ;
#1644 = FACE_OUTER_BOUND ( 'NONE', #2636, .T. ) ;
#1645 = CARTESIAN_POINT ( 'NONE',  ( -1.162186720666714246, 0.9605601597803127278, 1.040000000000000036 ) ) ;
#1646 = COLOUR_RGB ( '',0.1529411764705882470, 0.1529411764705882470, 0.1529411764705882470 ) ;
#1647 = PLANE ( 'NONE',  #374 ) ;
#1648 = ORIENTED_EDGE ( 'NONE', *, *, #919, .F. ) ;
#1649 = DIRECTION ( 'NONE',  ( -0.1045284632676540398, -0.0000000000000000000, -0.9945218953682732899 ) ) ;
#1650 = ORIENTED_EDGE ( 'NONE', *, *, #2519, .F. ) ;
#1651 = VECTOR ( 'NONE', #2181, 1000.000000000000000 ) ;
#1652 = VECTOR ( 'NONE', #3050, 1000.000000000000000 ) ;
#1653 = DIRECTION ( 'NONE',  ( 0.0000000000000000000, -0.0000000000000000000, 1.000000000000000000 ) ) ;
#1654 = EDGE_CURVE ( 'NONE', #1579, #1237, #3188, .T. ) ;
#1655 = ORIENTED_EDGE ( 'NONE', *, *, #3210, .T. ) ;
#1656 = CARTESIAN_POINT ( 'NONE',  ( -0.8506273126108335747, 1.003941175863180213, 1.040000000000001590 ) ) ;
#1657 = PLANE ( 'NONE',  #1971 ) ;
#1658 = FACE_OUTER_BOUND ( 'NONE', #3448, .T. ) ;
#1659 = EDGE_CURVE ( 'NONE', #3469, #1281, #1255, .T. ) ;
#1660 = ADVANCED_FACE ( 'NONE', ( #1556 ), #1810, .T. ) ;
#1661 = CARTESIAN_POINT ( 'NONE',  ( -1.219999999999999973, -0.8249999999999999556, 0.3099999999999999978 ) ) ;
#1662 = STYLED_ITEM ( 'NONE', ( #2087 ), #686 ) ;
#1663 = CARTESIAN_POINT ( 'NONE',  ( 1.492417687067639998, -1.524999999999999911, 0.3100000000000001088 ) ) ;
#1664 = CARTESIAN_POINT ( 'NONE',  ( 1.351508147351714983, -1.424820862162577972, 0.9531408280950385281 ) ) ;
#1665 = CARTESIAN_POINT ( 'NONE',  ( -0.8613004436739402081, 1.003941175863179991, 0.9982635181700061366 ) ) ;
#1666 = DIRECTION ( 'NONE',  ( -1.000000000000000000, 0.0000000000000000000, 0.0000000000000000000 ) ) ;
#1667 = VECTOR ( 'NONE', #2602, 1000.000000000000000 ) ;
#1668 = VERTEX_POINT ( 'NONE', #2692 ) ;
#1669 = LINE ( 'NONE', #277, #1764 ) ;
#1670 = VECTOR ( 'NONE', #3248, 1000.000000000000000 ) ;
#1671 = VERTEX_POINT ( 'NONE', #116 ) ;
#1672 = VECTOR ( 'NONE', #1835, 1000.000000000000000 ) ;
#1673 = CARTESIAN_POINT ( 'NONE',  ( -1.649999999999999911, 0.8249999999999999556, 0.3099999999999999978 ) ) ;
#1674 = PRESENTATION_LAYER_ASSIGNMENT (  '', '', ( #3266 ) ) ;
#1675 = AXIS2_PLACEMENT_3D ( 'NONE', #779, #226, #2755 ) ;
#1676 = CARTESIAN_POINT ( 'NONE',  ( -0.3589999999999999303, -0.2449999999999999956, 0.3099999999999999978 ) ) ;
#1677 = CARTESIAN_POINT ( 'NONE',  ( -1.219999999999999973, 1.125000000000000222, 0.03000000000000002318 ) ) ;
#1678 = EDGE_CURVE ( 'NONE', #222, #1211, #2634, .T. ) ;
#1679 = EDGE_CURVE ( 'NONE', #3252, #291, #2386, .T. ) ;
#1680 = FILL_AREA_STYLE_COLOUR ( '', #1954 ) ;
#1681 = DIRECTION ( 'NONE',  ( -0.7071067811865474617, -0.7071067811865474617, 0.0000000000000000000 ) ) ;
#1682 =( NAMED_UNIT ( * ) PLANE_ANGLE_UNIT ( ) SI_UNIT ( $, .RADIAN. ) );
#1683 = DIRECTION ( 'NONE',  ( 1.000000000000000000, 0.0000000000000000000, 0.0000000000000000000 ) ) ;
#1684 = ORIENTED_EDGE ( 'NONE', *, *, #2471, .T. ) ;
#1685 = LINE ( 'NONE', #814, #2592 ) ;
#1686 = ORIENTED_EDGE ( 'NONE', *, *, #1840, .T. ) ;
#1687 = CARTESIAN_POINT ( 'NONE',  ( -1.492417687067639998, 1.524999999999999911, 0.3100000000000001088 ) ) ;
#1688 = DIRECTION ( 'NONE',  ( 0.0000000000000000000, -1.000000000000000000, 0.0000000000000000000 ) ) ;
#1689 = ORIENTED_EDGE ( 'NONE', *, *, #2428, .F. ) ;
#1690 = PRESENTATION_LAYER_ASSIGNMENT (  '', '', ( #3290 ) ) ;
#1691 = DIRECTION ( 'NONE',  ( 1.000000000000000000, -0.0000000000000000000, 0.0000000000000000000 ) ) ;
#1692 =( LENGTH_UNIT ( ) NAMED_UNIT ( * ) SI_UNIT ( .MILLI., .METRE. ) );
#1693 = DIRECTION ( 'NONE',  ( 0.0000000000000000000, 1.000000000000000000, 0.0000000000000000000 ) ) ;
#1694 = DIRECTION ( 'NONE',  ( -1.000000000000000000, 0.0000000000000000000, 0.0000000000000000000 ) ) ;
#1695 = PRODUCT_DEFINITION ( 'UNKNOWN', '', #1461, #1514 ) ;
#1696 = EDGE_CURVE ( 'NONE', #2610, #2595, #2674, .T. ) ;
#1697 = PLANE ( 'NONE',  #83 ) ;
#1698 = LINE ( 'NONE', #915, #789 ) ;
#1699 = EDGE_CURVE ( 'NONE', #704, #3294, #169, .T. ) ;
#1700 = ORIENTED_EDGE ( 'NONE', *, *, #580, .F. ) ;
#1701 = DIRECTION ( 'NONE',  ( 0.1045284632676540398, 0.0000000000000000000, -0.9945218953682732899 ) ) ;
#1702 = VECTOR ( 'NONE', #3157, 1000.000000000000000 ) ;
#1703 = DIRECTION ( 'NONE',  ( 0.0000000000000000000, -1.000000000000000000, -0.0000000000000000000 ) ) ;
#1704 = EDGE_LOOP ( 'NONE', ( #1054, #2388, #1090, #869 ) ) ;
#1705 = SURFACE_STYLE_FILL_AREA ( #2540 ) ;
#1706 = DIRECTION ( 'NONE',  ( -0.0000000000000000000, -1.000000000000000000, -0.0000000000000000000 ) ) ;
#1707 = CARTESIAN_POINT ( 'NONE',  ( -1.410725218524220281, 1.351277487830990331, 1.039999999999990044 ) ) ;
#1708 = LINE ( 'NONE', #43, #440 ) ;
#1709 = LINE ( 'NONE', #2824, #18 ) ;
#1710 = CARTESIAN_POINT ( 'NONE',  ( -0.3589999999999999303, -0.2449999999999999956, 0.05000000000000000278 ) ) ;
#1711 = CARTESIAN_POINT ( 'NONE',  ( -1.335288710190720041, -1.424999538579289959, 0.9514548762039130025 ) ) ;
#1712 = VECTOR ( 'NONE', #6, 1000.000000000000000 ) ;
#1713 = DIRECTION ( 'NONE',  ( 0.0000000000000000000, 0.0000000000000000000, -1.000000000000000000 ) ) ;
#1714 = ORIENTED_EDGE ( 'NONE', *, *, #1397, .F. ) ;
#1715 =( LENGTH_UNIT ( ) NAMED_UNIT ( * ) SI_UNIT ( .MILLI., .METRE. ) );
#1716 = FACE_OUTER_BOUND ( 'NONE', #678, .T. ) ;
#1717 = VECTOR ( 'NONE', #1309, 1000.000000000000000 ) ;
#1718 = ADVANCED_FACE ( 'NONE', ( #929 ), #425, .T. ) ;
#1719 = AXIS2_PLACEMENT_3D ( 'NONE', #3131, #349, #3437 ) ;
#1720 = EDGE_CURVE ( 'NONE', #242, #1112, #2917, .T. ) ;
#1721 = SURFACE_SIDE_STYLE ('',( #3498 ) ) ;
#1722 = ORIENTED_EDGE ( 'NONE', *, *, #2232, .T. ) ;
#1723 = ORIENTED_EDGE ( 'NONE', *, *, #707, .F. ) ;
#1724 = MECHANICAL_DESIGN_GEOMETRIC_PRESENTATION_REPRESENTATION (  '', ( #205 ), #965 ) ;
#1725 = DIRECTION ( 'NONE',  ( 0.0000000000000000000, 1.000000000000000000, 0.0000000000000000000 ) ) ;
#1726 = VECTOR ( 'NONE', #677, 1000.000000000000000 ) ;
#1727 = FACE_OUTER_BOUND ( 'NONE', #410, .T. ) ;
#1728 = VECTOR ( 'NONE', #2116, 1000.000000000000000 ) ;
#1729 = ORIENTED_EDGE ( 'NONE', *, *, #393, .T. ) ;
#1730 = CARTESIAN_POINT ( 'NONE',  ( 0.0000000000000000000, 0.8249999999999999556, 0.03000000000000000236 ) ) ;
#1731 = PRESENTATION_LAYER_ASSIGNMENT (  '', '', ( #802 ) ) ;
#1732 = CARTESIAN_POINT ( 'NONE',  ( 1.524999999999999911, 0.4750000000000010325, 0.0000000000000000000 ) ) ;
#1733 = CARTESIAN_POINT ( 'NONE',  ( -1.136733830515985533, 1.003941175863179991, 0.9899999999999999911 ) ) ;
#1734 = CARTESIAN_POINT ( 'NONE',  ( -1.519744788236716104, 0.8249999999999997335, 0.04999999999999972522 ) ) ;
#1735 = CARTESIAN_POINT ( 'NONE',  ( 1.219999999999999973, -0.1749999999999999889, 0.3099999999999999978 ) ) ;
#1736 = VERTEX_POINT ( 'NONE', #962 ) ;
#1737 = LINE ( 'NONE', #1773, #1463 ) ;
#1738 = DIRECTION ( 'NONE',  ( 0.0000000000000000000, -0.0000000000000000000, 1.000000000000000000 ) ) ;
#1739 = PLANE ( 'NONE',  #2644 ) ;
#1740 = VERTEX_POINT ( 'NONE', #699 ) ;
#1741 = LINE ( 'NONE', #3159, #1559 ) ;
#1742 = EDGE_CURVE ( 'NONE', #1225, #693, #386, .T. ) ;
#1743 = ORIENTED_EDGE ( 'NONE', *, *, #1319, .F. ) ;
#1744 = EDGE_CURVE ( 'NONE', #1772, #1, #1218, .T. ) ;
#1745 = DIRECTION ( 'NONE',  ( 0.0000000000000000000, -1.000000000000000000, -0.0000000000000000000 ) ) ;
#1746 = FILL_AREA_STYLE ('',( #2527 ) ) ;
#1747 = VERTEX_POINT ( 'NONE', #2344 ) ;
#1748 = ADVANCED_FACE ( 'NONE', ( #721 ), #1576, .T. ) ;
#1749 = DIRECTION ( 'NONE',  ( 0.0000000000000000000, 0.0000000000000000000, -1.000000000000000000 ) ) ;
#1750 = CARTESIAN_POINT ( 'NONE',  ( -0.04100000000000020295, 1.059358363155489924, 0.03000000000000002318 ) ) ;
#1751 = CARTESIAN_POINT ( 'NONE',  ( 0.0000000000000000000, 0.4749999999999999778, 0.05000000000000000278 ) ) ;
#1752 = LINE ( 'NONE', #2878, #2791 ) ;
#1753 = DIRECTION ( 'NONE',  ( -0.1039620511844982914, 0.1039620511845018580, -0.9891328443778534263 ) ) ;
#1754 = EDGE_LOOP ( 'NONE', ( #3538, #1139, #676 ) ) ;
#1755 = CARTESIAN_POINT ( 'NONE',  ( 1.325636372668600016, -1.425103541233810001, 0.9504513057696111211 ) ) ;
#1756 = FACE_OUTER_BOUND ( 'NONE', #2224, .T. ) ;
#1757 = LINE ( 'NONE', #2885, #2355 ) ;
#1758 = VERTEX_POINT ( 'NONE', #1497 ) ;
#1759 = DIRECTION ( 'NONE',  ( 0.0000000000000000000, 1.000000000000000000, 0.0000000000000000000 ) ) ;
#1760 = PRODUCT_DEFINITION_SHAPE ( 'NONE', 'NONE',  #1695 ) ;
#1761 = AXIS2_PLACEMENT_3D ( 'NONE', #1282, #714, #1012 ) ;
#1762 = CARTESIAN_POINT ( 'NONE',  ( 1.219999999999999973, 1.125000000000000222, 0.03000000000000000930 ) ) ;
#1763 = ORIENTED_EDGE ( 'NONE', *, *, #247, .F. ) ;
#1764 = VECTOR ( 'NONE', #1993, 1000.000000000000000 ) ;
#1765 = EDGE_CURVE ( 'NONE', #242, #1946, #134, .T. ) ;
#1766 = ADVANCED_FACE ( 'NONE', ( #945 ), #446, .T. ) ;
#1767 = FACE_OUTER_BOUND ( 'NONE', #1637, .T. ) ;
#1768 = DIRECTION ( 'NONE',  ( -0.0000000000000000000, -1.000000000000000000, -0.0000000000000000000 ) ) ;
#1769 = UNCERTAINTY_MEASURE_WITH_UNIT (LENGTH_MEASURE( 1.000000000000000082E-05 ), #3508, 'distance_accuracy_value', 'NONE');
#1770 = DIRECTION ( 'NONE',  ( 0.0000000000000000000, 0.0000000000000000000, -1.000000000000000000 ) ) ;
#1771 = DIRECTION ( 'NONE',  ( -0.9945218953682734009, 0.0000000000000000000, -0.1045284632676538733 ) ) ;
#1772 = VERTEX_POINT ( 'NONE', #3169 ) ;
#1773 = CARTESIAN_POINT ( 'NONE',  ( -1.219999999999999973, 0.0000000000000000000, 0.05000000000000000278 ) ) ;
#1774 = DIRECTION ( 'NONE',  ( 0.0000000000000000000, -0.0000000000000000000, 1.000000000000000000 ) ) ;
#1775 = CARTESIAN_POINT ( 'NONE',  ( -1.146581908052419996, 1.003941175863179991, 0.9982635181700061366 ) ) ;
#1776 = VECTOR ( 'NONE', #3399, 1000.000000000000114 ) ;
#1777 = CARTESIAN_POINT ( 'NONE',  ( 1.524999999999999911, 0.8250000000000006217, 0.0000000000000000000 ) ) ;
#1778 = ORIENTED_EDGE ( 'NONE', *, *, #198, .T. ) ;
#1779 = CARTESIAN_POINT ( 'NONE',  ( -1.420292598699891773, 1.519744788236716104, 0.04999999999999968359 ) ) ;
#1780 = ORIENTED_EDGE ( 'NONE', *, *, #3510, .T. ) ;
#1781 = AXIS2_PLACEMENT_3D ( 'NONE', #2088, #2934, #3489 ) ;
#1782 = VECTOR ( 'NONE', #1389, 1000.000000000000000 ) ;
#1783 = CARTESIAN_POINT ( 'NONE',  ( 1.219999999999999973, -1.054999999999999938, 0.3099999999999999978 ) ) ;
#1784 = PRESENTATION_LAYER_ASSIGNMENT (  '', '', ( #2078 ) ) ;
#1785 = VECTOR ( 'NONE', #2533, 1000.000000000000000 ) ;
#1786 = FACE_OUTER_BOUND ( 'NONE', #2351, .T. ) ;
#1787 = ORIENTED_EDGE ( 'NONE', *, *, #3256, .F. ) ;
#1788 =( NAMED_UNIT ( * ) SI_UNIT ( $, .STERADIAN. ) SOLID_ANGLE_UNIT ( ) );
#1789 = COLOUR_RGB ( '',0.1529411764705882470, 0.1529411764705882470, 0.1529411764705882470 ) ;
#1790 = AXIS2_PLACEMENT_3D ( 'NONE', #1629, #1047, #2762 ) ;
#1791 = PLANE ( 'NONE',  #485 ) ;
#1792 = DIRECTION ( 'NONE',  ( 0.1045284632676540398, 0.0000000000000000000, -0.9945218953682732899 ) ) ;
#1793 = EDGE_CURVE ( 'NONE', #289, #710, #787, .T. ) ;
#1794 = EDGE_CURVE ( 'NONE', #2796, #1911, #3511, .T. ) ;
#1795 = VECTOR ( 'NONE', #1097, 1000.000000000000000 ) ;
#1796 = LINE ( 'NONE', #2654, #2733 ) ;
#1797 = ORIENTED_EDGE ( 'NONE', *, *, #369, .F. ) ;
#1798 = CARTESIAN_POINT ( 'NONE',  ( -1.136733830515987087, 0.7383558665575660207, 0.9900000000000001021 ) ) ;
#1799 = EDGE_CURVE ( 'NONE', #1992, #657, #998, .T. ) ;
#1800 = FACE_OUTER_BOUND ( 'NONE', #2853, .T. ) ;
#1801 = CARTESIAN_POINT ( 'NONE',  ( -1.219999999999999973, -0.1749999999999999889, 0.03000000000000002318 ) ) ;
#1802 = ORIENTED_EDGE ( 'NONE', *, *, #782, .F. ) ;
#1803 = DIRECTION ( 'NONE',  ( -1.000000000000000000, 0.0000000000000000000, 0.0000000000000000000 ) ) ;
#1804 = ORIENTED_EDGE ( 'NONE', *, *, #3374, .F. ) ;
#1805 = PLANE ( 'NONE',  #2191 ) ;
#1806 = PLANE ( 'NONE',  #491 ) ;
#1807 = ORIENTED_EDGE ( 'NONE', *, *, #345, .F. ) ;
#1808 = FACE_OUTER_BOUND ( 'NONE', #1216, .T. ) ;
#1809 =( NAMED_UNIT ( * ) SI_UNIT ( $, .STERADIAN. ) SOLID_ANGLE_UNIT ( ) );
#1810 = PLANE ( 'NONE',  #1781 ) ;
#1811 = FACE_OUTER_BOUND ( 'NONE', #2606, .T. ) ;
#1812 = EDGE_CURVE ( 'NONE', #2944, #1903, #3603, .T. ) ;
#1813 = ORIENTED_EDGE ( 'NONE', *, *, #2849, .T. ) ;
#1814 = CARTESIAN_POINT ( 'NONE',  ( -0.8711485212103736719, 0.7383558665575661317, 0.9900000000000001021 ) ) ;
#1815 = ORIENTED_EDGE ( 'NONE', *, *, #2786, .T. ) ;
#1816 = FILL_AREA_STYLE ('',( #2095 ) ) ;
#1817 = CARTESIAN_POINT ( 'NONE',  ( 1.425103380430737365, -1.716239405786870176, 0.9504528463267656324 ) ) ;
#1818 = EDGE_CURVE ( 'NONE', #2201, #528, #517, .T. ) ;
#1819 = EDGE_CURVE ( 'NONE', #1992, #1963, #2757, .T. ) ;
#1820 = LINE ( 'NONE', #3640, #644 ) ;
#1821 = ORIENTED_EDGE ( 'NONE', *, *, #1209, .F. ) ;
#1822 = CARTESIAN_POINT ( 'NONE',  ( -0.9676290833008898140, 0.8710032623915825445, 0.9899999999999999911 ) ) ;
#1823 = VERTEX_POINT ( 'NONE', #1589 ) ;
#1824 = DIRECTION ( 'NONE',  ( -1.000000000000000000, 0.0000000000000000000, -0.0000000000000000000 ) ) ;
#1825 = SURFACE_STYLE_USAGE ( .BOTH. , #696 ) ;
#1826 = ORIENTED_EDGE ( 'NONE', *, *, #3374, .T. ) ;
#1827 = CARTESIAN_POINT ( 'NONE',  ( 1.492417687067639998, -0.1749999999999999611, 0.3100000000000000533 ) ) ;
#1828 = SURFACE_SIDE_STYLE ('',( #347 ) ) ;
#1829 = CARTESIAN_POINT ( 'NONE',  ( 1.524999999999999911, -0.4749999999999995337, 0.0000000000000000000 ) ) ;
#1830 = VECTOR ( 'NONE', #994, 1000.000000000000000 ) ;
#1831 = DIRECTION ( 'NONE',  ( 0.0000000000000000000, 0.0000000000000000000, -1.000000000000000000 ) ) ;
#1832 = ORIENTED_EDGE ( 'NONE', *, *, #1720, .F. ) ;
#1833 = PLANE ( 'NONE',  #493 ) ;
#1834 = ORIENTED_EDGE ( 'NONE', *, *, #1544, .T. ) ;
#1835 = DIRECTION ( 'NONE',  ( -0.0000000000000000000, -1.000000000000000000, -0.0000000000000000000 ) ) ;
#1836 = DIRECTION ( 'NONE',  ( -1.000000000000000000, 0.0000000000000000000, 0.0000000000000000000 ) ) ;
#1837 = ORIENTED_EDGE ( 'NONE', *, *, #2382, .F. ) ;
#1838 = DIRECTION ( 'NONE',  ( 0.0000000000000000000, -0.0000000000000000000, 1.000000000000000000 ) ) ;
#1839 = VERTEX_POINT ( 'NONE', #804 ) ;
#1840 = EDGE_CURVE ( 'NONE', #2509, #340, #1100, .T. ) ;
#1841 = SURFACE_SIDE_STYLE ('',( #1269 ) ) ;
#1842 = VECTOR ( 'NONE', #2858, 1000.000000000000000 ) ;
#1843 = CARTESIAN_POINT ( 'NONE',  ( 1.239999999999999991, -0.4749999999999999778, 0.05000000000000000971 ) ) ;
#1844 = CARTESIAN_POINT ( 'NONE',  ( 1.462952309187639965, 1.462952309187639965, -0.3663328794188500104 ) ) ;
#1845 =( GEOMETRIC_REPRESENTATION_CONTEXT ( 3 ) GLOBAL_UNCERTAINTY_ASSIGNED_CONTEXT ( ( #999 ) ) GLOBAL_UNIT_ASSIGNED_CONTEXT ( ( #1367, #2475, #1019 ) ) REPRESENTATION_CONTEXT ( 'NONE', 'WORKASPACE' ) );
#1846 = CARTESIAN_POINT ( 'NONE',  ( 1.649999999999999911, 0.0000000000000000000, 0.3099999999999999978 ) ) ;
#1847 = UNCERTAINTY_MEASURE_WITH_UNIT (LENGTH_MEASURE( 1.000000000000000082E-05 ), #2933, 'distance_accuracy_value', 'NONE');
#1848 = LINE ( 'NONE', #931, #908 ) ;
#1849 = CIRCLE ( 'NONE', #1258, 0.1000000000000000472 ) ;
#1850 = VERTEX_POINT ( 'NONE', #1349 ) ;
#1851 = DIRECTION ( 'NONE',  ( 0.0000000000000000000, 0.0000000000000000000, -1.000000000000000000 ) ) ;
#1852 = VECTOR ( 'NONE', #2977, 1000.000000000000000 ) ;
#1853 = ORIENTED_EDGE ( 'NONE', *, *, #2494, .F. ) ;
#1854 = VECTOR ( 'NONE', #1896, 1000.000000000000000 ) ;
#1855 = CARTESIAN_POINT ( 'NONE',  ( 1.420292598699890441, -1.519744788236716104, 0.04999999999999975991 ) ) ;
#1856 = ORIENTED_EDGE ( 'NONE', *, *, #2233, .T. ) ;
#1857 = CARTESIAN_POINT ( 'NONE',  ( -1.219999999999999973, 0.8249999999999998446, 0.04999999999999996808 ) ) ;
#1858 = ORIENTED_EDGE ( 'NONE', *, *, #3210, .F. ) ;
#1859 = CARTESIAN_POINT ( 'NONE',  ( -1.425103380550821752, 1.325651180250855710, 0.9504528452207583467 ) ) ;
#1860 = CARTESIAN_POINT ( 'NONE',  ( -1.152484094644831369, 0.7068553382998775669, 1.031736481776670322 ) ) ;
#1861 = ORIENTED_EDGE ( 'NONE', *, *, #983, .T. ) ;
#1862 = CARTESIAN_POINT ( 'NONE',  ( -1.649999999999999911, 0.0000000000000000000, 0.03000000000000000236 ) ) ;
#1863 = CARTESIAN_POINT ( 'NONE',  ( 1.649999999999999911, 1.125000000000000222, 0.03000000000000000930 ) ) ;
#1864 =( LENGTH_UNIT ( ) NAMED_UNIT ( * ) SI_UNIT ( .MILLI., .METRE. ) );
#1865 = EDGE_CURVE ( 'NONE', #2038, #3409, #2149, .T. ) ;
#1866 = SURFACE_STYLE_FILL_AREA ( #211 ) ;
#1867 = CARTESIAN_POINT ( 'NONE',  ( -1.649999999999999911, -0.4749999999999999778, 0.3099999999999999978 ) ) ;
#1868 = CARTESIAN_POINT ( 'NONE',  ( -1.649999999999999911, 1.125000000000000222, 0.3099999999999999978 ) ) ;
#1869 = LINE ( 'NONE', #1003, #2670 ) ;
#1870 = ORIENTED_EDGE ( 'NONE', *, *, #2134, .F. ) ;
#1871 = ORIENTED_EDGE ( 'NONE', *, *, #1204, .T. ) ;
#1872 = ORIENTED_EDGE ( 'NONE', *, *, #1881, .T. ) ;
#1873 = CARTESIAN_POINT ( 'NONE',  ( 1.239999999999999991, 0.0000000000000000000, 0.05000000000000000278 ) ) ;
#1874 = EDGE_LOOP ( 'NONE', ( #278, #2019, #1523, #3001, #3229, #3520 ) ) ;
#1875 = CARTESIAN_POINT ( 'NONE',  ( 1.492417687067639998, -1.524999999999999911, 0.3100000000000001088 ) ) ;
#1876 = DIRECTION ( 'NONE',  ( -0.9945218953682734009, 0.0000000000000000000, -0.1045284632676538733 ) ) ;
#1877 =( NAMED_UNIT ( * ) SI_UNIT ( $, .STERADIAN. ) SOLID_ANGLE_UNIT ( ) );
#1878 = UNCERTAINTY_MEASURE_WITH_UNIT (LENGTH_MEASURE( 1.000000000000000082E-05 ), #2029, 'distance_accuracy_value', 'NONE');
#1879 = FACE_OUTER_BOUND ( 'NONE', #1014, .T. ) ;
#1880 = PRESENTATION_LAYER_ASSIGNMENT (  '', '', ( #64 ) ) ;
#1881 = EDGE_CURVE ( 'NONE', #2057, #3148, #3288, .T. ) ;
#1882 = EDGE_CURVE ( 'NONE', #351, #2034, #745, .T. ) ;
#1883 = FACE_OUTER_BOUND ( 'NONE', #2010, .T. ) ;
#1884 = PRESENTATION_LAYER_ASSIGNMENT (  '', '', ( #2128 ) ) ;
#1885 = CARTESIAN_POINT ( 'NONE',  ( -1.492417687067639998, -0.4750000000000009770, 0.3100000000000001643 ) ) ;
#1886 = ORIENTED_EDGE ( 'NONE', *, *, #2471, .F. ) ;
#1887 = LINE ( 'NONE', #3334, #2384 ) ;
#1888 = ORIENTED_EDGE ( 'NONE', *, *, #2894, .T. ) ;
#1889 = CARTESIAN_POINT ( 'NONE',  ( -0.8660713881731283426, 1.279680751243283732, 0.9900000000000016565 ) ) ;
#1890 = EDGE_LOOP ( 'NONE', ( #1648, #2234, #2073, #400 ) ) ;
#1891 = DIRECTION ( 'NONE',  ( 6.468928640617810500E-17, -1.000000000000000000, -0.0000000000000000000 ) ) ;
#1892 = VERTEX_POINT ( 'NONE', #3342 ) ;
#1893 = FILL_AREA_STYLE ('',( #1570 ) ) ;
#1894 = VERTEX_POINT ( 'NONE', #501 ) ;
#1895 = LINE ( 'NONE', #2754, #668 ) ;
#1896 = DIRECTION ( 'NONE',  ( -0.0000000000000000000, 0.0000000000000000000, -1.000000000000000000 ) ) ;
#1897 = CARTESIAN_POINT ( 'NONE',  ( -1.649999999999999911, 0.8249999999999999556, 0.3099999999999999978 ) ) ;
#1898 = FACE_OUTER_BOUND ( 'NONE', #2965, .T. ) ;
#1899 = CARTESIAN_POINT ( 'NONE',  ( 1.325651190893909925, 0.0000000000000000000, 1.040000000000000036 ) ) ;
#1900 = ADVANCED_FACE ( 'NONE', ( #2170 ), #3619, .T. ) ;
#1901 = EDGE_CURVE ( 'NONE', #2155, #886, #2133, .T. ) ;
#1902 = CARTESIAN_POINT ( 'NONE',  ( -1.373842000090099935, -1.398718940799749566, 1.040000000000000258 ) ) ;
#1903 = VERTEX_POINT ( 'NONE', #1604 ) ;
#1904 = PRESENTATION_LAYER_ASSIGNMENT (  '', '', ( #431 ) ) ;
#1905 = STYLED_ITEM ( 'NONE', ( #1174 ), #2208 ) ;
#1906 = DIRECTION ( 'NONE',  ( 0.0000000000000000000, 0.0000000000000000000, -1.000000000000000000 ) ) ;
#1907 = VECTOR ( 'NONE', #3176, 1000.000000000000000 ) ;
#1908 = EDGE_CURVE ( 'NONE', #1281, #510, #3060, .T. ) ;
#1909 = ORIENTED_EDGE ( 'NONE', *, *, #369, .T. ) ;
#1910 = CARTESIAN_POINT ( 'NONE',  ( -1.649999999999999911, 0.1749999999999999889, 0.3099999999999999978 ) ) ;
#1911 = VERTEX_POINT ( 'NONE', #2735 ) ;
#1912 = MECHANICAL_DESIGN_GEOMETRIC_PRESENTATION_REPRESENTATION (  '', ( #802 ), #1619 ) ;
#1913 = CARTESIAN_POINT ( 'NONE',  ( -1.492417687067639998, -0.8250000000000007327, 0.3100000000000001088 ) ) ;
#1914 = DIRECTION ( 'NONE',  ( -1.000000000000000000, -0.0000000000000000000, 0.0000000000000000000 ) ) ;
#1915 = ORIENTED_EDGE ( 'NONE', *, *, #1274, .T. ) ;
#1916 = DIRECTION ( 'NONE',  ( 1.000000000000000000, 0.0000000000000000000, 0.0000000000000000000 ) ) ;
#1917 = FACE_OUTER_BOUND ( 'NONE', #604, .T. ) ;
#1918 = CARTESIAN_POINT ( 'NONE',  ( 1.478681396979908413, 1.519744788236715882, 0.05000000000000002359 ) ) ;
#1919 = LINE ( 'NONE', #3043, #2444 ) ;
#1920 = DIRECTION ( 'NONE',  ( 0.7071067811865500152, 0.7071067811865450192, 0.0000000000000000000 ) ) ;
#1921 = DIRECTION ( 'NONE',  ( 0.0000000000000000000, -0.0000000000000000000, 1.000000000000000000 ) ) ;
#1922 = APPLICATION_CONTEXT ( 'automotive_design' ) ;
#1923 = SURFACE_SIDE_STYLE ('',( #1412 ) ) ;
#1924 = EDGE_LOOP ( 'NONE', ( #1856, #48, #3392, #1417, #1501, #2780, #2092, #3394, #2668, #1778, #2641, #421, #974, #2487, #3032, #2002, #1249, #2051, #86, #2763 ) ) ;
#1925 = ADVANCED_FACE ( 'NONE', ( #2989 ), #1058, .T. ) ;
#1926 = DIRECTION ( 'NONE',  ( 1.000000000000000000, -2.921639538487249824E-16, 0.0000000000000000000 ) ) ;
#1927 = ORIENTED_EDGE ( 'NONE', *, *, #988, .F. ) ;
#1928 = FILL_AREA_STYLE ('',( #3352 ) ) ;
#1929 = ORIENTED_EDGE ( 'NONE', *, *, #1696, .T. ) ;
#1930 = EDGE_CURVE ( 'NONE', #1039, #3315, #265, .T. ) ;
#1931 = EDGE_CURVE ( 'NONE', #1487, #3277, #2822, .T. ) ;
#1932 = DIRECTION ( 'NONE',  ( -1.000000000000000000, 0.0000000000000000000, 0.0000000000000000000 ) ) ;
#1933 = CARTESIAN_POINT ( 'NONE',  ( -1.153365729548374352, 1.003941175863180213, 1.036736481776671104 ) ) ;
#1934 = ORIENTED_EDGE ( 'NONE', *, *, #1634, .T. ) ;
#1935 = CARTESIAN_POINT ( 'NONE',  ( -0.3589999999999999858, -1.149999999999999911, 0.3099999999999999978 ) ) ;
#1936 = CARTESIAN_POINT ( 'NONE',  ( -0.04100000000000020295, 0.0000000000000000000, 0.05000000000000000278 ) ) ;
#1937 = DIRECTION ( 'NONE',  ( 0.1045284632676540398, 0.0000000000000000000, 0.9945218953682732899 ) ) ;
#1938 =( NAMED_UNIT ( * ) SI_UNIT ( $, .STERADIAN. ) SOLID_ANGLE_UNIT ( ) );
#1939 = LINE ( 'NONE', #3044, #3023 ) ;
#1940 = LINE ( 'NONE', #3046, #3195 ) ;
#1941 = DIRECTION ( 'NONE',  ( -0.7071067811865460184, 0.7071067811865489050, 0.0000000000000000000 ) ) ;
#1942 = VECTOR ( 'NONE', #3339, 1000.000000000000114 ) ;
#1943 = DIRECTION ( 'NONE',  ( 0.7071067811865450192, -0.7071067811865500152, 0.0000000000000000000 ) ) ;
#1944 = ORIENTED_EDGE ( 'NONE', *, *, #761, .T. ) ;
#1945 = FACE_OUTER_BOUND ( 'NONE', #3047, .T. ) ;
#1946 = VERTEX_POINT ( 'NONE', #1677 ) ;
#1947 = DIRECTION ( 'NONE',  ( 1.000000000000000000, 0.0000000000000000000, 0.0000000000000000000 ) ) ;
#1948 = CARTESIAN_POINT ( 'NONE',  ( -0.8455501795514047680, 0.6871591832396284349, 1.040000000000000036 ) ) ;
#1949 = ADVANCED_FACE ( 'NONE', ( #1727 ), #1407, .T. ) ;
#1950 = ORIENTED_EDGE ( 'NONE', *, *, #1051, .T. ) ;
#1951 = EDGE_CURVE ( 'NONE', #1050, #1405, #1441, .T. ) ;
#1952 = CARTESIAN_POINT ( 'NONE',  ( -1.219999999999999973, 0.0000000000000000000, 0.05000000000000000278 ) ) ;
#1953 = CARTESIAN_POINT ( 'NONE',  ( -1.409252488532839909, 1.381238393696329947, 0.9546293008966639793 ) ) ;
#1954 = COLOUR_RGB ( '',0.1529411764705882470, 0.1529411764705882470, 0.1529411764705882470 ) ;
#1955 = DIRECTION ( 'NONE',  ( -0.0000000000000000000, -0.0000000000000000000, 1.000000000000000000 ) ) ;
#1956 = CARTESIAN_POINT ( 'NONE',  ( 1.649999999999999911, 0.0000000000000000000, 0.03000000000000000236 ) ) ;
#1957 = CARTESIAN_POINT ( 'NONE',  ( 1.413976688251876279, -1.377210201886732710, 0.9547024542757258647 ) ) ;
#1958 = AXIS2_PLACEMENT_3D ( 'NONE', #1661, #1042, #3268 ) ;
#1959 = CARTESIAN_POINT ( 'NONE',  ( -0.8455501795514041019, 1.003941175863179991, 1.040000000000000036 ) ) ;
#1960 = VECTOR ( 'NONE', #573, 1000.000000000000000 ) ;
#1961 = CARTESIAN_POINT ( 'NONE',  ( -1.649999999999999689, -0.4749999999999999778, 0.3099999999999999978 ) ) ;
#1962 = MECHANICAL_DESIGN_GEOMETRIC_PRESENTATION_REPRESENTATION (  '', ( #2495 ), #2440 ) ;
#1963 = VERTEX_POINT ( 'NONE', #326 ) ;
#1964 = VECTOR ( 'NONE', #1040, 1000.000000000000000 ) ;
#1965 = ORIENTED_EDGE ( 'NONE', *, *, #2895, .T. ) ;
#1966 = VECTOR ( 'NONE', #249, 1000.000000000000000 ) ;
#1967 = CARTESIAN_POINT ( 'NONE',  ( -1.351508147351717870, -1.424820862162577306, 0.9531408280950385281 ) ) ;
#1968 = CARTESIAN_POINT ( 'NONE',  ( -0.8455501795514043240, 1.003941175863179769, 1.040000000000000036 ) ) ;
#1969 = COLOUR_RGB ( '',0.7490196078431372584, 0.7490196078431372584, 0.7490196078431372584 ) ;
#1970 = EDGE_CURVE ( 'NONE', #3479, #2683, #1457, .T. ) ;
#1971 = AXIS2_PLACEMENT_3D ( 'NONE', #1186, #90, #1774 ) ;
#1972 = DIRECTION ( 'NONE',  ( 0.0000000000000000000, 0.0000000000000000000, -1.000000000000000000 ) ) ;
#1973 = CARTESIAN_POINT ( 'NONE',  ( -1.373814195878130029, 1.401351120628839819, 1.040000000000000258 ) ) ;
#1974 = SURFACE_STYLE_FILL_AREA ( #861 ) ;
#1975 = CARTESIAN_POINT ( 'NONE',  ( -0.3589999999999999858, -1.149999999999999911, 0.05000000000000000278 ) ) ;
#1976 = CARTESIAN_POINT ( 'NONE',  ( 1.325651190893909925, 1.325651190893909925, 0.9399999999999999467 ) ) ;
#1977 = PRESENTATION_STYLE_ASSIGNMENT (( #866 ) ) ;
#1978 = CARTESIAN_POINT ( 'NONE',  ( 1.524999999999999911, 1.492417687067639998, 0.3100000000000001088 ) ) ;
#1979 = LINE ( 'NONE', #1464, #3320 ) ;
#1980 = ORIENTED_EDGE ( 'NONE', *, *, #3139, .T. ) ;
#1981 = CARTESIAN_POINT ( 'NONE',  ( 1.239999999999999991, -0.8249999999999999556, 0.03000000000000000930 ) ) ;
#1982 = CARTESIAN_POINT ( 'NONE',  ( -1.716239405786870176, -1.325651190893909925, 0.9399999999999999467 ) ) ;
#1983 = ORIENTED_EDGE ( 'NONE', *, *, #554, .T. ) ;
#1984 = CARTESIAN_POINT ( 'NONE',  ( -1.524999999999999911, -1.492417687067639998, 0.3100000000000001088 ) ) ;
#1985 = CARTESIAN_POINT ( 'NONE',  ( -1.325651190893909925, 1.325651190893909925, 1.040000000000000036 ) ) ;
#1986 = CARTESIAN_POINT ( 'NONE',  ( 1.519744788236719213, 0.1750000000000001832, 0.04999999999999989869 ) ) ;
#1987 = DIRECTION ( 'NONE',  ( 0.0000000000000000000, 0.0000000000000000000, 1.000000000000000000 ) ) ;
#1988 = CARTESIAN_POINT ( 'NONE',  ( -1.519744788236717437, -0.8250000000000007327, 0.04999999999999973216 ) ) ;
#1989 = EDGE_CURVE ( 'NONE', #2783, #2265, #41, .T. ) ;
#1990 = ADVANCED_FACE ( 'NONE', ( #3147 ), #2510, .F. ) ;
#1991 = CARTESIAN_POINT ( 'NONE',  ( 0.0000000000000000000, 0.0000000000000000000, 0.03000000000000000236 ) ) ;
#1992 = VERTEX_POINT ( 'NONE', #1270 ) ;
#1993 = DIRECTION ( 'NONE',  ( 0.0000000000000000000, 0.0000000000000000000, 1.000000000000000000 ) ) ;
#1994 = ORIENTED_EDGE ( 'NONE', *, *, #1865, .T. ) ;
#1995 = COLOUR_RGB ( '',0.1529411764705882470, 0.1529411764705882470, 0.1529411764705882470 ) ;
#1996 = ORIENTED_EDGE ( 'NONE', *, *, #2185, .F. ) ;
#1997 = DIRECTION ( 'NONE',  ( 0.0000000000000000000, 1.000000000000000000, 0.0000000000000000000 ) ) ;
#1998 = AXIS2_PLACEMENT_3D ( 'NONE', #2121, #457, #3562 ) ;
#1999 = VERTEX_POINT ( 'NONE', #2667 ) ;
#2000 = CARTESIAN_POINT ( 'NONE',  ( 1.420292598699889330, 1.519744788236716104, 0.04999999999999985706 ) ) ;
#2001 = CARTESIAN_POINT ( 'NONE',  ( -1.325651190893909925, 1.325651190893909925, 1.040000000000000036 ) ) ;
#2002 = ORIENTED_EDGE ( 'NONE', *, *, #3102, .T. ) ;
#2003 = DIRECTION ( 'NONE',  ( 0.0000000000000000000, 0.0000000000000000000, -1.000000000000000000 ) ) ;
#2004 = DIRECTION ( 'NONE',  ( -0.0000000000000000000, -0.0000000000000000000, -1.000000000000000000 ) ) ;
#2005 = CARTESIAN_POINT ( 'NONE',  ( -1.524999999999999911, 1.524999999999999911, 0.0000000000000000000 ) ) ;
#2006 = CARTESIAN_POINT ( 'NONE',  ( 1.425021631517040088, 1.348234401476100075, 0.9528178452477920057 ) ) ;
#2007 = CARTESIAN_POINT ( 'NONE',  ( -1.524999999999999911, 0.4749999999999995337, 0.0000000000000000000 ) ) ;
#2008 = ADVANCED_FACE ( 'NONE', ( #1194 ), #1510, .T. ) ;
#2009 = ADVANCED_FACE ( 'NONE', ( #1786 ), #3181, .T. ) ;
#2010 = EDGE_LOOP ( 'NONE', ( #2405, #1929, #1821, #1832, #3125, #203 ) ) ;
#2011 = SURFACE_SIDE_STYLE ('',( #969 ) ) ;
#2012 = DIRECTION ( 'NONE',  ( -0.0000000000000000000, -0.0000000000000000000, -1.000000000000000000 ) ) ;
#2013 = AXIS2_PLACEMENT_3D ( 'NONE', #2305, #313, #865 ) ;
#2014 = AXIS2_PLACEMENT_3D ( 'NONE', #1735, #3152, #868 ) ;
#2015 = EDGE_CURVE ( 'NONE', #2723, #1758, #2891, .T. ) ;
#2016 = DIRECTION ( 'NONE',  ( -1.000000000000000000, -0.0000000000000000000, 0.0000000000000000000 ) ) ;
#2017 = EDGE_LOOP ( 'NONE', ( #2778, #3037, #2627, #3105 ) ) ;
#2018 = CARTESIAN_POINT ( 'NONE',  ( 1.219999999999999973, 0.2449999999999999956, 0.3099999999999999978 ) ) ;
#2019 = ORIENTED_EDGE ( 'NONE', *, *, #659, .T. ) ;
#2020 = VECTOR ( 'NONE', #2956, 1000.000000000000000 ) ;
#2021 = CARTESIAN_POINT ( 'NONE',  ( 1.492417687067639998, 0.4750000000000001443, 0.3100000000000000533 ) ) ;
#2022 = COLOUR_RGB ( '',0.1529411764705882470, 0.1529411764705882470, 0.1529411764705882470 ) ;
#2023 = DIRECTION ( 'NONE',  ( -1.000000000000000000, 0.0000000000000000000, -0.0000000000000000000 ) ) ;
#2024 = STYLED_ITEM ( 'NONE', ( #2564 ), #3355 ) ;
#2025 = ORIENTED_EDGE ( 'NONE', *, *, #1633, .F. ) ;
#2026 =( LENGTH_UNIT ( ) NAMED_UNIT ( * ) SI_UNIT ( .MILLI., .METRE. ) );
#2027 = COLOUR_RGB ( '',0.1529411764705882470, 0.1529411764705882470, 0.1529411764705882470 ) ;
#2028 = LINE ( 'NONE', #3382, #1776 ) ;
#2029 =( LENGTH_UNIT ( ) NAMED_UNIT ( * ) SI_UNIT ( .MILLI., .METRE. ) );
#2030 = UNCERTAINTY_MEASURE_WITH_UNIT (LENGTH_MEASURE( 1.000000000000000082E-05 ), #2854, 'distance_accuracy_value', 'NONE');
#2031 = PRESENTATION_STYLE_ASSIGNMENT (( #2584 ) ) ;
#2032 = DIRECTION ( 'NONE',  ( 0.0000000000000000000, 0.0000000000000000000, -1.000000000000000000 ) ) ;
#2033 = ORIENTED_EDGE ( 'NONE', *, *, #1931, .T. ) ;
#2034 = VERTEX_POINT ( 'NONE', #926 ) ;
#2035 = LINE ( 'NONE', #263, #1498 ) ;
#2036 = ADVANCED_FACE ( 'NONE', ( #399 ), #2631, .T. ) ;
#2037 = CARTESIAN_POINT ( 'NONE',  ( -1.072058498556987427, 1.123412783416547045, 0.9899999999999999911 ) ) ;
#2038 = VERTEX_POINT ( 'NONE', #3504 ) ;
#2039 = CARTESIAN_POINT ( 'NONE',  ( -1.123412783416554372, 0.9358238531693731099, 0.9899999999999999911 ) ) ;
#2040 = ORIENTED_EDGE ( 'NONE', *, *, #170, .T. ) ;
#2041 = EDGE_CURVE ( 'NONE', #2201, #884, #2044, .T. ) ;
#2042 = ADVANCED_FACE ( 'NONE', ( #2062 ), #1806, .T. ) ;
#2043 = DIRECTION ( 'NONE',  ( 0.0000000000000000000, 1.000000000000000000, 0.0000000000000000000 ) ) ;
#2044 = LINE ( 'NONE', #1215, #80 ) ;
#2045 = ORIENTED_EDGE ( 'NONE', *, *, #1640, .T. ) ;
#2046 = DIRECTION ( 'NONE',  ( 0.0000000000000000000, 0.0000000000000000000, 1.000000000000000000 ) ) ;
#2047 = SURFACE_STYLE_USAGE ( .BOTH. , #1828 ) ;
#2048 = CARTESIAN_POINT ( 'NONE',  ( 1.219999999999999973, 1.125000000000000222, 0.3099999999999999978 ) ) ;
#2049 = LINE ( 'NONE', #1478, #3615 ) ;
#2050 = CARTESIAN_POINT ( 'NONE',  ( -0.3250000000000000666, -1.183999999999999941, 0.05000000000000001665 ) ) ;
#2051 = ORIENTED_EDGE ( 'NONE', *, *, #247, .T. ) ;
#2052 = SURFACE_STYLE_FILL_AREA ( #68 ) ;
#2053 = PRESENTATION_STYLE_ASSIGNMENT (( #3443 ) ) ;
#2054 = CARTESIAN_POINT ( 'NONE',  ( 1.219999999999999973, 0.1749999999999999889, 0.05000000000000000971 ) ) ;
#2055 = VERTEX_POINT ( 'NONE', #978 ) ;
#2056 = CARTESIAN_POINT ( 'NONE',  ( -1.040253268425470612, 0.8712937800291695734, 0.9899999999999999911 ) ) ;
#2057 = VERTEX_POINT ( 'NONE', #3164 ) ;
#2058 = VECTOR ( 'NONE', #1327, 1000.000000000000000 ) ;
#2059 = DIRECTION ( 'NONE',  ( 0.0000000000000000000, -0.1045284632676540398, -0.9945218953682732899 ) ) ;
#2060 = ADVANCED_FACE ( 'NONE', ( #1248 ), #1230, .T. ) ;
#2061 = EDGE_CURVE ( 'NONE', #1747, #2313, #2928, .T. ) ;
#2062 = FACE_OUTER_BOUND ( 'NONE', #1130, .T. ) ;
#2063 = VERTEX_POINT ( 'NONE', #3221 ) ;
#2064 = FILL_AREA_STYLE_COLOUR ( '', #30 ) ;
#2065 = CARTESIAN_POINT ( 'NONE',  ( 1.524999999999999911, -0.8249999999999997335, 0.0000000000000000000 ) ) ;
#2066 = UNCERTAINTY_MEASURE_WITH_UNIT (LENGTH_MEASURE( 1.000000000000000082E-05 ), #2866, 'distance_accuracy_value', 'NONE');
#2067 = SURFACE_SIDE_STYLE ('',( #947 ) ) ;
#2068 = ORIENTED_EDGE ( 'NONE', *, *, #837, .T. ) ;
#2069 = ORIENTED_EDGE ( 'NONE', *, *, #346, .F. ) ;
#2070 = DIRECTION ( 'NONE',  ( 1.000000000000000000, -3.872871016134269937E-16, -0.0000000000000000000 ) ) ;
#2071 = CARTESIAN_POINT ( 'NONE',  ( 0.0000000000000000000, 1.125000000000000222, 0.03000000000000000236 ) ) ;
#2072 = CARTESIAN_POINT ( 'NONE',  ( -0.8455501795514041019, 1.003941175863179991, 1.040000000000000036 ) ) ;
#2073 = ORIENTED_EDGE ( 'NONE', *, *, #2695, .F. ) ;
#2074 = AXIS2_PLACEMENT_3D ( 'NONE', #2048, #101, #2363 ) ;
#2075 = PRESENTATION_LAYER_ASSIGNMENT (  '', '', ( #2728 ) ) ;
#2076 = B_SPLINE_CURVE_WITH_KNOTS ( 'NONE', 3,
 ( #808, #540, #1957, #521, #1664, #2795 ),
 .UNSPECIFIED., .F., .F.,
 ( 4, 2, 4 ),
 ( 0.0000000000000000000, 0.5000000000000000000, 1.000000000000000000 ),
 .UNSPECIFIED. ) ;
#2077 = LINE ( 'NONE', #2323, #3304 ) ;
#2078 = STYLED_ITEM ( 'NONE', ( #2874 ), #2084 ) ;
#2079 = CIRCLE ( 'NONE', #964, 0.01000000000000002623 ) ;
#2080 = DIRECTION ( 'NONE',  ( -1.000000000000000000, 0.0000000000000000000, 0.0000000000000000000 ) ) ;
#2081 = ORIENTED_EDGE ( 'NONE', *, *, #2141, .F. ) ;
#2082 = B_SPLINE_CURVE_WITH_KNOTS ( 'NONE', 3,
 ( #1859, #1569, #438, #2414, #756, #3317 ),
 .UNSPECIFIED., .F., .F.,
 ( 4, 2, 4 ),
 ( 0.0000000000000000000, 0.5000000000000000000, 1.000000000000000000 ),
 .UNSPECIFIED. ) ;
#2083 = SURFACE_STYLE_FILL_AREA ( #958 ) ;
#2084 = ADVANCED_FACE ( 'NONE', ( #146 ), #3522, .T. ) ;
#2085 = AXIS2_PLACEMENT_3D ( 'NONE', #179, #455, #509 ) ;
#2086 = VECTOR ( 'NONE', #2462, 1000.000000000000000 ) ;
#2087 = PRESENTATION_STYLE_ASSIGNMENT (( #2047 ) ) ;
#2088 = CARTESIAN_POINT ( 'NONE',  ( -1.219999999999999973, -0.1749999999999999889, 0.3099999999999999978 ) ) ;
#2089 = PRESENTATION_LAYER_ASSIGNMENT (  '', '', ( #499 ) ) ;
#2090 = EDGE_CURVE ( 'NONE', #2595, #2178, #514, .T. ) ;
#2091 = CYLINDRICAL_SURFACE ( 'NONE', #853, 0.09999999999999996392 ) ;
#2092 = ORIENTED_EDGE ( 'NONE', *, *, #2090, .T. ) ;
#2093 = PLANE ( 'NONE',  #2968 ) ;
#2094 = ORIENTED_EDGE ( 'NONE', *, *, #19, .T. ) ;
#2095 = FILL_AREA_STYLE_COLOUR ( '', #2176 ) ;
#2096 = PLANE ( 'NONE',  #1442 ) ;
#2097 = DIRECTION ( 'NONE',  ( 0.0000000000000000000, 0.0000000000000000000, -1.000000000000000000 ) ) ;
#2098 = ORIENTED_EDGE ( 'NONE', *, *, #328, .T. ) ;
#2099 = CARTESIAN_POINT ( 'NONE',  ( -1.649999999999999911, -0.1749999999999999889, 0.3099999999999999978 ) ) ;
#2100 = ORIENTED_EDGE ( 'NONE', *, *, #2941, .F. ) ;
#2101 = CARTESIAN_POINT ( 'NONE',  ( 0.0000000000000000000, 0.1749999999999999889, 0.3099999999999999978 ) ) ;
#2102 = DIRECTION ( 'NONE',  ( 0.0000000000000000000, 0.0000000000000000000, 1.000000000000000000 ) ) ;
#2103 = ORIENTED_EDGE ( 'NONE', *, *, #3139, .F. ) ;
#2104 = DIRECTION ( 'NONE',  ( 0.0000000000000000000, 0.0000000000000000000, 1.000000000000000000 ) ) ;
#2105 = DIRECTION ( 'NONE',  ( -1.000000000000000000, 0.0000000000000000000, -0.0000000000000000000 ) ) ;
#2106 = FILL_AREA_STYLE_COLOUR ( '', #902 ) ;
#2107 = DIRECTION ( 'NONE',  ( -0.0000000000000000000, 0.0000000000000000000, -1.000000000000000000 ) ) ;
#2108 = DIRECTION ( 'NONE',  ( 0.0000000000000000000, 1.000000000000000000, 0.0000000000000000000 ) ) ;
#2109 = CARTESIAN_POINT ( 'NONE',  ( -1.649999999999999911, -0.4749999999999999778, 0.3099999999999999978 ) ) ;
#2110 = EDGE_CURVE ( 'NONE', #42, #1262, #2455, .T. ) ;
#2111 = ADVANCED_FACE ( 'NONE', ( #1093 ), #2752, .T. ) ;
#2112 = ORIENTED_EDGE ( 'NONE', *, *, #1037, .F. ) ;
#2113 = CARTESIAN_POINT ( 'NONE',  ( -0.3589999999999999858, -0.2449999999999999956, 0.03000000000000002318 ) ) ;
#2114 = ORIENTED_EDGE ( 'NONE', *, *, #1247, .F. ) ;
#2115 =( NAMED_UNIT ( * ) SI_UNIT ( $, .STERADIAN. ) SOLID_ANGLE_UNIT ( ) );
#2116 = DIRECTION ( 'NONE',  ( -1.000000000000000000, -0.0000000000000000000, -0.0000000000000000000 ) ) ;
#2117 = CARTESIAN_POINT ( 'NONE',  ( 1.239999999999999991, 0.0000000000000000000, 0.03000000000000000236 ) ) ;
#2118 = ORIENTED_EDGE ( 'NONE', *, *, #346, .T. ) ;
#2119 = CARTESIAN_POINT ( 'NONE',  ( -0.8660713881731284536, 1.003941175863180213, 0.9900000000000014344 ) ) ;
#2120 = VERTEX_POINT ( 'NONE', #1600 ) ;
#2121 = CARTESIAN_POINT ( 'NONE',  ( 0.0000000000000000000, 0.0000000000000000000, 0.3099999999999999978 ) ) ;
#2122 = ORIENTED_EDGE ( 'NONE', *, *, #2189, .T. ) ;
#2123 = CARTESIAN_POINT ( 'NONE',  ( 1.325637774972369787, 1.415692997656780028, 1.040000000000000036 ) ) ;
#2124 = DIRECTION ( 'NONE',  ( 1.000000000000000000, 0.0000000000000000000, 0.0000000000000000000 ) ) ;
#2125 = VECTOR ( 'NONE', #2335, 1000.000000000000000 ) ;
#2126 = DIRECTION ( 'NONE',  ( -1.000000000000000000, 0.0000000000000000000, -0.0000000000000000000 ) ) ;
#2127 = CARTESIAN_POINT ( 'NONE',  ( -0.07500000000000020539, 0.0000000000000000000, 0.03000000000000000236 ) ) ;
#2128 = STYLED_ITEM ( 'NONE', ( #737 ), #1122 ) ;
#2129 = FILL_AREA_STYLE ('',( #1535 ) ) ;
#2130 = EDGE_LOOP ( 'NONE', ( #1304, #1027, #1160, #2632 ) ) ;
#2131 = PLANE ( 'NONE',  #139 ) ;
#2132 = ORIENTED_EDGE ( 'NONE', *, *, #79, .T. ) ;
#2133 =( BOUNDED_CURVE ( )  B_SPLINE_CURVE ( 3, ( #3006, #477, #1918, #821 ),
 .UNSPECIFIED., .F., .T. ) 
 B_SPLINE_CURVE_WITH_KNOTS ( ( 4, 4 ),
 ( 5.503250352303690640, 7.063120262055490706 ),
 .UNSPECIFIED. ) 
 CURVE ( )  GEOMETRIC_REPRESENTATION_ITEM ( )  RATIONAL_B_SPLINE_CURVE ( ( 1.000000000000000000, 0.8073061876036354834, 0.8073061876036354834, 1.000000000000000000 ) ) 
 REPRESENTATION_ITEM ( '' )  );
#2134 = EDGE_CURVE ( 'NONE', #1963, #2389, #2200, .T. ) ;
#2135 = LINE ( 'NONE', #708, #3030 ) ;
#2136 = CARTESIAN_POINT ( 'NONE',  ( 1.649999999999999911, 0.1749999999999999889, 0.3099999999999999978 ) ) ;
#2137 = VERTEX_POINT ( 'NONE', #2999 ) ;
#2138 = LINE ( 'NONE', #1910, #1035 ) ;
#2139 = ORIENTED_EDGE ( 'NONE', *, *, #2600, .F. ) ;
#2140 = AXIS2_PLACEMENT_3D ( 'NONE', #1060, #1290, #503 ) ;
#2141 = EDGE_CURVE ( 'NONE', #3409, #3336, #796, .T. ) ;
#2142 = PLANE ( 'NONE',  #1998 ) ;
#2143 = SURFACE_STYLE_USAGE ( .BOTH. , #1283 ) ;
#2144 = ORIENTED_EDGE ( 'NONE', *, *, #530, .F. ) ;
#2145 = CARTESIAN_POINT ( 'NONE',  ( -1.519744788236715882, 1.478681396979908191, 0.05000000000000003053 ) ) ;
#2146 = CARTESIAN_POINT ( 'NONE',  ( 1.492417687067639998, 0.1750000000000003497, 0.3100000000000000533 ) ) ;
#2147 = VECTOR ( 'NONE', #2340, 1000.000000000000000 ) ;
#2148 = VECTOR ( 'NONE', #1753, 1000.000000000000000 ) ;
#2149 = LINE ( 'NONE', #764, #1606 ) ;
#2150 = UNCERTAINTY_MEASURE_WITH_UNIT (LENGTH_MEASURE( 1.000000000000000082E-05 ), #681, 'distance_accuracy_value', 'NONE');
#2151 = CIRCLE ( 'NONE', #794, 0.1485429187816511287 ) ;
#2152 = CARTESIAN_POINT ( 'NONE',  ( -1.003941175863179991, 1.003941175863179991, 1.031736481593270582 ) ) ;
#2153 = CIRCLE ( 'NONE', #1790, 0.01000000000000002623 ) ;
#2154 = AXIS2_PLACEMENT_3D ( 'NONE', #2684, #791, #1838 ) ;
#2155 = VERTEX_POINT ( 'NONE', #1053 ) ;
#2156 = DIRECTION ( 'NONE',  ( -1.000000000000000000, -0.0000000000000000000, -0.0000000000000000000 ) ) ;
#2157 = EDGE_LOOP ( 'NONE', ( #3422, #3616, #1378, #3197 ) ) ;
#2158 = AXIS2_PLACEMENT_3D ( 'NONE', #1935, #3156, #3057 ) ;
#2159 = CARTESIAN_POINT ( 'NONE',  ( -1.219999999999999973, -0.1749999999999999889, 0.03000000000000002318 ) ) ;
#2160 = ORIENTED_EDGE ( 'NONE', *, *, #2941, .T. ) ;
#2161 = ORIENTED_EDGE ( 'NONE', *, *, #2273, .T. ) ;
#2162 = LINE ( 'NONE', #1873, #2058 ) ;
#2163 = CARTESIAN_POINT ( 'NONE',  ( 1.524999999999999911, 1.519744788236716104, 0.04999999999999957950 ) ) ;
#2164 = ADVANCED_FACE ( 'NONE', ( #1636 ), #356, .T. ) ;
#2165 = ORIENTED_EDGE ( 'NONE', *, *, #2015, .F. ) ;
#2166 = PRESENTATION_STYLE_ASSIGNMENT (( #2457 ) ) ;
#2167 = EDGE_CURVE ( 'NONE', #1671, #1550, #3408, .T. ) ;
#2168 = PLANE ( 'NONE',  #1675 ) ;
#2169 = CARTESIAN_POINT ( 'NONE',  ( 0.0000000000000000000, 0.4749999999999999778, 0.05000000000000000278 ) ) ;
#2170 = FACE_OUTER_BOUND ( 'NONE', #2449, .T. ) ;
#2171 = DIRECTION ( 'NONE',  ( 1.000000000000000000, -0.0000000000000000000, 0.0000000000000000000 ) ) ;
#2172 = CARTESIAN_POINT ( 'NONE',  ( -0.07499999999999976130, -1.492417687067639998, 0.3100000000000001643 ) ) ;
#2173 = DIRECTION ( 'NONE',  ( 0.0000000000000000000, 0.0000000000000000000, -1.000000000000000000 ) ) ;
#2174 = DIRECTION ( 'NONE',  ( -1.000000000000000000, 0.0000000000000000000, 0.0000000000000000000 ) ) ;
#2175 = ORIENTED_EDGE ( 'NONE', *, *, #2311, .T. ) ;
#2176 = COLOUR_RGB ( '',0.5607843137254902022, 0.5607843137254902022, 0.5607843137254902022 ) ;
#2177 = CARTESIAN_POINT ( 'NONE',  ( -0.3250000000000000666, 0.0000000000000000000, 0.03000000000000000236 ) ) ;
#2178 = VERTEX_POINT ( 'NONE', #585 ) ;
#2179 = CARTESIAN_POINT ( 'NONE',  ( -1.146581908037177744, 1.003941175863179991, 0.9982635181726938756 ) ) ;
#2180 = ORIENTED_EDGE ( 'NONE', *, *, #623, .T. ) ;
#2181 = DIRECTION ( 'NONE',  ( -0.0000000000000000000, -1.000000000000000000, 0.0000000000000000000 ) ) ;
#2182 = ORIENTED_EDGE ( 'NONE', *, *, #3513, .T. ) ;
#2183 = CARTESIAN_POINT ( 'NONE',  ( 1.649999999999999911, -0.1750000000000001554, 0.3099999999999999978 ) ) ;
#2184 = EDGE_CURVE ( 'NONE', #281, #1946, #2238, .T. ) ;
#2185 = EDGE_CURVE ( 'NONE', #2976, #2249, #3123, .T. ) ;
#2186 = CARTESIAN_POINT ( 'NONE',  ( 0.0000000000000000000, 0.0000000000000000000, 0.3099999999999999978 ) ) ;
#2187 = CARTESIAN_POINT ( 'NONE',  ( 0.0000000000000000000, 0.0000000000000000000, 0.05000000000000000278 ) ) ;
#2188 = VECTOR ( 'NONE', #1224, 1000.000000000000000 ) ;
#2189 = EDGE_CURVE ( 'NONE', #3136, #1894, #3094, .T. ) ;
#2190 = CARTESIAN_POINT ( 'NONE',  ( 1.424820862162577972, 1.351508147351714539, 0.9531408280950385281 ) ) ;
#2191 = AXIS2_PLACEMENT_3D ( 'NONE', #1783, #398, #2890 ) ;
#2192 = APPLICATION_CONTEXT ( 'automotive_design' ) ;
#2193 = ORIENTED_EDGE ( 'NONE', *, *, #3053, .T. ) ;
#2194 = CARTESIAN_POINT ( 'NONE',  ( 1.519744788236719213, 0.4750000000000003664, 0.04999999999999990563 ) ) ;
#2195 = ORIENTED_EDGE ( 'NONE', *, *, #3446, .T. ) ;
#2196 = CARTESIAN_POINT ( 'NONE',  ( -1.136733830515987087, 1.003941175863179991, 0.9899999999999999911 ) ) ;
#2197 = ORIENTED_EDGE ( 'NONE', *, *, #1079, .T. ) ;
#2198 = CARTESIAN_POINT ( 'NONE',  ( 0.0000000000000000000, 0.0000000000000000000, 0.3099999999999999978 ) ) ;
#2199 = ORIENTED_EDGE ( 'NONE', *, *, #1165, .F. ) ;
#2200 = LINE ( 'NONE', #3318, #967 ) ;
#2201 = VERTEX_POINT ( 'NONE', #3108 ) ;
#2202 =( NAMED_UNIT ( * ) PLANE_ANGLE_UNIT ( ) SI_UNIT ( $, .RADIAN. ) );
#2203 = DIRECTION ( 'NONE',  ( -0.0000000000000000000, -1.000000000000000000, -0.0000000000000000000 ) ) ;
#2204 = FILL_AREA_STYLE ('',( #2460 ) ) ;
#2205 = VECTOR ( 'NONE', #3267, 1000.000000000000000 ) ;
#2206 = CARTESIAN_POINT ( 'NONE',  ( 0.0000000000000000000, -0.8249999999999999556, 0.05000000000000000278 ) ) ;
#2207 = DIRECTION ( 'NONE',  ( -1.000000000000000000, 0.0000000000000000000, 0.0000000000000000000 ) ) ;
#2208 = ADVANCED_FACE ( 'NONE', ( #3073 ), #747, .T. ) ;
#2209 = VECTOR ( 'NONE', #2711, 1000.000000000000000 ) ;
#2210 = VECTOR ( 'NONE', #332, 1000.000000000000000 ) ;
#2211 = CARTESIAN_POINT ( 'NONE',  ( -1.219999999999999973, -0.4749999999999999778, 0.3099999999999999978 ) ) ;
#2212 = FILL_AREA_STYLE_COLOUR ( '', #1789 ) ;
#2213 = LINE ( 'NONE', #522, #82 ) ;
#2214 = EDGE_CURVE ( 'NONE', #710, #3613, #1849, .T. ) ;
#2215 = ADVANCED_FACE ( 'NONE', ( #396 ), #415, .T. ) ;
#2216 = VECTOR ( 'NONE', #3499, 1000.000000000000000 ) ;
#2217 = LINE ( 'NONE', #215, #1562 ) ;
#2218 = ORIENTED_EDGE ( 'NONE', *, *, #3510, .F. ) ;
#2219 = FACE_OUTER_BOUND ( 'NONE', #2281, .T. ) ;
#2220 = ORIENTED_EDGE ( 'NONE', *, *, #1881, .F. ) ;
#2221 = CONICAL_SURFACE ( 'NONE', #616, 0.1485429187616106039, 0.1745329251739961562 ) ;
#2222 = DIRECTION ( 'NONE',  ( -0.0000000000000000000, -1.000000000000000000, 0.0000000000000000000 ) ) ;
#2223 =( NAMED_UNIT ( * ) PLANE_ANGLE_UNIT ( ) SI_UNIT ( $, .RADIAN. ) );
#2224 = EDGE_LOOP ( 'NONE', ( #1358, #2297, #259, #3039 ) ) ;
#2225 = FILL_AREA_STYLE ('',( #2731 ) ) ;
#2226 = CARTESIAN_POINT ( 'NONE',  ( 1.219999999999999973, 0.0000000000000000000, 0.05000000000000000278 ) ) ;
#2227 = LINE ( 'NONE', #3343, #498 ) ;
#2228 = CARTESIAN_POINT ( 'NONE',  ( 1.219999999999999973, 1.125000000000000222, 0.3099999999999999978 ) ) ;
#2229 = LINE ( 'NONE', #177, #946 ) ;
#2230 = ORIENTED_EDGE ( 'NONE', *, *, #1744, .F. ) ;
#2231 = DIRECTION ( 'NONE',  ( -1.000000000000000000, 0.0000000000000000000, -0.0000000000000000000 ) ) ;
#2232 = EDGE_CURVE ( 'NONE', #1823, #528, #2611, .T. ) ;
#2233 = EDGE_CURVE ( 'NONE', #617, #3235, #2869, .T. ) ;
#2234 = ORIENTED_EDGE ( 'NONE', *, *, #1414, .T. ) ;
#2235 = DIRECTION ( 'NONE',  ( 0.0000000000000000000, 1.000000000000000000, 0.0000000000000000000 ) ) ;
#2236 = ORIENTED_EDGE ( 'NONE', *, *, #2519, .T. ) ;
#2237 = PLANE ( 'NONE',  #3004 ) ;
#2238 = LINE ( 'NONE', #2558, #1094 ) ;
#2239 = EDGE_LOOP ( 'NONE', ( #1996, #917, #469, #93, #344, #3084, #1581, #1909, #2821 ) ) ;
#2240 = DIRECTION ( 'NONE',  ( 0.0000000000000000000, 0.0000000000000000000, 1.000000000000000000 ) ) ;
#2241 = CARTESIAN_POINT ( 'NONE',  ( -1.398718940799740462, 1.373842000090129689, 1.039999999999999813 ) ) ;
#2242 = DIRECTION ( 'NONE',  ( -1.000000000000000000, 0.0000000000000000000, -0.0000000000000000000 ) ) ;
#2243 = LINE ( 'NONE', #3626, #1421 ) ;
#2244 = DIRECTION ( 'NONE',  ( 0.0000000000000000000, 1.000000000000000000, -0.0000000000000000000 ) ) ;
#2245 = VECTOR ( 'NONE', #2819, 1000.000000000000000 ) ;
#2246 = LINE ( 'NONE', #2280, #3380 ) ;
#2247 = ORIENTED_EDGE ( 'NONE', *, *, #2872, .T. ) ;
#2248 = PRESENTATION_STYLE_ASSIGNMENT (( #545 ) ) ;
#2249 = VERTEX_POINT ( 'NONE', #2911 ) ;
#2250 = EDGE_CURVE ( 'NONE', #1169, #2571, #864, .T. ) ;
#2251 = PRESENTATION_LAYER_ASSIGNMENT (  '', '', ( #183 ) ) ;
#2252 = DIRECTION ( 'NONE',  ( 1.000000000000000000, -0.0000000000000000000, 0.0000000000000000000 ) ) ;
#2253 = ORIENTED_EDGE ( 'NONE', *, *, #811, .F. ) ;
#2254 =( BOUNDED_SURFACE ( )  B_SPLINE_SURFACE ( 3, 2, ( 
 ( #578, #299, #2825 ),
 ( #504, #252, #1427 ),
 ( #2547, #27, #1154 ),
 ( #3401, #1902, #1628 ),
 ( #234, #2498, #148 ),
 ( #166, #613, #1711 ),
 ( #3416, #3206, #2863 ) ),
 .UNSPECIFIED., .F., .F., .T. ) 
 B_SPLINE_SURFACE_WITH_KNOTS ( ( 4, 1, 1, 1, 4 ),
 ( 3, 3 ),
 ( -9.551411170516280018E-05, 0.4450492744432120173, 0.6285735544956939647, 0.8120978345481759675, 1.000095514218080073 ),
 ( 0.0000000000000000000, 1.000000000000000000 ),
 .UNSPECIFIED. ) 
 GEOMETRIC_REPRESENTATION_ITEM ( )  RATIONAL_B_SPLINE_SURFACE ( (
 ( 1.000000000000000000, 0.7431396860209990018, 1.000000000000000000),
 ( 1.000000000000000000, 0.7513097091377980430, 1.000000000000000000),
 ( 1.000000000000000000, 0.7581042198458299852, 1.000000000000000000),
 ( 1.000000000000000000, 0.7570549293486340536, 1.000000000000000000),
 ( 1.000000000000000000, 0.7521985591672659677, 1.000000000000000000),
 ( 1.000000000000000000, 0.7465227397045880453, 1.000000000000000000),
 ( 1.000000000000000000, 0.7431396708183769517, 1.000000000000000000) ) ) 
 REPRESENTATION_ITEM ( '' )  SURFACE ( )  );
#2255 = PRESENTATION_STYLE_ASSIGNMENT (( #3638 ) ) ;
#2256 = CARTESIAN_POINT ( 'NONE',  ( -1.414778147932390207, 1.334400156505779922, 1.040000000000019797 ) ) ;
#2257 = LINE ( 'NONE', #3149, #671 ) ;
#2258 = DIRECTION ( 'NONE',  ( 0.1039620511844982775, 0.1039620511845023298, 0.9891328443778533153 ) ) ;
#2259 = DIRECTION ( 'NONE',  ( -0.1039620511845023298, 0.1039620511844982775, 0.9891328443778533153 ) ) ;
#2260 = DIRECTION ( 'NONE',  ( -0.0000000000000000000, -0.0000000000000000000, -1.000000000000000000 ) ) ;
#2261 = LINE ( 'NONE', #1978, #261 ) ;
#2262 =( GEOMETRIC_REPRESENTATION_CONTEXT ( 3 ) GLOBAL_UNCERTAINTY_ASSIGNED_CONTEXT ( ( #3289 ) ) GLOBAL_UNIT_ASSIGNED_CONTEXT ( ( #3468, #343, #2914 ) ) REPRESENTATION_CONTEXT ( 'NONE', 'WORKASPACE' ) );
#2263 = CARTESIAN_POINT ( 'NONE',  ( -1.219999999999999973, 0.8249999999999998446, 0.03000000000000002318 ) ) ;
#2264 = VECTOR ( 'NONE', #3514, 1000.000000000000000 ) ;
#2265 = VERTEX_POINT ( 'NONE', #94 ) ;
#2266 = AXIS2_PLACEMENT_3D ( 'NONE', #474, #1916, #3617 ) ;
#2267 = VECTOR ( 'NONE', #3397, 1000.000000000000000 ) ;
#2268 = FILL_AREA_STYLE ('',( #3054 ) ) ;
#2269 = VERTEX_POINT ( 'NONE', #1212 ) ;
#2270 = DIRECTION ( 'NONE',  ( -1.000000000000000000, 0.0000000000000000000, -0.0000000000000000000 ) ) ;
#2271 = EDGE_LOOP ( 'NONE', ( #1980, #515, #137, #508, #1861, #3010 ) ) ;
#2272 = CARTESIAN_POINT ( 'NONE',  ( 1.716239405786870176, 1.325651190893909925, 0.9399999999999999467 ) ) ;
#2273 = EDGE_CURVE ( 'NONE', #1593, #119, #542, .T. ) ;
#2274 = ADVANCED_FACE ( 'NONE', ( #3198 ), #654, .T. ) ;
#2275 = CARTESIAN_POINT ( 'NONE',  ( -1.415692997656780028, 1.325637774972369787, 1.040000000000000036 ) ) ;
#2276 = CARTESIAN_POINT ( 'NONE',  ( 0.0000000000000000000, 0.0000000000000000000, 0.05000000000000000278 ) ) ;
#2277 = DIRECTION ( 'NONE',  ( -1.000000000000000000, 0.0000000000000000000, 0.0000000000000000000 ) ) ;
#2278 = CARTESIAN_POINT ( 'NONE',  ( -0.3249999999999995115, -1.492417687067639998, 0.3100000000000001088 ) ) ;
#2279 =( LENGTH_UNIT ( ) NAMED_UNIT ( * ) SI_UNIT ( .MILLI., .METRE. ) );
#2280 = CARTESIAN_POINT ( 'NONE',  ( 1.649999999999999911, 0.0000000000000000000, 0.3099999999999999978 ) ) ;
#2281 = EDGE_LOOP ( 'NONE', ( #1650, #1729, #1009, #1322 ) ) ;
#2282 = CARTESIAN_POINT ( 'NONE',  ( -1.524999999999999911, 0.1749999999999996003, 0.0000000000000000000 ) ) ;
#2283 = ORIENTED_EDGE ( 'NONE', *, *, #2041, .T. ) ;
#2284 = ORIENTED_EDGE ( 'NONE', *, *, #3560, .F. ) ;
#2285 = SURFACE_SIDE_STYLE ('',( #1705 ) ) ;
#2286 = ORIENTED_EDGE ( 'NONE', *, *, #1659, .T. ) ;
#2287 = DIRECTION ( 'NONE',  ( 1.000000000000000000, -0.0000000000000000000, 0.0000000000000000000 ) ) ;
#2288 = EDGE_CURVE ( 'NONE', #3336, #289, #142, .T. ) ;
#2289 = EDGE_CURVE ( 'NONE', #317, #291, #1226, .T. ) ;
#2290 = CARTESIAN_POINT ( 'NONE',  ( 1.219999999999999973, -1.125000000000000222, 0.3099999999999999978 ) ) ;
#2291 = CARTESIAN_POINT ( 'NONE',  ( -1.492417687067639998, 0.4749999999999994782, 0.3100000000000001088 ) ) ;
#2292 = EDGE_CURVE ( 'NONE', #2038, #1050, #2926, .T. ) ;
#2293 = CARTESIAN_POINT ( 'NONE',  ( -1.649999999999999689, -1.125000000000000222, 0.3099999999999999978 ) ) ;
#2294 = ORIENTED_EDGE ( 'NONE', *, *, #65, .F. ) ;
#2295 = CARTESIAN_POINT ( 'NONE',  ( 1.325651190893919917, -1.325651190893919917, 1.040000000000000036 ) ) ;
#2296 = VECTOR ( 'NONE', #2319, 1000.000000000000114 ) ;
#2297 = ORIENTED_EDGE ( 'NONE', *, *, #2855, .T. ) ;
#2298 = CARTESIAN_POINT ( 'NONE',  ( -1.152484094644831369, 1.003941175863179991, 1.031736481776670544 ) ) ;
#2299 = VECTOR ( 'NONE', #1584, 1000.000000000000000 ) ;
#2300 = VERTEX_POINT ( 'NONE', #339 ) ;
#2301 = CARTESIAN_POINT ( 'NONE',  ( -0.04100000000000030009, 1.149999999999999911, 0.3099999999999999978 ) ) ;
#2302 = PRESENTATION_STYLE_ASSIGNMENT (( #311 ) ) ;
#2303 = ORIENTED_EDGE ( 'NONE', *, *, #1431, .T. ) ;
#2304 = PRESENTATION_STYLE_ASSIGNMENT (( #1409 ) ) ;
#2305 = CARTESIAN_POINT ( 'NONE',  ( 0.0000000000000000000, 0.0000000000000000000, 0.3099999999999999978 ) ) ;
#2306 = EDGE_CURVE ( 'NONE', #2974, #98, #975, .T. ) ;
#2307 = CARTESIAN_POINT ( 'NONE',  ( 1.649999999999999911, 0.1749999999999999611, 0.3099999999999999978 ) ) ;
#2308 = PRESENTATION_LAYER_ASSIGNMENT (  '', '', ( #720 ) ) ;
#2309 = LINE ( 'NONE', #630, #1087 ) ;
#2310 = AXIS2_PLACEMENT_3D ( 'NONE', #608, #2838, #1114 ) ;
#2311 = EDGE_CURVE ( 'NONE', #2569, #1072, #1267, .T. ) ;
#2312 = EDGE_CURVE ( 'NONE', #451, #2992, #3425, .T. ) ;
#2313 = VERTEX_POINT ( 'NONE', #3143 ) ;
#2314 = SURFACE_STYLE_USAGE ( .BOTH. , #2011 ) ;
#2315 = DIRECTION ( 'NONE',  ( 0.0000000000000000000, 0.0000000000000000000, -1.000000000000000000 ) ) ;
#2316 = COLOUR_RGB ( '',0.1529411764705882470, 0.1529411764705882470, 0.1529411764705882470 ) ;
#2317 = VECTOR ( 'NONE', #3087, 1000.000000000000000 ) ;
#2318 = VECTOR ( 'NONE', #3302, 1000.000000000000000 ) ;
#2319 = DIRECTION ( 'NONE',  ( -0.7071067811865474617, -0.7071067811865474617, 0.0000000000000000000 ) ) ;
#2320 = VERTEX_POINT ( 'NONE', #621 ) ;
#2321 = DIRECTION ( 'NONE',  ( -0.7071067811865431318, -0.7071067811865520136, 0.0000000000000000000 ) ) ;
#2322 = ORIENTED_EDGE ( 'NONE', *, *, #1000, .F. ) ;
#2323 = CARTESIAN_POINT ( 'NONE',  ( 0.0000000000000000000, 0.8249999999999999556, 0.05000000000000000278 ) ) ;
#2324 = PRESENTATION_LAYER_ASSIGNMENT (  '', '', ( #2851 ) ) ;
#2325 = ORIENTED_EDGE ( 'NONE', *, *, #2452, .T. ) ;
#2326 = DIRECTION ( 'NONE',  ( 0.0000000000000000000, 0.0000000000000000000, -1.000000000000000000 ) ) ;
#2327 = VECTOR ( 'NONE', #58, 1000.000000000000000 ) ;
#2328 = CARTESIAN_POINT ( 'NONE',  ( 1.239999999999999991, -0.4749999999999999778, 0.3099999999999999978 ) ) ;
#2329 = CARTESIAN_POINT ( 'NONE',  ( -0.3590000000000001523, -1.149999999999999911, 0.05000000000000000278 ) ) ;
#2330 = ORIENTED_EDGE ( 'NONE', *, *, #417, .F. ) ;
#2331 = FILL_AREA_STYLE_COLOUR ( '', #3497 ) ;
#2332 = PLANE ( 'NONE',  #2158 ) ;
#2333 = EDGE_CURVE ( 'NONE', #524, #3485, #1741, .T. ) ;
#2334 = ADVANCED_FACE ( 'NONE', ( #636 ), #1631, .T. ) ;
#2335 = DIRECTION ( 'NONE',  ( -1.000000000000000000, -0.0000000000000000000, -0.0000000000000000000 ) ) ;
#2336 = VERTEX_POINT ( 'NONE', #1857 ) ;
#2337 = CARTESIAN_POINT ( 'NONE',  ( -1.162477623683192407, 1.047322191946047365, 1.039999999999999813 ) ) ;
#2338 = ORIENTED_EDGE ( 'NONE', *, *, #1548, .F. ) ;
#2339 = CARTESIAN_POINT ( 'NONE',  ( 1.649999999999999911, 1.125000000000000222, 0.3099999999999999978 ) ) ;
#2340 = DIRECTION ( 'NONE',  ( 0.0000000000000000000, 1.000000000000000000, 0.0000000000000000000 ) ) ;
#2341 = ORIENTED_EDGE ( 'NONE', *, *, #59, .F. ) ;
#2342 = CARTESIAN_POINT ( 'NONE',  ( 0.0000000000000000000, -0.1749999999999999889, 0.05000000000000000278 ) ) ;
#2343 = CYLINDRICAL_SURFACE ( 'NONE', #1312, 0.09999999999999996392 ) ;
#2344 = CARTESIAN_POINT ( 'NONE',  ( 1.219999999999999973, -1.125000000000000222, 0.03000000000000000930 ) ) ;
#2345 = EDGE_LOOP ( 'NONE', ( #1231, #1471, #2193, #3351 ) ) ;
#2346 = CARTESIAN_POINT ( 'NONE',  ( -1.649999999999999689, -1.125000000000000222, 0.03000000000000001277 ) ) ;
#2347 = ORIENTED_EDGE ( 'NONE', *, *, #3008, .T. ) ;
#2348 = SURFACE_STYLE_FILL_AREA ( #1483 ) ;
#2349 = DIRECTION ( 'NONE',  ( 1.000000000000000000, -0.0000000000000000000, 0.0000000000000000000 ) ) ;
#2350 = LINE ( 'NONE', #2071, #1702 ) ;
#2351 = EDGE_LOOP ( 'NONE', ( #731, #1714, #1127, #3450, #3580, #1934 ) ) ;
#2352 = CARTESIAN_POINT ( 'NONE',  ( -0.9605601597803122838, 1.162477623683192185, 1.040000000000000036 ) ) ;
#2353 = ORIENTED_EDGE ( 'NONE', *, *, #303, .T. ) ;
#2354 = EDGE_CURVE ( 'NONE', #165, #3296, #3537, .T. ) ;
#2355 = VECTOR ( 'NONE', #1468, 1000.000000000000000 ) ;
#2356 =( GEOMETRIC_REPRESENTATION_CONTEXT ( 3 ) GLOBAL_UNCERTAINTY_ASSIGNED_CONTEXT ( ( #405 ) ) GLOBAL_UNIT_ASSIGNED_CONTEXT ( ( #1454, #1113, #2575 ) ) REPRESENTATION_CONTEXT ( 'NONE', 'WORKASPACE' ) );
#2357 = CARTESIAN_POINT ( 'NONE',  ( 0.0000000000000000000, 1.059358363155489924, 0.05000000000000000278 ) ) ;
#2358 = CARTESIAN_POINT ( 'NONE',  ( -1.492417687067639998, 1.524999999999999911, 0.3100000000000001088 ) ) ;
#2359 = ORIENTED_EDGE ( 'NONE', *, *, #1640, .F. ) ;
#2360 = EDGE_CURVE ( 'NONE', #2451, #1225, #2431, .T. ) ;
#2361 = DIRECTION ( 'NONE',  ( -1.000000000000000000, 0.0000000000000000000, -0.0000000000000000000 ) ) ;
#2362 = CARTESIAN_POINT ( 'NONE',  ( 0.0000000000000000000, 0.0000000000000000000, 0.05000000000000000278 ) ) ;
#2363 = DIRECTION ( 'NONE',  ( 0.0000000000000000000, -0.0000000000000000000, 1.000000000000000000 ) ) ;
#2364 = UNCERTAINTY_MEASURE_WITH_UNIT (LENGTH_MEASURE( 1.000000000000000082E-05 ), #3432, 'distance_accuracy_value', 'NONE');
#2365 =( BOUNDED_SURFACE ( )  B_SPLINE_SURFACE ( 3, 3, ( 
 ( #32, #3404, #1379, #883 ),
 ( #598, #2846, #1357, #2504 ),
 ( #2484, #3612, #1109, #2637 ),
 ( #918, #1798, #1814, #2903 ) ),
 .UNSPECIFIED., .F., .F., .T. ) 
 B_SPLINE_SURFACE_WITH_KNOTS ( ( 4, 4 ),
 ( 4, 4 ),
 ( 0.0000000000000000000, 1.000000000000000000 ),
 ( 0.0000000000000000000, 1.000000000000000000 ),
 .UNSPECIFIED. ) 
 GEOMETRIC_REPRESENTATION_ITEM ( )  RATIONAL_B_SPLINE_SURFACE ( (
 ( 1.000000000000000000, 0.3333333333333334259, 0.3333333333333334259, 1.000000000000000000),
 ( 0.8440296298477454329, 0.2813432099492485516, 0.2813432099492485516, 0.8440296298477454329),
 ( 0.8440296298477454329, 0.2813432099492485516, 0.2813432099492485516, 0.8440296298477454329),
 ( 1.000000000000000000, 0.3333333333333334259, 0.3333333333333334259, 1.000000000000000000) ) ) 
 REPRESENTATION_ITEM ( '' )  SURFACE ( )  );
#2366 = LINE ( 'NONE', #1515, #2907 ) ;
#2367 = VERTEX_POINT ( 'NONE', #2704 ) ;
#2368 = CARTESIAN_POINT ( 'NONE',  ( 1.409252488532739989, -1.381238393696490041, 0.9546293008966759697 ) ) ;
#2369 = VERTEX_POINT ( 'NONE', #2764 ) ;
#2370 = FILL_AREA_STYLE_COLOUR ( '', #1646 ) ;
#2371 = ORIENTED_EDGE ( 'NONE', *, *, #2940, .T. ) ;
#2372 = CARTESIAN_POINT ( 'NONE',  ( -1.146511869971346131, 1.085160602635307336, 1.040000000000000258 ) ) ;
#2373 = ORIENTED_EDGE ( 'NONE', *, *, #2832, .F. ) ;
#2374 = VECTOR ( 'NONE', #348, 1000.000000000000000 ) ;
#2375 = CARTESIAN_POINT ( 'NONE',  ( 0.0000000000000000000, 0.0000000000000000000, 0.3099999999999999978 ) ) ;
#2376 = VECTOR ( 'NONE', #2481, 1000.000000000000000 ) ;
#2377 = DIRECTION ( 'NONE',  ( 0.0000000000000000000, 0.0000000000000000000, -1.000000000000000000 ) ) ;
#2378 = ORIENTED_EDGE ( 'NONE', *, *, #1765, .F. ) ;
#2379 = CARTESIAN_POINT ( 'NONE',  ( 1.373842000090139903, 1.398718940799730026, 1.040000000000000258 ) ) ;
#2380 = LINE ( 'NONE', #2651, #3145 ) ;
#2381 =( GEOMETRIC_REPRESENTATION_CONTEXT ( 3 ) GLOBAL_UNCERTAINTY_ASSIGNED_CONTEXT ( ( #478 ) ) GLOBAL_UNIT_ASSIGNED_CONTEXT ( ( #2678, #784, #725 ) ) REPRESENTATION_CONTEXT ( 'NONE', 'WORKASPACE' ) );
#2382 = EDGE_CURVE ( 'NONE', #279, #98, #3036, .T. ) ;
#2383 = EDGE_CURVE ( 'NONE', #2467, #3632, #2138, .T. ) ;
#2384 = VECTOR ( 'NONE', #543, 1000.000000000000000 ) ;
#2385 = LINE ( 'NONE', #100, #3550 ) ;
#2386 = LINE ( 'NONE', #643, #1140 ) ;
#2387 = AXIS2_PLACEMENT_3D ( 'NONE', #3243, #2046, #658 ) ;
#2388 = ORIENTED_EDGE ( 'NONE', *, *, #15, .F. ) ;
#2389 = VERTEX_POINT ( 'NONE', #3253 ) ;
#2390 = CARTESIAN_POINT ( 'NONE',  ( 0.0000000000000000000, 0.0000000000000000000, 0.0000000000000000000 ) ) ;
#2391 = DIRECTION ( 'NONE',  ( 0.0000000000000000000, 1.000000000000000000, 0.0000000000000000000 ) ) ;
#2392 = LINE ( 'NONE', #2660, #2772 ) ;
#2393 = ORIENTED_EDGE ( 'NONE', *, *, #268, .F. ) ;
#2394 = PRESENTATION_STYLE_ASSIGNMENT (( #1300 ) ) ;
#2395 = ORIENTED_EDGE ( 'NONE', *, *, #2474, .T. ) ;
#2396 = CARTESIAN_POINT ( 'NONE',  ( -1.425103541233990079, 1.325636372652100103, 0.9504513057678951604 ) ) ;
#2397 = ORIENTED_EDGE ( 'NONE', *, *, #2695, .T. ) ;
#2398 = CARTESIAN_POINT ( 'NONE',  ( 1.325651190893909925, 1.325651190893909925, 1.040000000000000036 ) ) ;
#2399 = LINE ( 'NONE', #1496, #846 ) ;
#2400 = DIRECTION ( 'NONE',  ( 0.0000000000000000000, -0.0000000000000000000, 1.000000000000000000 ) ) ;
#2401 = UNCERTAINTY_MEASURE_WITH_UNIT (LENGTH_MEASURE( 1.000000000000000082E-05 ), #803, 'distance_accuracy_value', 'NONE');
#2402 = ADVANCED_FACE ( 'NONE', ( #1033 ), #732, .T. ) ;
#2403 = CARTESIAN_POINT ( 'NONE',  ( 0.0000000000000000000, -1.054999999999999938, 0.05000000000000000278 ) ) ;
#2404 = VERTEX_POINT ( 'NONE', #161 ) ;
#2405 = ORIENTED_EDGE ( 'NONE', *, *, #418, .T. ) ;
#2406 = PRESENTATION_LAYER_ASSIGNMENT (  '', '', ( #336 ) ) ;
#2407 = ADVANCED_FACE ( 'NONE', ( #202 ), #871, .F. ) ;
#2408 =( LENGTH_UNIT ( ) NAMED_UNIT ( * ) SI_UNIT ( .MILLI., .METRE. ) );
#2409 = LINE ( 'NONE', #138, #2503 ) ;
#2410 = CARTESIAN_POINT ( 'NONE',  ( 1.325651190893909925, -1.716239405786870176, 0.9399999999999999467 ) ) ;
#2411 = VERTEX_POINT ( 'NONE', #3314 ) ;
#2412 = SURFACE_STYLE_FILL_AREA ( #1617 ) ;
#2413 = ORIENTED_EDGE ( 'NONE', *, *, #3348, .T. ) ;
#2414 = CARTESIAN_POINT ( 'NONE',  ( -1.377210201886729823, 1.413976688251877167, 0.9547024542757251986 ) ) ;
#2415 = VERTEX_POINT ( 'NONE', #3236 ) ;
#2416 = SURFACE_SIDE_STYLE ('',( #1285 ) ) ;
#2417 = LINE ( 'NONE', #1074, #673 ) ;
#2418 = VECTOR ( 'NONE', #3478, 1000.000000000000000 ) ;
#2419 = CARTESIAN_POINT ( 'NONE',  ( -0.3589999999999999303, 0.2449999999999999956, 0.03000000000000001624 ) ) ;
#2420 = CARTESIAN_POINT ( 'NONE',  ( -1.519744788236716104, 1.524999999999999911, 0.04999999999999968359 ) ) ;
#2421 = ADVANCED_FACE ( 'NONE', ( #2219 ), #1089, .T. ) ;
#2422 = EDGE_LOOP ( 'NONE', ( #1293, #2845, #2413, #2430 ) ) ;
#2423 = CARTESIAN_POINT ( 'NONE',  ( -0.07499999999999969191, -1.519744788236716104, 0.04999999999999972522 ) ) ;
#2424 = ORIENTED_EDGE ( 'NONE', *, *, #1699, .T. ) ;
#2425 = DIRECTION ( 'NONE',  ( 0.0000000000000000000, 0.0000000000000000000, 1.000000000000000000 ) ) ;
#2426 = DIRECTION ( 'NONE',  ( 0.0000000000000000000, 0.0000000000000000000, -1.000000000000000000 ) ) ;
#2427 = EDGE_CURVE ( 'NONE', #3367, #1383, #13, .T. ) ;
#2428 = EDGE_CURVE ( 'NONE', #2369, #733, #1669, .T. ) ;
#2429 = PLANE ( 'NONE',  #768 ) ;
#2430 = ORIENTED_EDGE ( 'NONE', *, *, #1931, .F. ) ;
#2431 = LINE ( 'NONE', #1066, #2738 ) ;
#2432 = ORIENTED_EDGE ( 'NONE', *, *, #2599, .T. ) ;
#2433 = FACE_OUTER_BOUND ( 'NONE', #3095, .T. ) ;
#2434 = DIRECTION ( 'NONE',  ( 0.1045284632676540398, 0.0000000000000000000, -0.9945218953682732899 ) ) ;
#2435 = AXIS2_PLACEMENT_3D ( 'NONE', #1533, #683, #2400 ) ;
#2437 = ORIENTED_EDGE ( 'NONE', *, *, #2382, .T. ) ;
#2436 = VECTOR ( 'NONE', #2, 1000.000000000000000 ) ;
#2438 = DIRECTION ( 'NONE',  ( -1.000000000000000000, -0.0000000000000000000, -0.0000000000000000000 ) ) ;
#2439 = VECTOR ( 'NONE', #3240, 1000.000000000000000 ) ;
#2440 =( GEOMETRIC_REPRESENTATION_CONTEXT ( 3 ) GLOBAL_UNCERTAINTY_ASSIGNED_CONTEXT ( ( #152 ) ) GLOBAL_UNIT_ASSIGNED_CONTEXT ( ( #371, #2935, #1220 ) ) REPRESENTATION_CONTEXT ( 'NONE', 'WORKASPACE' ) );
#2441 = CARTESIAN_POINT ( 'NONE',  ( -1.524999999999999911, -0.1750000000000009048, 0.0000000000000000000 ) ) ;
#2442 = VECTOR ( 'NONE', #3565, 1000.000000000000000 ) ;
#2443 = CARTESIAN_POINT ( 'NONE',  ( 1.649999999999999911, 0.4749999999999999778, 0.3099999999999999978 ) ) ;
#2444 = VECTOR ( 'NONE', #190, 999.9999999999998863 ) ;
#2445 = DIRECTION ( 'NONE',  ( 1.000000000000000000, 0.0000000000000000000, 0.0000000000000000000 ) ) ;
#2446 = DIRECTION ( 'NONE',  ( 0.0000000000000000000, -1.000000000000000000, -0.0000000000000000000 ) ) ;
#2447 = CIRCLE ( 'NONE', #867, 0.1426407321892398661 ) ;
#2448 = LINE ( 'NONE', #2518, #557 ) ;
#2449 = EDGE_LOOP ( 'NONE', ( #57, #830, #2868, #1469 ) ) ;
#2450 = DIRECTION ( 'NONE',  ( 1.000000000000000000, -0.0000000000000000000, 0.0000000000000000000 ) ) ;
#2451 = VERTEX_POINT ( 'NONE', #1981 ) ;
#2452 = EDGE_CURVE ( 'NONE', #2729, #2063, #1685, .T. ) ;
#2453 = EDGE_CURVE ( 'NONE', #1758, #586, #1400, .T. ) ;
#2454 = CARTESIAN_POINT ( 'NONE',  ( 1.325651190893909703, 1.325651190893909925, 0.9399999999999999467 ) ) ;
#2455 = LINE ( 'NONE', #1013, #963 ) ;
#2456 = EDGE_LOOP ( 'NONE', ( #1062, #488, #2424, #1787 ) ) ;
#2457 = SURFACE_STYLE_USAGE ( .BOTH. , #1346 ) ;
#2458 = DIRECTION ( 'NONE',  ( 0.0000000000000000000, 0.0000000000000000000, -1.000000000000000000 ) ) ;
#2459 = ADVANCED_FACE ( 'NONE', ( #302 ), #2521, .T. ) ;
#2460 = FILL_AREA_STYLE_COLOUR ( '', #3487 ) ;
#2461 = SURFACE_STYLE_USAGE ( .BOTH. , #2771 ) ;
#2462 = DIRECTION ( 'NONE',  ( -0.1039620511845018580, -0.1039620511844982914, -0.9891328443778534263 ) ) ;
#2463 = CARTESIAN_POINT ( 'NONE',  ( 1.351508147351718314, 1.424820862162576418, 0.9531408280950385281 ) ) ;
#2464 = DIRECTION ( 'NONE',  ( -1.000000000000000000, 0.0000000000000000000, 0.0000000000000000000 ) ) ;
#2465 = CARTESIAN_POINT ( 'NONE',  ( -0.8613704817549913129, 0.9227217490910494258, 1.040000000000000258 ) ) ;
#2466 = DIRECTION ( 'NONE',  ( 0.0000000000000000000, 0.0000000000000000000, 1.000000000000000000 ) ) ;
#2467 = VERTEX_POINT ( 'NONE', #3120 ) ;
#2468 = CARTESIAN_POINT ( 'NONE',  ( -0.8711485212103730058, 1.269526485168794183, 0.9900000000000001021 ) ) ;
#2469 = ORIENTED_EDGE ( 'NONE', *, *, #387, .F. ) ;
#2470 = FACE_OUTER_BOUND ( 'NONE', #2921, .T. ) ;
#2471 = EDGE_CURVE ( 'NONE', #2411, #2313, #1138, .T. ) ;
#2472 = ORIENTED_EDGE ( 'NONE', *, *, #941, .F. ) ;
#2473 = LINE ( 'NONE', #2689, #376 ) ;
#2474 = EDGE_CURVE ( 'NONE', #1262, #2571, #2714, .T. ) ;
#2475 =( NAMED_UNIT ( * ) PLANE_ANGLE_UNIT ( ) SI_UNIT ( $, .RADIAN. ) );
#2476 = UNCERTAINTY_MEASURE_WITH_UNIT (LENGTH_MEASURE( 1.000000000000000082E-05 ), #1626, 'distance_accuracy_value', 'NONE');
#2477 = CARTESIAN_POINT ( 'NONE',  ( -1.519744788236716104, -1.420292598699890441, 0.04999999999999975991 ) ) ;
#2478 = AXIS2_PLACEMENT_3D ( 'NONE', #601, #240, #1653 ) ;
#2479 = DIRECTION ( 'NONE',  ( -0.0000000000000000000, 1.000000000000000000, 0.0000000000000000000 ) ) ;
#2480 = CARTESIAN_POINT ( 'NONE',  ( -0.07500000000000020539, 1.183999999999999941, 0.3099999999999999978 ) ) ;
#2481 = DIRECTION ( 'NONE',  ( -0.0000000000000000000, -1.000000000000000000, -0.0000000000000000000 ) ) ;
#2482 = CARTESIAN_POINT ( 'NONE',  ( -0.3589999999999999858, 0.2449999999999999956, 0.3099999999999999978 ) ) ;
#2483 = ORIENTED_EDGE ( 'NONE', *, *, #3307, .T. ) ;
#2484 = CARTESIAN_POINT ( 'NONE',  ( -1.141810963553232083, 1.003941175863180213, 0.9900000000000014344 ) ) ;
#2485 = ORIENTED_EDGE ( 'NONE', *, *, #1989, .T. ) ;
#2486 = PRESENTATION_STYLE_ASSIGNMENT (( #223 ) ) ;
#2487 = ORIENTED_EDGE ( 'NONE', *, *, #1882, .T. ) ;
#2488 = CARTESIAN_POINT ( 'NONE',  ( -1.219999999999999973, 0.1749999999999999889, 0.3099999999999999978 ) ) ;
#2489 = VECTOR ( 'NONE', #2861, 1000.000000000000114 ) ;
#2490 = SURFACE_SIDE_STYLE ('',( #460 ) ) ;
#2491 = COLOUR_RGB ( '',0.1529411764705882470, 0.1529411764705882470, 0.1529411764705882470 ) ;
#2492 = CARTESIAN_POINT ( 'NONE',  ( -1.325651190893909703, -1.425103380430739142, 0.9504528463267660765 ) ) ;
#2493 = VECTOR ( 'NONE', #3185, 1000.000000000000114 ) ;
#2494 = EDGE_CURVE ( 'NONE', #2034, #2590, #3337, .T. ) ;
#2495 = STYLED_ITEM ( 'NONE', ( #2635 ), #323 ) ;
#2496 = ADVANCED_FACE ( 'NONE', ( #1945 ), #2365, .F. ) ;
#2497 = DIRECTION ( 'NONE',  ( -0.0000000000000000000, -0.0000000000000000000, 1.000000000000000000 ) ) ;
#2498 = CARTESIAN_POINT ( 'NONE',  ( -1.351277487831000323, -1.410725218524230273, 1.039999999999999813 ) ) ;
#2499 = ORIENTED_EDGE ( 'NONE', *, *, #3348, .F. ) ;
#2500 = VECTOR ( 'NONE', #2688, 1000.000000000000114 ) ;
#2501 = COLOUR_RGB ( '',0.1529411764705882470, 0.1529411764705882470, 0.1529411764705882470 ) ;
#2502 = DIRECTION ( 'NONE',  ( -0.0000000000000000000, 1.000000000000000000, 0.0000000000000000000 ) ) ;
#2503 = VECTOR ( 'NONE', #2070, 1000.000000000000000 ) ;
#2504 = CARTESIAN_POINT ( 'NONE',  ( -0.8621820786145817372, 1.003941175863179991, 0.9932635181990742135 ) ) ;
#2505 = ORIENTED_EDGE ( 'NONE', *, *, #418, .F. ) ;
#2506 = MECHANICAL_DESIGN_GEOMETRIC_PRESENTATION_REPRESENTATION (  '', ( #499 ), #1388 ) ;
#2507 = LINE ( 'NONE', #1419, #1063 ) ;
#2508 = DIRECTION ( 'NONE',  ( -0.0000000000000000000, 0.1045284632676540398, 0.9945218953682732899 ) ) ;
#2509 = VERTEX_POINT ( 'NONE', #3135 ) ;
#2510 =( BOUNDED_SURFACE ( )  B_SPLINE_SURFACE ( 3, 2, ( 
 ( #1985, #3411, #626 ),
 ( #2542, #22, #889 ),
 ( #2001, #1973, #909 ),
 ( #3110, #2241, #1953 ),
 ( #3080, #1707, #3 ),
 ( #1129, #2256, #3096 ),
 ( #1148, #2275, #2396 ) ),
 .UNSPECIFIED., .F., .F., .F. ) 
 B_SPLINE_SURFACE_WITH_KNOTS ( ( 4, 1, 1, 1, 4 ),
 ( 3, 3 ),
 ( -9.551411170515729785E-05, 0.4450492744431380210, 0.6285735544955169951, 0.8120978345478959692, 1.000095514218080073 ),
 ( 0.0000000000000000000, 1.000000000000000000 ),
 .UNSPECIFIED. ) 
 GEOMETRIC_REPRESENTATION_ITEM ( )  RATIONAL_B_SPLINE_SURFACE ( (
 ( 1.000000000000000000, 0.7431396860209990018, 1.000000000000000000),
 ( 1.000000000000000000, 0.7513097091377930470, 1.000000000000000000),
 ( 1.000000000000000000, 0.7581042198458329828, 1.000000000000000000),
 ( 1.000000000000000000, 0.7570549293486279474, 1.000000000000000000),
 ( 1.000000000000000000, 0.7521985591672939453, 1.000000000000000000),
 ( 1.000000000000000000, 0.7465227397045449687, 1.000000000000000000),
 ( 1.000000000000000000, 0.7431396708183769517, 1.000000000000000000) ) ) 
 REPRESENTATION_ITEM ( '' )  SURFACE ( )  );
#2511 = CARTESIAN_POINT ( 'NONE',  ( -0.07500000000000020539, 1.183999999999999941, 0.3099999999999999978 ) ) ;
#2512 = SURFACE_STYLE_FILL_AREA ( #1390 ) ;
#2513 = DIRECTION ( 'NONE',  ( 0.0000000000000000000, 0.0000000000000000000, -1.000000000000000000 ) ) ;
#2514 = DIRECTION ( 'NONE',  ( -1.000000000000000000, 0.0000000000000000000, 0.0000000000000000000 ) ) ;
#2515 = EDGE_CURVE ( 'NONE', #2687, #2586, #118, .T. ) ;
#2516 = LINE ( 'NONE', #3066, #3442 ) ;
#2517 = CARTESIAN_POINT ( 'NONE',  ( 1.425103401607888065, 1.325651190699960402, 0.9504528485321893649 ) ) ;
#2518 = CARTESIAN_POINT ( 'NONE',  ( 1.519744788236716104, 1.420292598699891773, 0.04999999999999968359 ) ) ;
#2519 = EDGE_CURVE ( 'NONE', #2534, #458, #649, .T. ) ;
#2520 = EDGE_LOOP ( 'NONE', ( #582, #147, #172, #1618 ) ) ;
#2521 = PLANE ( 'NONE',  #1476 ) ;
#2522 = EDGE_LOOP ( 'NONE', ( #2638, #1516, #362, #2040, #2182, #2236 ) ) ;
#2523 = FACE_OUTER_BOUND ( 'NONE', #1583, .T. ) ;
#2524 = DIRECTION ( 'NONE',  ( -0.0000000000000000000, 1.000000000000000000, 0.0000000000000000000 ) ) ;
#2525 = ORIENTED_EDGE ( 'NONE', *, *, #2189, .F. ) ;
#2526 = DIRECTION ( 'NONE',  ( 1.000000000000000000, 0.0000000000000000000, 0.0000000000000000000 ) ) ;
#2527 = FILL_AREA_STYLE_COLOUR ( '', #368 ) ;
#2528 = ORIENTED_EDGE ( 'NONE', *, *, #880, .F. ) ;
#2529 =( NAMED_UNIT ( * ) PLANE_ANGLE_UNIT ( ) SI_UNIT ( $, .RADIAN. ) );
#2530 = FACE_OUTER_BOUND ( 'NONE', #3440, .T. ) ;
#2531 = LINE ( 'NONE', #3433, #1085 ) ;
#2532 = CARTESIAN_POINT ( 'NONE',  ( 0.0000000000000000000, -1.325651190893909925, 1.040000000000000036 ) ) ;
#2533 = DIRECTION ( 'NONE',  ( -1.000000000000000000, 0.0000000000000000000, -0.0000000000000000000 ) ) ;
#2534 = VERTEX_POINT ( 'NONE', #2346 ) ;
#2535 = CARTESIAN_POINT ( 'NONE',  ( 1.649999999999999911, 0.1749999999999999889, 0.05000000000000002359 ) ) ;
#2536 = ORIENTED_EDGE ( 'NONE', *, *, #2815, .T. ) ;
#2537 = EDGE_CURVE ( 'NONE', #2336, #242, #1737, .T. ) ;
#2538 = ADVANCED_FACE ( 'NONE', ( #318 ), #1023, .F. ) ;
#2539 = CARTESIAN_POINT ( 'NONE',  ( 1.325651180251155248, 1.425103380550818422, 0.9504528452207889888 ) ) ;
#2540 = FILL_AREA_STYLE ('',( #260 ) ) ;
#2541 = ORIENTED_EDGE ( 'NONE', *, *, #2716, .F. ) ;
#2542 = CARTESIAN_POINT ( 'NONE',  ( -1.325651190893909925, 1.325651190893909925, 1.040000000000000036 ) ) ;
#2543 = DIRECTION ( 'NONE',  ( -1.000000000000000000, 0.0000000000000000000, -0.0000000000000000000 ) ) ;
#2544 = VECTOR ( 'NONE', #1987, 1000.000000000000000 ) ;
#2545 = SURFACE_STYLE_FILL_AREA ( #2810 ) ;
#2546 = DIRECTION ( 'NONE',  ( 0.1045284632676540398, 0.0000000000000000000, 0.9945218953682732899 ) ) ;
#2547 = CARTESIAN_POINT ( 'NONE',  ( -1.325651190893909925, -1.325651190893909925, 1.040000000000000036 ) ) ;
#2548 =( GEOMETRIC_REPRESENTATION_CONTEXT ( 3 ) GLOBAL_UNCERTAINTY_ASSIGNED_CONTEXT ( ( #1878 ) ) GLOBAL_UNIT_ASSIGNED_CONTEXT ( ( #2029, #1200, #563 ) ) REPRESENTATION_CONTEXT ( 'NONE', 'WORKASPACE' ) );
#2549 = AXIS2_PLACEMENT_3D ( 'NONE', #1492, #2594, #2434 ) ;
#2550 = CARTESIAN_POINT ( 'NONE',  ( -1.425103380430739142, 1.325651190893909703, 0.9504528463267660765 ) ) ;
#2551 = AXIS2_PLACEMENT_3D ( 'NONE', #3187, #406, #984 ) ;
#2552 = ORIENTED_EDGE ( 'NONE', *, *, #1526, .T. ) ;
#2553 = AXIS2_PLACEMENT_3D ( 'NONE', #1260, #3272, #2174 ) ;
#2554 = AXIS2_PLACEMENT_3D ( 'NONE', #1038, #3578, #3594 ) ;
#2555 = AXIS2_PLACEMENT_3D ( 'NONE', #2722, #1943, #3575 ) ;
#2556 =( NAMED_UNIT ( * ) PLANE_ANGLE_UNIT ( ) SI_UNIT ( $, .RADIAN. ) );
#2557 = ORIENTED_EDGE ( 'NONE', *, *, #2849, .F. ) ;
#2558 = CARTESIAN_POINT ( 'NONE',  ( -1.219999999999999973, 1.125000000000000222, 0.03000000000000002318 ) ) ;
#2559 = ADVANCED_FACE ( 'NONE', ( #2587 ), #2093, .T. ) ;
#2560 = ORIENTED_EDGE ( 'NONE', *, *, #742, .F. ) ;
#2561 = EDGE_CURVE ( 'NONE', #3056, #1593, #1318, .T. ) ;
#2562 = SURFACE_SIDE_STYLE ('',( #1439 ) ) ;
#2563 = EDGE_CURVE ( 'NONE', #710, #2404, #1869, .T. ) ;
#2564 = PRESENTATION_STYLE_ASSIGNMENT (( #2809 ) ) ;
#2565 = CARTESIAN_POINT ( 'NONE',  ( -0.3250000000000000666, 1.649999999999999911, 0.03000000000000002318 ) ) ;
#2566 = DIRECTION ( 'NONE',  ( -0.0000000000000000000, -1.000000000000000000, -0.0000000000000000000 ) ) ;
#2567 = CARTESIAN_POINT ( 'NONE',  ( 1.219999999999999973, -0.2449999999999999956, 0.03000000000000001277 ) ) ;
#2568 = CARTESIAN_POINT ( 'NONE',  ( -0.3589999999999999303, 0.2449999999999999956, 0.05000000000000001665 ) ) ;
#2569 = VERTEX_POINT ( 'NONE', #2423 ) ;
#2570 = DIRECTION ( 'NONE',  ( -1.000000000000000000, 0.0000000000000000000, -0.0000000000000000000 ) ) ;
#2571 = VERTEX_POINT ( 'NONE', #2937 ) ;
#2572 = CARTESIAN_POINT ( 'NONE',  ( -0.8553982570815289455, 1.003941175863179991, 1.031736481776670544 ) ) ;
#2573 = ORIENTED_EDGE ( 'NONE', *, *, #3512, .F. ) ;
#2574 = ADVANCED_FACE ( 'NONE', ( #2991 ), #1833, .T. ) ;
#2575 =( NAMED_UNIT ( * ) SI_UNIT ( $, .STERADIAN. ) SOLID_ANGLE_UNIT ( ) );
#2576 = CARTESIAN_POINT ( 'NONE',  ( 1.649999999999999911, 0.0000000000000000000, 0.03000000000000000236 ) ) ;
#2577 = ORIENTED_EDGE ( 'NONE', *, *, #3215, .F. ) ;
#2578 = VECTOR ( 'NONE', #389, 1000.000000000000000 ) ;
#2579 = FILL_AREA_STYLE_COLOUR ( '', #2027 ) ;
#2580 = EDGE_CURVE ( 'NONE', #1237, #289, #3549, .T. ) ;
#2581 = EDGE_CURVE ( 'NONE', #2687, #2974, #986, .T. ) ;
#2582 = FACE_BOUND ( 'NONE', #3220, .T. ) ;
#2583 = CARTESIAN_POINT ( 'NONE',  ( -0.04100000000000023070, -1.149999999999999911, 0.3099999999999999978 ) ) ;
#2584 = SURFACE_STYLE_USAGE ( .BOTH. , #2416 ) ;
#2585 = FACE_OUTER_BOUND ( 'NONE', #388, .T. ) ;
#2586 = VERTEX_POINT ( 'NONE', #1026 ) ;
#2587 = FACE_OUTER_BOUND ( 'NONE', #2604, .T. ) ;
#2588 = MECHANICAL_DESIGN_GEOMETRIC_PRESENTATION_REPRESENTATION (  '', ( #5 ), #1592 ) ;
#2589 = CARTESIAN_POINT ( 'NONE',  ( -1.123621026362894737, 1.072266741503334897, 0.9899999999999999911 ) ) ;
#2590 = VERTEX_POINT ( 'NONE', #1885 ) ;
#2591 = DIRECTION ( 'NONE',  ( -0.0000000000000000000, -1.000000000000000000, 0.0000000000000000000 ) ) ;
#2592 = VECTOR ( 'NONE', #1701, 1000.000000000000114 ) ;
#2593 = CARTESIAN_POINT ( 'NONE',  ( -1.003941175863179991, 1.003941175863179991, 0.9982635181700061366 ) ) ;
#2594 = DIRECTION ( 'NONE',  ( 0.9945218953682732899, -0.0000000000000000000, 0.1045284632676540398 ) ) ;
#2595 = VERTEX_POINT ( 'NONE', #3573 ) ;
#2596 = DIRECTION ( 'NONE',  ( 0.0000000000000000000, -0.0000000000000000000, 1.000000000000000000 ) ) ;
#2597 = LINE ( 'NONE', #894, #547 ) ;
#2598 = DIRECTION ( 'NONE',  ( 0.0000000000000000000, 0.0000000000000000000, -1.000000000000000000 ) ) ;
#2599 = EDGE_CURVE ( 'NONE', #617, #2137, #429, .T. ) ;
#2600 = EDGE_CURVE ( 'NONE', #3469, #2415, #2975, .T. ) ;
#2601 = PRESENTATION_LAYER_ASSIGNMENT (  '', '', ( #1662 ) ) ;
#2602 = DIRECTION ( 'NONE',  ( -0.0000000000000000000, -1.000000000000000000, -0.0000000000000000000 ) ) ;
#2603 = VECTOR ( 'NONE', #592, 1000.000000000000000 ) ;
#2604 = EDGE_LOOP ( 'NONE', ( #3119, #3107, #1621, #2483, #3035, #2195, #2886, #1994 ) ) ;
#2605 = CARTESIAN_POINT ( 'NONE',  ( 1.325651190893909925, -1.325651190893909925, 1.040000000000000036 ) ) ;
#2606 = EDGE_LOOP ( 'NONE', ( #1177, #496, #287, #333 ) ) ;
#2607 = DIRECTION ( 'NONE',  ( -0.7071067811865474617, -0.7071067811865474617, 0.0000000000000000000 ) ) ;
#2608 = MECHANICAL_DESIGN_GEOMETRIC_PRESENTATION_REPRESENTATION (  '', ( #665 ), #3029 ) ;
#2609 = CARTESIAN_POINT ( 'NONE',  ( -0.9356156102230350768, 1.123621026362894737, 0.9899999999999997691 ) ) ;
#2610 = VERTEX_POINT ( 'NONE', #2699 ) ;
#2611 = LINE ( 'NONE', #357, #2798 ) ;
#2612 = VECTOR ( 'NONE', #3028, 1000.000000000000000 ) ;
#2613 = PRESENTATION_LAYER_ASSIGNMENT (  '', '', ( #797 ) ) ;
#2614 = DIRECTION ( 'NONE',  ( -0.0000000000000000000, 1.000000000000000000, 0.0000000000000000000 ) ) ;
#2615 = VERTEX_POINT ( 'NONE', #173 ) ;
#2616 = CARTESIAN_POINT ( 'NONE',  ( -0.3250000000000010103, 1.519744788236716104, 0.04999999999999972522 ) ) ;
#2617 = DIRECTION ( 'NONE',  ( -1.000000000000000000, 0.0000000000000000000, -0.0000000000000000000 ) ) ;
#2618 = DIRECTION ( 'NONE',  ( -0.0000000000000000000, -1.000000000000000000, -0.0000000000000000000 ) ) ;
#2619 = UNCERTAINTY_MEASURE_WITH_UNIT (LENGTH_MEASURE( 1.000000000000000082E-05 ), #459, 'distance_accuracy_value', 'NONE');
#2620 = CARTESIAN_POINT ( 'NONE',  ( 1.325651190893915476, -1.325651190893911702, 1.040000001456733658 ) ) ;
#2621 = EDGE_CURVE ( 'NONE', #2783, #1244, #1316, .T. ) ;
#2622 = ORIENTED_EDGE ( 'NONE', *, *, #1819, .T. ) ;
#2623 = CARTESIAN_POINT ( 'NONE',  ( 1.325637774960490178, -1.415692997643589690, 1.039999999999999813 ) ) ;
#2624 = CARTESIAN_POINT ( 'NONE',  ( 1.519744788236717215, -1.420292598699889330, 0.04999999999999990563 ) ) ;
#2625 = ADVANCED_FACE ( 'NONE', ( #1561 ), #2131, .T. ) ;
#2626 = CARTESIAN_POINT ( 'NONE',  ( -1.040253268425458844, 1.136879089334777548, 0.9899999999999999911 ) ) ;
#2627 = ORIENTED_EDGE ( 'NONE', *, *, #3330, .F. ) ;
#2628 = DIRECTION ( 'NONE',  ( 0.7071067811865520136, -0.7071067811865431318, 0.0000000000000000000 ) ) ;
#2629 = ORIENTED_EDGE ( 'NONE', *, *, #2561, .F. ) ;
#2630 = DIRECTION ( 'NONE',  ( 0.0000000000000000000, 0.0000000000000000000, -1.000000000000000000 ) ) ;
#2631 = PLANE ( 'NONE',  #2906 ) ;
#2632 = ORIENTED_EDGE ( 'NONE', *, *, #1794, .T. ) ;
#2633 = FACE_OUTER_BOUND ( 'NONE', #1002, .T. ) ;
#2634 = LINE ( 'NONE', #367, #310 ) ;
#2635 = PRESENTATION_STYLE_ASSIGNMENT (( #3246 ) ) ;
#2636 = EDGE_LOOP ( 'NONE', ( #3214, #1983, #3158, #1493 ) ) ;
#2637 = CARTESIAN_POINT ( 'NONE',  ( -0.8660713881731286756, 1.003941175863179991, 0.9900000000000014344 ) ) ;
#2638 = ORIENTED_EDGE ( 'NONE', *, *, #3602, .T. ) ;
#2639 = CARTESIAN_POINT ( 'NONE',  ( 1.649999999999999911, 0.8249999999999999556, 0.3099999999999999978 ) ) ;
#2640 = CARTESIAN_POINT ( 'NONE',  ( -1.649999999999999911, 0.4749999999999999778, 0.03000000000000002318 ) ) ;
#2641 = ORIENTED_EDGE ( 'NONE', *, *, #2015, .T. ) ;
#2642 = DIRECTION ( 'NONE',  ( 0.0000000000000000000, -1.000000000000000000, -0.0000000000000000000 ) ) ;
#2643 = EDGE_LOOP ( 'NONE', ( #1266, #1536, #1156, #397 ) ) ;
#2644 = AXIS2_PLACEMENT_3D ( 'NONE', #652, #634, #2570 ) ;
#2645 = EDGE_CURVE ( 'NONE', #3235, #2981, #1494, .T. ) ;
#2646 = ADVANCED_FACE ( 'NONE', ( #1609 ), #1334, .T. ) ;
#2647 = VECTOR ( 'NONE', #2043, 1000.000000000000000 ) ;
#2648 = LINE ( 'NONE', #955, #2647 ) ;
#2649 = CARTESIAN_POINT ( 'NONE',  ( -1.219999999999999973, 0.1749999999999999889, 0.3099999999999999978 ) ) ;
#2650 = VERTEX_POINT ( 'NONE', #1352 ) ;
#2651 = CARTESIAN_POINT ( 'NONE',  ( -0.07500000000000106581, 1.524999999999999911, 0.0000000000000000000 ) ) ;
#2652 = PLANE ( 'NONE',  #3610 ) ;
#2653 = DIRECTION ( 'NONE',  ( -1.000000000000000000, 0.0000000000000000000, -0.0000000000000000000 ) ) ;
#2654 = CARTESIAN_POINT ( 'NONE',  ( 1.219999999999999973, 1.059358363155489924, 0.3099999999999999978 ) ) ;
#2655 = ORIENTED_EDGE ( 'NONE', *, *, #462, .F. ) ;
#2656 = CARTESIAN_POINT ( 'NONE',  ( 1.219999999999999973, 0.2449999999999999956, 0.3099999999999999978 ) ) ;
#2657 = ORIENTED_EDGE ( 'NONE', *, *, #1326, .T. ) ;
#2658 = AXIS2_PLACEMENT_3D ( 'NONE', #2290, #2277, #893 ) ;
#2659 = CARTESIAN_POINT ( 'NONE',  ( -0.3589999999999999858, -1.149999999999999911, 0.03000000000000002318 ) ) ;
#2660 = CARTESIAN_POINT ( 'NONE',  ( 1.239999999999999991, 0.4749999999999999778, 0.3099999999999999978 ) ) ;
#2661 = VERTEX_POINT ( 'NONE', #272 ) ;
#2662 = CARTESIAN_POINT ( 'NONE',  ( -0.8841132105623881188, 0.9357625286567546885, 0.9899999999999999911 ) ) ;
#2663 = EDGE_LOOP ( 'NONE', ( #435, #473, #2144, #3407 ) ) ;
#2664 = LINE ( 'NONE', #695, #411 ) ;
#2665 = EDGE_CURVE ( 'NONE', #1911, #884, #1940, .T. ) ;
#2666 = EDGE_CURVE ( 'NONE', #2178, #2057, #3641, .T. ) ;
#2667 = CARTESIAN_POINT ( 'NONE',  ( 1.219999999999999973, -0.2449999999999999956, 0.05000000000000000278 ) ) ;
#2668 = ORIENTED_EDGE ( 'NONE', *, *, #1104, .T. ) ;
#2669 = CARTESIAN_POINT ( 'NONE',  ( 1.425103541233810001, 1.325636372668600016, 0.9504513057696111211 ) ) ;
#2670 = VECTOR ( 'NONE', #3293, 1000.000000000000000 ) ;
#2671 = VECTOR ( 'NONE', #3219, 1000.000000000000000 ) ;
#2672 = VECTOR ( 'NONE', #651, 1000.000000000000000 ) ;
#2673 = EDGE_CURVE ( 'NONE', #528, #3556, #3332, .T. ) ;
#2674 = LINE ( 'NONE', #151, #1432 ) ;
#2675 = PRESENTATION_LAYER_ASSIGNMENT (  '', '', ( #1443 ) ) ;
#2676 = CARTESIAN_POINT ( 'NONE',  ( 1.462952309187639965, -1.462952309187639965, -0.3663328794188500104 ) ) ;
#2677 = ORIENTED_EDGE ( 'NONE', *, *, #3560, .T. ) ;
#2678 =( LENGTH_UNIT ( ) NAMED_UNIT ( * ) SI_UNIT ( .MILLI., .METRE. ) );
#2679 = ORIENTED_EDGE ( 'NONE', *, *, #3551, .T. ) ;
#2680 = SURFACE_STYLE_FILL_AREA ( #1816 ) ;
#2681 = CARTESIAN_POINT ( 'NONE',  ( 1.219999999999999973, -1.125000000000000222, 0.3099999999999999978 ) ) ;
#2682 = DIRECTION ( 'NONE',  ( 0.0000000000000000000, 0.0000000000000000000, 1.000000000000000000 ) ) ;
#2683 = VERTEX_POINT ( 'NONE', #1394 ) ;
#2684 = CARTESIAN_POINT ( 'NONE',  ( -1.649999999999999911, -0.1749999999999999889, 0.3099999999999999978 ) ) ;
#2685 = ORIENTED_EDGE ( 'NONE', *, *, #1291, .T. ) ;
#2686 =( NAMED_UNIT ( * ) SI_UNIT ( $, .STERADIAN. ) SOLID_ANGLE_UNIT ( ) );
#2687 = VERTEX_POINT ( 'NONE', #2760 ) ;
#2688 = DIRECTION ( 'NONE',  ( -0.1045284632676540398, -0.0000000000000000000, 0.9945218953682732899 ) ) ;
#2689 = CARTESIAN_POINT ( 'NONE',  ( 0.0000000000000000000, -1.125000000000000222, 0.03000000000000000236 ) ) ;
#2690 = ADVANCED_FACE ( 'NONE', ( #1644 ), #1697, .T. ) ;
#2691 = DIRECTION ( 'NONE',  ( -0.9945218953682734009, 0.0000000000000000000, 0.1045284632676538733 ) ) ;
#2692 = CARTESIAN_POINT ( 'NONE',  ( -0.04100000000000009887, -1.054999999999999938, 0.05000000000000001665 ) ) ;
#2693 = UNCERTAINTY_MEASURE_WITH_UNIT (LENGTH_MEASURE( 1.000000000000000082E-05 ), #2279, 'distance_accuracy_value', 'NONE');
#2694 = EDGE_CURVE ( 'NONE', #3367, #3515, #2516, .T. ) ;
#2695 = EDGE_CURVE ( 'NONE', #1262, #2367, #2151, .T. ) ;
#2696 =( GEOMETRIC_REPRESENTATION_CONTEXT ( 3 ) GLOBAL_UNCERTAINTY_ASSIGNED_CONTEXT ( ( #1043 ) ) GLOBAL_UNIT_ASSIGNED_CONTEXT ( ( #3423, #3474, #2865 ) ) REPRESENTATION_CONTEXT ( 'NONE', 'WORKASPACE' ) );
#2697 = LINE ( 'NONE', #3292, #25 ) ;
#2698 = ORIENTED_EDGE ( 'NONE', *, *, #200, .F. ) ;
#2699 = CARTESIAN_POINT ( 'NONE',  ( -1.649999999999999689, 1.125000000000000222, 0.3099999999999999978 ) ) ;
#2700 = ORIENTED_EDGE ( 'NONE', *, *, #248, .F. ) ;
#2701 = CARTESIAN_POINT ( 'NONE',  ( 1.239999999999999991, 0.0000000000000000000, 0.05000000000000000278 ) ) ;
#2702 = CARTESIAN_POINT ( 'NONE',  ( -0.07500000000000020539, 1.649999999999999689, 0.3099999999999999978 ) ) ;
#2703 = EDGE_LOOP ( 'NONE', ( #1408, #1259, #1870, #1541 ) ) ;
#2704 = CARTESIAN_POINT ( 'NONE',  ( -1.152484094657129088, 1.003941175863179991, 1.031736481776670544 ) ) ;
#2705 = ORIENTED_EDGE ( 'NONE', *, *, #198, .F. ) ;
#2706 = CARTESIAN_POINT ( 'NONE',  ( 1.420292598699890441, -1.519744788236716104, 0.04999999999999975991 ) ) ;
#2707 =( LENGTH_UNIT ( ) NAMED_UNIT ( * ) SI_UNIT ( .MILLI., .METRE. ) );
#2708 = CYLINDRICAL_SURFACE ( 'NONE', #370, 0.1000000000000000472 ) ;
#2709 = AXIS2_PLACEMENT_3D ( 'NONE', #2454, #1891, #494 ) ;
#2710 = FILL_AREA_STYLE ('',( #1588 ) ) ;
#2711 = DIRECTION ( 'NONE',  ( 0.0000000000000000000, 0.0000000000000000000, -1.000000000000000000 ) ) ;
#2712 = LINE ( 'NONE', #231, #1030 ) ;
#2713 = CARTESIAN_POINT ( 'NONE',  ( -0.8711485212103730058, 1.003941175863179991, 0.9899999999999999911 ) ) ;
#2714 = CIRCLE ( 'NONE', #838, 0.01000000000000002623 ) ;
#2715 = PLANE ( 'NONE',  #2140 ) ;
#2716 = EDGE_CURVE ( 'NONE', #449, #1601, #2076, .T. ) ;
#2717 = ADVANCED_FACE ( 'NONE', ( #1082 ), #2254, .F. ) ;
#2718 = VERTEX_POINT ( 'NONE', #2307 ) ;
#2719 = DIRECTION ( 'NONE',  ( -1.000000000000000000, 0.0000000000000000000, 0.0000000000000000000 ) ) ;
#2720 = VERTEX_POINT ( 'NONE', #1734 ) ;
#2721 = SURFACE_SIDE_STYLE ('',( #2680 ) ) ;
#2722 = CARTESIAN_POINT ( 'NONE',  ( -0.04100000000000020295, -1.149999999999999911, 0.3099999999999999978 ) ) ;
#2723 = VERTEX_POINT ( 'NONE', #2291 ) ;
#2724 = VERTEX_POINT ( 'NONE', #63 ) ;
#2725 = LINE ( 'NONE', #1302, #1830 ) ;
#2726 = SURFACE_STYLE_FILL_AREA ( #472 ) ;
#2727 = MECHANICAL_DESIGN_GEOMETRIC_PRESENTATION_REPRESENTATION (  '', ( #1418 ), #2548 ) ;
#2729 = VERTEX_POINT ( 'NONE', #1827 ) ;
#2728 = STYLED_ITEM ( 'NONE', ( #2255 ), #877 ) ;
#2730 = FILL_AREA_STYLE_COLOUR ( '', #2792 ) ;
#2731 = FILL_AREA_STYLE_COLOUR ( '', #3204 ) ;
#2732 = MECHANICAL_DESIGN_GEOMETRIC_PRESENTATION_REPRESENTATION (  '', ( #722 ), #3255 ) ;
#2733 = VECTOR ( 'NONE', #2919, 1000.000000000000000 ) ;
#2734 = LINE ( 'NONE', #3569, #1549 ) ;
#2735 = CARTESIAN_POINT ( 'NONE',  ( -0.04100000000000020989, 1.059358363155489924, 0.03000000000000002318 ) ) ;
#2736 = VECTOR ( 'NONE', #286, 1000.000000000000000 ) ;
#2737 = CARTESIAN_POINT ( 'NONE',  ( -0.07500000000000020539, -1.183999999999999941, 0.3099999999999999978 ) ) ;
#2738 = VECTOR ( 'NONE', #2450, 1000.000000000000000 ) ;
#2739 = VECTOR ( 'NONE', #2391, 1000.000000000000000 ) ;
#2740 = PLANE ( 'NONE',  #254 ) ;
#2741 = DIRECTION ( 'NONE',  ( 0.0000000000000000000, -1.000000000000000000, -0.0000000000000000000 ) ) ;
#2742 = VECTOR ( 'NONE', #2860, 1000.000000000000000 ) ;
#2743 = ORIENTED_EDGE ( 'NONE', *, *, #417, .T. ) ;
#2744 = EDGE_CURVE ( 'NONE', #968, #340, #1179, .T. ) ;
#2745 = FACE_OUTER_BOUND ( 'NONE', #2703, .T. ) ;
#2746 = ORIENTED_EDGE ( 'NONE', *, *, #3184, .T. ) ;
#2747 =( NAMED_UNIT ( * ) PLANE_ANGLE_UNIT ( ) SI_UNIT ( $, .RADIAN. ) );
#2748 = ORIENTED_EDGE ( 'NONE', *, *, #2987, .F. ) ;
#2749 = B_SPLINE_CURVE_WITH_KNOTS ( 'NONE', 3,
 ( #2867, #1450, #1522, #2609, #936, #2626, #2037, #2589, #675, #92 ),
 .UNSPECIFIED., .F., .F.,
 ( 4, 2, 2, 2, 4 ),
 ( 0.0000000000000000000, 0.1250000000000000000, 0.2500000000000000000, 0.3750000000000000000, 0.5000000000000000000 ),
 .UNSPECIFIED. ) ;
#2750 = ADVANCED_FACE ( 'NONE', ( #442 ), #230, .F. ) ;
#2751 = LINE ( 'NONE', #221, #3062 ) ;
#2752 = CYLINDRICAL_SURFACE ( 'NONE', #2554, 0.09999999999999996392 ) ;
#2753 = VERTEX_POINT ( 'NONE', #1843 ) ;
#2754 = CARTESIAN_POINT ( 'NONE',  ( 1.649999999999999911, -1.125000000000000222, 0.3099999999999999978 ) ) ;
#2755 = DIRECTION ( 'NONE',  ( -1.000000000000000000, 0.0000000000000000000, -0.0000000000000000000 ) ) ;
#2756 = SURFACE_STYLE_FILL_AREA ( #2710 ) ;
#2757 = LINE ( 'NONE', #1076, #135 ) ;
#2758 = DIRECTION ( 'NONE',  ( 0.0000000000000000000, -0.0000000000000000000, 1.000000000000000000 ) ) ;
#2759 = CARTESIAN_POINT ( 'NONE',  ( 0.0000000000000000000, 0.0000000000000000000, 0.03000000000000000236 ) ) ;
#2760 = CARTESIAN_POINT ( 'NONE',  ( -1.649999999999999689, -0.4749999999999999778, 0.03000000000000001277 ) ) ;
#2761 = ORIENTED_EDGE ( 'NONE', *, *, #1633, .T. ) ;
#2762 = DIRECTION ( 'NONE',  ( 1.000000000000000000, 0.0000000000000000000, 0.0000000000000000000 ) ) ;
#2763 = ORIENTED_EDGE ( 'NONE', *, *, #561, .T. ) ;
#2764 = CARTESIAN_POINT ( 'NONE',  ( -0.3250000000000000666, 1.183999999999999941, 0.02999999999999998154 ) ) ;
#2765 = EDGE_LOOP ( 'NONE', ( #1597, #2393, #1529, #3463 ) ) ;
#2766 = CARTESIAN_POINT ( 'NONE',  ( -1.413976688251876501, -1.377210201886730490, 0.9547024542757255317 ) ) ;
#2767 = EDGE_CURVE ( 'NONE', #3296, #2992, #2966, .T. ) ;
#2768 = ORIENTED_EDGE ( 'NONE', *, *, #1742, .T. ) ;
#2769 = EDGE_CURVE ( 'NONE', #2976, #1736, #314, .T. ) ;
#2770 = DIRECTION ( 'NONE',  ( -1.000000000000000000, 0.0000000000000000000, -0.0000000000000000000 ) ) ;
#2771 = SURFACE_SIDE_STYLE ('',( #1866 ) ) ;
#2772 = VECTOR ( 'NONE', #1008, 1000.000000000000000 ) ;
#2773 = CARTESIAN_POINT ( 'NONE',  ( 1.219999999999999973, 0.2449999999999999956, 0.05000000000000001665 ) ) ;
#2774 = VECTOR ( 'NONE', #1229, 1000.000000000000000 ) ;
#2775 = LINE ( 'NONE', #251, #3417 ) ;
#2776 = ORIENTED_EDGE ( 'NONE', *, *, #2273, .F. ) ;
#2777 = CARTESIAN_POINT ( 'NONE',  ( -0.07500000000000020539, 0.0000000000000000000, 0.3099999999999999978 ) ) ;
#2778 = ORIENTED_EDGE ( 'NONE', *, *, #2767, .T. ) ;
#2779 = DIRECTION ( 'NONE',  ( 0.0000000000000000000, 0.0000000000000000000, 1.000000000000000000 ) ) ;
#2780 = ORIENTED_EDGE ( 'NONE', *, *, #1209, .T. ) ;
#2781 = SURFACE_STYLE_FILL_AREA ( #2268 ) ;
#2782 = CARTESIAN_POINT ( 'NONE',  ( -0.8506273126108342408, 0.6973134493584871585, 1.040000000000001812 ) ) ;
#2783 = VERTEX_POINT ( 'NONE', #2567 ) ;
#2784 = MECHANICAL_DESIGN_GEOMETRIC_PRESENTATION_REPRESENTATION (  '', ( #720 ), #3250 ) ;
#2785 = ADVANCED_FACE ( 'NONE', ( #1073 ), #3543, .T. ) ;
#2786 = EDGE_CURVE ( 'NONE', #968, #657, #3002, .T. ) ;
#2787 = AXIS2_PLACEMENT_3D ( 'NONE', #1976, #1694, #3245 ) ;
#2788 = DIRECTION ( 'NONE',  ( -1.000000000000000000, 0.0000000000000000000, -0.0000000000000000000 ) ) ;
#2789 = DIRECTION ( 'NONE',  ( 2.978066053179070216E-17, -1.000000000000000000, -0.0000000000000000000 ) ) ;
#2790 = PRESENTATION_LAYER_ASSIGNMENT (  '', '', ( #722 ) ) ;
#2791 = VECTOR ( 'NONE', #3151, 1000.000000000000000 ) ;
#2792 = COLOUR_RGB ( '',0.1529411764705882470, 0.1529411764705882470, 0.1529411764705882470 ) ;
#2793 = CARTESIAN_POINT ( 'NONE',  ( 1.219999999999999973, -0.2449999999999999956, 0.3099999999999999978 ) ) ;
#2794 = CARTESIAN_POINT ( 'NONE',  ( -1.649999999999999689, 0.4749999999999999778, 0.03000000000000001277 ) ) ;
#2795 = CARTESIAN_POINT ( 'NONE',  ( 1.325651190704125515, -1.425103401607039411, 0.9504528485405792093 ) ) ;
#2796 = VERTEX_POINT ( 'NONE', #1602 ) ;
#2797 = VECTOR ( 'NONE', #1336, 1000.000000000000114 ) ;
#2798 = VECTOR ( 'NONE', #2642, 1000.000000000000000 ) ;
#2799 = FACE_OUTER_BOUND ( 'NONE', #712, .T. ) ;
#2800 = VECTOR ( 'NONE', #3216, 1000.000000000000000 ) ;
#2801 = ORIENTED_EDGE ( 'NONE', *, *, #111, .F. ) ;
#2802 = DIRECTION ( 'NONE',  ( 0.0000000000000000000, 0.0000000000000000000, -1.000000000000000000 ) ) ;
#2803 = VECTOR ( 'NONE', #2361, 1000.000000000000000 ) ;
#2804 = CARTESIAN_POINT ( 'NONE',  ( 1.219999999999999973, -0.1749999999999999889, 0.05000000000000000278 ) ) ;
#2805 = CARTESIAN_POINT ( 'NONE',  ( -0.8455501795514041019, 1.003941175863179991, 1.040000000000000036 ) ) ;
#2806 = ORIENTED_EDGE ( 'NONE', *, *, #2232, .F. ) ;
#2807 = FACE_OUTER_BOUND ( 'NONE', #12, .T. ) ;
#2808 = DIRECTION ( 'NONE',  ( 0.0000000000000000000, 1.000000000000000000, 0.0000000000000000000 ) ) ;
#2809 = SURFACE_STYLE_USAGE ( .BOTH. , #3097 ) ;
#2810 = FILL_AREA_STYLE ('',( #1680 ) ) ;
#2811 = CARTESIAN_POINT ( 'NONE',  ( -1.219999999999999973, 0.1749999999999999889, 0.03000000000000002318 ) ) ;
#2812 = CARTESIAN_POINT ( 'NONE',  ( -1.003941175863179991, 1.003941175863179991, 1.031736481776670544 ) ) ;
#2813 = VERTEX_POINT ( 'NONE', #2984 ) ;
#2814 = EDGE_CURVE ( 'NONE', #2729, #1337, #1587, .T. ) ;
#2815 = EDGE_CURVE ( 'NONE', #693, #1121, #1895, .T. ) ;
#2816 = DIRECTION ( 'NONE',  ( 0.1045284632676540398, 0.0000000000000000000, 0.9945218953682732899 ) ) ;
#2817 = ORIENTED_EDGE ( 'NONE', *, *, #487, .F. ) ;
#2818 = ORIENTED_EDGE ( 'NONE', *, *, #707, .T. ) ;
#2819 = DIRECTION ( 'NONE',  ( -0.0000000000000000000, -0.0000000000000000000, -1.000000000000000000 ) ) ;
#2820 = CARTESIAN_POINT ( 'NONE',  ( -1.157255039115526740, 1.003941175863180213, 1.040000000000001812 ) ) ;
#2821 = ORIENTED_EDGE ( 'NONE', *, *, #3232, .T. ) ;
#2822 = LINE ( 'NONE', #588, #258 ) ;
#2823 = CARTESIAN_POINT ( 'NONE',  ( -0.3589999999999999858, 0.0000000000000000000, 0.05000000000000000278 ) ) ;
#2824 = CARTESIAN_POINT ( 'NONE',  ( -0.3250000000000000666, 0.0000000000000000000, 0.3099999999999999978 ) ) ;
#2825 = CARTESIAN_POINT ( 'NONE',  ( -1.425103541233810001, -1.325636372668600016, 0.9504513057696111211 ) ) ;
#2826 = COLOUR_RGB ( '',0.1529411764705882470, 0.1529411764705882470, 0.1529411764705882470 ) ;
#2827 = VECTOR ( 'NONE', #325, 1000.000000000000114 ) ;
#2828 = LINE ( 'NONE', #594, #1667 ) ;
#2829 = EDGE_CURVE ( 'NONE', #1736, #3469, #1096, .T. ) ;
#2830 = ADVANCED_FACE ( 'NONE', ( #225 ), #2708, .T. ) ;
#2831 = ORIENTED_EDGE ( 'NONE', *, *, #2427, .F. ) ;
#2832 = EDGE_CURVE ( 'NONE', #1758, #2467, #1363, .T. ) ;
#2833 = DIRECTION ( 'NONE',  ( 0.0000000000000000000, 0.0000000000000000000, -1.000000000000000000 ) ) ;
#2834 = ORIENTED_EDGE ( 'NONE', *, *, #1479, .T. ) ;
#2835 = CARTESIAN_POINT ( 'NONE',  ( -0.8545166221779865179, 0.7050920684927918236, 1.036736481776671104 ) ) ;
#2836 = ORIENTED_EDGE ( 'NONE', *, *, #2600, .T. ) ;
#2837 = FILL_AREA_STYLE ('',( #1406 ) ) ;
#2838 = DIRECTION ( 'NONE',  ( 1.000000000000000000, 0.0000000000000000000, 0.0000000000000000000 ) ) ;
#2839 = PRESENTATION_LAYER_ASSIGNMENT (  '', '', ( #783 ) ) ;
#2840 = LINE ( 'NONE', #1459, #2267 ) ;
#2841 = CARTESIAN_POINT ( 'NONE',  ( -1.219999999999999973, 0.1749999999999999889, 0.3099999999999999978 ) ) ;
#2842 = STYLED_ITEM ( 'NONE', ( #3042 ), #1925 ) ;
#2843 = CARTESIAN_POINT ( 'NONE',  ( -1.219999999999999973, -1.125000000000000222, 0.3099999999999999978 ) ) ;
#2844 = VECTOR ( 'NONE', #2816, 1000.000000000000114 ) ;
#2845 = ORIENTED_EDGE ( 'NONE', *, *, #2383, .F. ) ;
#2846 = CARTESIAN_POINT ( 'NONE',  ( -1.145700273111778245, 0.7204229813659831505, 0.9932635181990742135 ) ) ;
#2847 = PRESENTATION_LAYER_ASSIGNMENT (  '', '', ( #205 ) ) ;
#2848 = CARTESIAN_POINT ( 'NONE',  ( -0.3589999999999999858, 1.149999999999999911, 0.3099999999999999978 ) ) ;
#2849 = EDGE_CURVE ( 'NONE', #2300, #3336, #637, .T. ) ;
#2850 = MECHANICAL_DESIGN_GEOMETRIC_PRESENTATION_REPRESENTATION (  '', ( #1905 ), #559 ) ;
#2851 = STYLED_ITEM ( 'NONE', ( #486 ), #3209 ) ;
#2852 = SURFACE_STYLE_USAGE ( .BOTH. , #1721 ) ;
#2853 = EDGE_LOOP ( 'NONE', ( #3122, #1448, #669, #2836, #1222, #3182 ) ) ;
#2854 =( LENGTH_UNIT ( ) NAMED_UNIT ( * ) SI_UNIT ( .MILLI., .METRE. ) );
#2855 = EDGE_CURVE ( 'NONE', #3148, #954, #1015, .T. ) ;
#2856 = ADVANCED_FACE ( 'NONE', ( #1005 ), #728, .T. ) ;
#2857 = LINE ( 'NONE', #3341, #2827 ) ;
#2858 = DIRECTION ( 'NONE',  ( 1.000000000000000000, 0.0000000000000000000, 0.0000000000000000000 ) ) ;
#2859 = ORIENTED_EDGE ( 'NONE', *, *, #1742, .F. ) ;
#2860 = DIRECTION ( 'NONE',  ( -1.000000000000000000, 0.0000000000000000000, -0.0000000000000000000 ) ) ;
#2861 = DIRECTION ( 'NONE',  ( 0.1045284632676540398, 0.0000000000000000000, -0.9945218953682732899 ) ) ;
#2862 = DIRECTION ( 'NONE',  ( -0.9945218953682732899, 0.0000000000000000000, 0.1045284632676540398 ) ) ;
#2863 = CARTESIAN_POINT ( 'NONE',  ( -1.325636372652100103, -1.425103541233990079, 0.9504513057678951604 ) ) ;
#2864 = ORIENTED_EDGE ( 'NONE', *, *, #2948, .F. ) ;
#2865 =( NAMED_UNIT ( * ) SI_UNIT ( $, .STERADIAN. ) SOLID_ANGLE_UNIT ( ) );
#2866 =( LENGTH_UNIT ( ) NAMED_UNIT ( * ) SI_UNIT ( .MILLI., .METRE. ) );
#2867 = CARTESIAN_POINT ( 'NONE',  ( -0.8711485212103730058, 1.003941175863179991, 0.9899999999999999911 ) ) ;
#2868 = ORIENTED_EDGE ( 'NONE', *, *, #812, .F. ) ;
#2869 = LINE ( 'NONE', #1507, #1385 ) ;
#2870 = ORIENTED_EDGE ( 'NONE', *, *, #2167, .T. ) ;
#2871 = CARTESIAN_POINT ( 'NONE',  ( 1.219999999999999973, 1.059358363155489924, 0.03000000000000001277 ) ) ;
#2872 = EDGE_CURVE ( 'NONE', #1110, #1108, #1240, .T. ) ;
#2873 = EDGE_CURVE ( 'NONE', #1072, #2120, #1404, .T. ) ;
#2874 = PRESENTATION_STYLE_ASSIGNMENT (( #1825 ) ) ;
#2875 = ORIENTED_EDGE ( 'NONE', *, *, #1204, .F. ) ;
#2876 = CARTESIAN_POINT ( 'NONE',  ( -0.3250000000000000666, 1.183999999999999719, 0.05000000000000000278 ) ) ;
#2877 = CARTESIAN_POINT ( 'NONE',  ( -1.219999999999999973, 0.1749999999999999889, 0.03000000000000002318 ) ) ;
#2878 = CARTESIAN_POINT ( 'NONE',  ( -1.519744788236716104, 1.524999999999999911, 0.04999999999999957950 ) ) ;
#2879 = LINE ( 'NONE', #1135, #2317 ) ;
#2880 = PRODUCT ( '64E032F8-DE39-4953-8F05-4E0C99F4D358', '64E032F8-DE39-4953-8F05-4E0C99F4D358', '', ( #2939 ) ) ;
#2881 = ORIENTED_EDGE ( 'NONE', *, *, #268, .T. ) ;
#2882 = CARTESIAN_POINT ( 'NONE',  ( 1.325651190893909925, -1.325651190893909925, 1.040000000000000036 ) ) ;
#2883 = DIRECTION ( 'NONE',  ( -0.0000000000000000000, -0.0000000000000000000, 1.000000000000000000 ) ) ;
#2884 = AXIS2_PLACEMENT_3D ( 'NONE', #3217, #2909, #2097 ) ;
#2885 = CARTESIAN_POINT ( 'NONE',  ( 1.219999999999999973, 0.0000000000000000000, 0.03000000000000000236 ) ) ;
#2886 = ORIENTED_EDGE ( 'NONE', *, *, #105, .T. ) ;
#2887 = CARTESIAN_POINT ( 'NONE',  ( -0.8610140624650131080, 1.085222333712145604, 1.040000000000000036 ) ) ;
#2888 = ORIENTED_EDGE ( 'NONE', *, *, #2354, .F. ) ;
#2889 = VECTOR ( 'NONE', #848, 1000.000000000000000 ) ;
#2890 = DIRECTION ( 'NONE',  ( 0.0000000000000000000, 0.0000000000000000000, -1.000000000000000000 ) ) ;
#2891 = LINE ( 'NONE', #2358, #2439 ) ;
#2892 = EDGE_LOOP ( 'NONE', ( #940, #2218, #224, #1284, #1386, #1067 ) ) ;
#2893 = LINE ( 'NONE', #682, #2803 ) ;
#2894 = EDGE_CURVE ( 'NONE', #1903, #2055, #1565, .T. ) ;
#2895 = EDGE_CURVE ( 'NONE', #927, #932, #3534, .T. ) ;
#2896 = DIRECTION ( 'NONE',  ( 1.000000000000000000, -0.0000000000000000000, -0.0000000000000000000 ) ) ;
#2897 = CARTESIAN_POINT ( 'NONE',  ( -1.649999999999999689, -0.1749999999999999889, 0.3099999999999999978 ) ) ;
#2898 = AXIS2_PLACEMENT_3D ( 'NONE', #1868, #2479, #2990 ) ;
#2899 = EDGE_CURVE ( 'NONE', #1946, #954, #950, .T. ) ;
#2900 = DIRECTION ( 'NONE',  ( 0.0000000000000000000, -0.0000000000000000000, 1.000000000000000000 ) ) ;
#2901 = VECTOR ( 'NONE', #62, 1000.000000000000000 ) ;
#2902 = ORIENTED_EDGE ( 'NONE', *, *, #2537, .F. ) ;
#2903 = CARTESIAN_POINT ( 'NONE',  ( -0.8711485212103732279, 1.003941175863179769, 0.9899999999999999911 ) ) ;
#2904 = ORIENTED_EDGE ( 'NONE', *, *, #1292, .F. ) ;
#2905 = DIRECTION ( 'NONE',  ( 0.0000000000000000000, 0.0000000000000000000, 1.000000000000000000 ) ) ;
#2906 = AXIS2_PLACEMENT_3D ( 'NONE', #3484, #112, #128 ) ;
#2907 = VECTOR ( 'NONE', #2900, 1000.000000000000000 ) ;
#2908 = STYLED_ITEM ( 'NONE', ( #2166 ), #2830 ) ;
#2909 = DIRECTION ( 'NONE',  ( 1.000000000000000000, 0.0000000000000000000, 0.0000000000000000000 ) ) ;
#2910 = ORIENTED_EDGE ( 'NONE', *, *, #2110, .T. ) ;
#2911 = CARTESIAN_POINT ( 'NONE',  ( 1.219999999999999973, -1.125000000000000222, 0.05000000000000000971 ) ) ;
#2912 = AXIS2_PLACEMENT_3D ( 'NONE', #627, #1424, #876 ) ;
#2913 = CARTESIAN_POINT ( 'NONE',  ( 1.649999999999999911, -0.4749999999999999778, 0.3099999999999999978 ) ) ;
#2914 =( NAMED_UNIT ( * ) SI_UNIT ( $, .STERADIAN. ) SOLID_ANGLE_UNIT ( ) );
#2915 = ORIENTED_EDGE ( 'NONE', *, *, #941, .T. ) ;
#2916 = SURFACE_SIDE_STYLE ('',( #1232 ) ) ;
#2917 = LINE ( 'NONE', #404, #196 ) ;
#2918 = UNCERTAINTY_MEASURE_WITH_UNIT (LENGTH_MEASURE( 1.000000000000000082E-05 ), #2408, 'distance_accuracy_value', 'NONE');
#2919 = DIRECTION ( 'NONE',  ( 0.0000000000000000000, 0.0000000000000000000, 1.000000000000000000 ) ) ;
#2920 = EDGE_CURVE ( 'NONE', #1244, #3313, #121, .T. ) ;
#2921 = EDGE_LOOP ( 'NONE', ( #1525, #597, #774, #75 ) ) ;
#2922 = DIRECTION ( 'NONE',  ( 1.000000000000000000, -0.0000000000000000000, 0.0000000000000000000 ) ) ;
#2923 = DIRECTION ( 'NONE',  ( -0.0000000000000000000, 1.000000000000000000, 0.0000000000000000000 ) ) ;
#2924 = LINE ( 'NONE', #2640, #2125 ) ;
#2925 = EDGE_LOOP ( 'NONE', ( #2983, #2657, #3597, #1032, #3516, #3338 ) ) ;
#2926 = LINE ( 'NONE', #3449, #2216 ) ;
#2927 = ORIENTED_EDGE ( 'NONE', *, *, #3419, .T. ) ;
#2928 = LINE ( 'NONE', #97, #2147 ) ;
#2929 = ORIENTED_EDGE ( 'NONE', *, *, #487, .T. ) ;
#2930 = CARTESIAN_POINT ( 'NONE',  ( 1.325651190893909925, 1.325651190893909925, 1.040000000000000036 ) ) ;
#2931 = FILL_AREA_STYLE ('',( #2064 ) ) ;
#2932 = AXIS2_PLACEMENT_3D ( 'NONE', #2848, #319, #2607 ) ;
#2933 =( LENGTH_UNIT ( ) NAMED_UNIT ( * ) SI_UNIT ( .MILLI., .METRE. ) );
#2934 = DIRECTION ( 'NONE',  ( 1.000000000000000000, 0.0000000000000000000, 0.0000000000000000000 ) ) ;
#2935 =( NAMED_UNIT ( * ) PLANE_ANGLE_UNIT ( ) SI_UNIT ( $, .RADIAN. ) );
#2936 = ORIENTED_EDGE ( 'NONE', *, *, #3034, .T. ) ;
#2937 = CARTESIAN_POINT ( 'NONE',  ( -0.8455501795514041019, 1.003941175863179991, 1.040000000000000036 ) ) ;
#2938 = ORIENTED_EDGE ( 'NONE', *, *, #3183, .T. ) ;
#2939 = PRODUCT_CONTEXT ( 'NONE', #2192, 'mechanical' ) ;
#2940 = EDGE_CURVE ( 'NONE', #1383, #570, #2135, .T. ) ;
#2941 = EDGE_CURVE ( 'NONE', #2155, #291, #392, .T. ) ;
#2942 = LINE ( 'NONE', #3251, #88 ) ;
#2943 = DIRECTION ( 'NONE',  ( -0.0000000000000000000, -0.0000000000000000000, 1.000000000000000000 ) ) ;
#2944 = VERTEX_POINT ( 'NONE', #106 ) ;
#2945 = CARTESIAN_POINT ( 'NONE',  ( -1.524999999999999911, -1.519744788236716104, 0.04999999999999957950 ) ) ;
#2946 = ORIENTED_EDGE ( 'NONE', *, *, #2333, .T. ) ;
#2947 = AXIS2_PLACEMENT_3D ( 'NONE', #2410, #3045, #2960 ) ;
#2948 = EDGE_CURVE ( 'NONE', #1183, #2063, #2409, .T. ) ;
#2949 = VECTOR ( 'NONE', #1706, 1000.000000000000000 ) ;
#2950 = LINE ( 'NONE', #1176, #1534 ) ;
#2951 = EDGE_LOOP ( 'NONE', ( #1723, #809, #2139, #772 ) ) ;
#2952 = CARTESIAN_POINT ( 'NONE',  ( 1.351277487831020085, 1.410725218524210067, 1.039999999999990044 ) ) ;
#2953 = CARTESIAN_POINT ( 'NONE',  ( -1.219999999999999973, 1.125000000000000222, 0.3099999999999999978 ) ) ;
#2954 = CARTESIAN_POINT ( 'NONE',  ( -1.519744788236717437, -0.1750000000000009048, 0.04999999999999973216 ) ) ;
#2955 = EDGE_LOOP ( 'NONE', ( #428, #2541, #943 ) ) ;
#2956 = DIRECTION ( 'NONE',  ( 1.000000000000000000, 0.0000000000000000000, 0.0000000000000000000 ) ) ;
#2957 = VECTOR ( 'NONE', #2004, 1000.000000000000000 ) ;
#2958 = LINE ( 'NONE', #2681, #801 ) ;
#2959 = STYLED_ITEM ( 'NONE', ( #476 ), #786 ) ;
#2960 = DIRECTION ( 'NONE',  ( -1.000000000000000000, 0.0000000000000000000, 0.0000000000000000000 ) ) ;
#2961 = EDGE_LOOP ( 'NONE', ( #3628, #726, #1927, #1807 ) ) ;
#2962 = ORIENTED_EDGE ( 'NONE', *, *, #2452, .F. ) ;
#2963 = VECTOR ( 'NONE', #2108, 1000.000000000000000 ) ;
#2964 = DIRECTION ( 'NONE',  ( 0.1736481776418800083, 0.0000000000000000000, 0.9848077530166250426 ) ) ;
#2965 = EDGE_LOOP ( 'NONE', ( #1403, #3557, #2437, #3460 ) ) ;
#2966 = LINE ( 'NONE', #1572, #1438 ) ;
#2967 = LINE ( 'NONE', #2183, #1854 ) ;
#2968 = AXIS2_PLACEMENT_3D ( 'NONE', #703, #750, #3532 ) ;
#2969 = VECTOR ( 'NONE', #3278, 1000.000000000000000 ) ;
#2970 = MECHANICAL_DESIGN_GEOMETRIC_PRESENTATION_REPRESENTATION (  '', ( #2024 ), #1263 ) ;
#2971 =( NAMED_UNIT ( * ) PLANE_ANGLE_UNIT ( ) SI_UNIT ( $, .RADIAN. ) );
#2972 = DIRECTION ( 'NONE',  ( 1.000000000000000000, -0.0000000000000000000, 0.0000000000000000000 ) ) ;
#2973 = CARTESIAN_POINT ( 'NONE',  ( -0.3250000000000000666, -1.649999999999999689, 0.3099999999999999978 ) ) ;
#2974 = VERTEX_POINT ( 'NONE', #1223 ) ;
#2975 = LINE ( 'NONE', #213, #2020 ) ;
#2976 = VERTEX_POINT ( 'NONE', #3194 ) ;
#2977 = DIRECTION ( 'NONE',  ( -1.000000000000000000, -0.0000000000000000000, -0.0000000000000000000 ) ) ;
#2978 = DIRECTION ( 'NONE',  ( 1.000000000000000000, -0.0000000000000000000, 0.0000000000000000000 ) ) ;
#2979 = ORIENTED_EDGE ( 'NONE', *, *, #1006, .F. ) ;
#2980 = SURFACE_SIDE_STYLE ('',( #2412 ) ) ;
#2981 = VERTEX_POINT ( 'NONE', #674 ) ;
#2982 = CARTESIAN_POINT ( 'NONE',  ( -0.8553982570815290565, 1.003941175863179769, 1.031736481776670544 ) ) ;
#2983 = ORIENTED_EDGE ( 'NONE', *, *, #3256, .T. ) ;
#2984 = CARTESIAN_POINT ( 'NONE',  ( -1.219999999999999973, -0.4749999999999999778, 0.04999999999999996808 ) ) ;
#2985 = PRESENTATION_STYLE_ASSIGNMENT (( #1016 ) ) ;
#2986 = ADVANCED_FACE ( 'NONE', ( #1800 ), #2096, .T. ) ;
#2987 = EDGE_CURVE ( 'NONE', #449, #55, #1029, .T. ) ;
#2988 = FACE_OUTER_BOUND ( 'NONE', #870, .T. ) ;
#2989 = FACE_OUTER_BOUND ( 'NONE', #2239, .T. ) ;
#2990 = DIRECTION ( 'NONE',  ( 0.0000000000000000000, -0.0000000000000000000, 1.000000000000000000 ) ) ;
#2991 = FACE_OUTER_BOUND ( 'NONE', #2017, .T. ) ;
#2992 = VERTEX_POINT ( 'NONE', #689 ) ;
#2993 =( NAMED_UNIT ( * ) PLANE_ANGLE_UNIT ( ) SI_UNIT ( $, .RADIAN. ) );
#2994 = DIRECTION ( 'NONE',  ( 2.921639538487249824E-16, 1.000000000000000000, 0.0000000000000000000 ) ) ;
#2995 = ORIENTED_EDGE ( 'NONE', *, *, #1006, .T. ) ;
#2996 =( LENGTH_UNIT ( ) NAMED_UNIT ( * ) SI_UNIT ( .MILLI., .METRE. ) );
#2997 = ORIENTED_EDGE ( 'NONE', *, *, #2214, .T. ) ;
#2998 = LINE ( 'NONE', #3540, #2299 ) ;
#2999 = CARTESIAN_POINT ( 'NONE',  ( -1.219999999999999973, -1.125000000000000222, 0.04999999999999996808 ) ) ;
#3000 = VECTOR ( 'NONE', #3535, 1000.000000000000114 ) ;
#3001 = ORIENTED_EDGE ( 'NONE', *, *, #59, .T. ) ;
#3002 = LINE ( 'NONE', #759, #911 ) ;
#3003 = CARTESIAN_POINT ( 'NONE',  ( -0.07500000000000019151, -1.649999999999999911, 0.3099999999999999978 ) ) ;
#3004 = AXIS2_PLACEMENT_3D ( 'NONE', #832, #1703, #2833 ) ;
#3005 = SURFACE_SIDE_STYLE ('',( #2756 ) ) ;
#3006 = CARTESIAN_POINT ( 'NONE',  ( 1.519744788236717215, 1.420292598699889997, 0.04999999999999991257 ) ) ;
#3007 = CARTESIAN_POINT ( 'NONE',  ( 1.649999999999999911, -0.4749999999999999778, 0.05000000000000002359 ) ) ;
#3008 = EDGE_CURVE ( 'NONE', #451, #1383, #2942, .T. ) ;
#3009 = LINE ( 'NONE', #1899, #1252 ) ;
#3010 = ORIENTED_EDGE ( 'NONE', *, *, #1275, .F. ) ;
#3011 = EDGE_CURVE ( 'NONE', #441, #222, #412, .T. ) ;
#3012 = SURFACE_SIDE_STYLE ('',( #275 ) ) ;
#3013 = ORIENTED_EDGE ( 'NONE', *, *, #1414, .F. ) ;
#3014 = CARTESIAN_POINT ( 'NONE',  ( -1.141810963553232083, 1.003941175863180213, 0.9900000000000014344 ) ) ;
#3015 = ORIENTED_EDGE ( 'NONE', *, *, #2184, .T. ) ;
#3016 = VECTOR ( 'NONE', #2617, 1000.000000000000000 ) ;
#3017 = ORIENTED_EDGE ( 'NONE', *, *, #2666, .F. ) ;
#3018 = CARTESIAN_POINT ( 'NONE',  ( -1.492417687067639998, 1.524999999999999911, 0.3100000000000001088 ) ) ;
#3019 = AXIS2_PLACEMENT_3D ( 'NONE', #2005, #2862, #2546 ) ;
#3020 = EDGE_LOOP ( 'NONE', ( #1815, #890, #1686, #3310 ) ) ;
#3021 = LINE ( 'NONE', #3566, #273 ) ;
#3022 = VECTOR ( 'NONE', #2808, 1000.000000000000000 ) ;
#3023 = VECTOR ( 'NONE', #1102, 1000.000000000000000 ) ;
#3024 = CARTESIAN_POINT ( 'NONE',  ( 0.0000000000000000000, 0.0000000000000000000, 0.05000000000000000278 ) ) ;
#3025 = DIRECTION ( 'NONE',  ( 0.0000000000000000000, 0.0000000000000000000, -1.000000000000000000 ) ) ;
#3026 = UNCERTAINTY_MEASURE_WITH_UNIT (LENGTH_MEASURE( 1.000000000000000082E-05 ), #903, 'distance_accuracy_value', 'NONE');
#3027 = PRESENTATION_LAYER_ASSIGNMENT (  '', '', ( #1557 ) ) ;
#3028 = DIRECTION ( 'NONE',  ( -0.0000000000000000000, -1.000000000000000000, -0.0000000000000000000 ) ) ;
#3029 =( GEOMETRIC_REPRESENTATION_CONTEXT ( 3 ) GLOBAL_UNCERTAINTY_ASSIGNED_CONTEXT ( ( #1625 ) ) GLOBAL_UNIT_ASSIGNED_CONTEXT ( ( #2707, #1303, #3261 ) ) REPRESENTATION_CONTEXT ( 'NONE', 'WORKASPACE' ) );
#3030 = VECTOR ( 'NONE', #2426, 1000.000000000000000 ) ;
#3031 = CARTESIAN_POINT ( 'NONE',  ( -1.219999999999999973, 0.8249999999999999556, 0.3099999999999999978 ) ) ;
#3032 = ORIENTED_EDGE ( 'NONE', *, *, #2494, .T. ) ;
#3033 = DIRECTION ( 'NONE',  ( -1.000000000000000000, 0.0000000000000000000, -0.0000000000000000000 ) ) ;
#3034 = EDGE_CURVE ( 'NONE', #1616, #818, #430, .T. ) ;
#3035 = ORIENTED_EDGE ( 'NONE', *, *, #1247, .T. ) ;
#3036 = LINE ( 'NONE', #1010, #3444 ) ;
#3037 = ORIENTED_EDGE ( 'NONE', *, *, #2312, .F. ) ;
#3038 = CARTESIAN_POINT ( 'NONE',  ( -1.649999999999999689, -0.8249999999999998446, 0.3099999999999999978 ) ) ;
#3039 = ORIENTED_EDGE ( 'NONE', *, *, #2184, .F. ) ;
#3040 = DIRECTION ( 'NONE',  ( -0.0000000000000000000, -0.0000000000000000000, 1.000000000000000000 ) ) ;
#3041 = CARTESIAN_POINT ( 'NONE',  ( -0.07500000000000121847, 1.492417687067639998, 0.3100000000000001088 ) ) ;
#3042 = PRESENTATION_STYLE_ASSIGNMENT (( #2461 ) ) ;
#3043 = CARTESIAN_POINT ( 'NONE',  ( -0.3250000000000000666, -1.183999999999999941, 0.03000000000000002318 ) ) ;
#3044 = CARTESIAN_POINT ( 'NONE',  ( -1.649999999999999911, 1.125000000000000222, 0.3099999999999999978 ) ) ;
#3045 = DIRECTION ( 'NONE',  ( -6.468928640617810500E-17, 1.000000000000000000, 0.0000000000000000000 ) ) ;
#3046 = CARTESIAN_POINT ( 'NONE',  ( -0.04100000000000030009, 1.149999999999999911, 0.03000000000000002318 ) ) ;
#3047 = EDGE_LOOP ( 'NONE', ( #2629, #194, #2938, #2776 ) ) ;
#3048 = FILL_AREA_STYLE ('',( #1355 ) ) ;
#3049 = ORIENTED_EDGE ( 'NONE', *, *, #3579, .T. ) ;
#3050 = DIRECTION ( 'NONE',  ( -1.000000000000000000, 0.0000000000000000000, -0.0000000000000000000 ) ) ;
#3051 = ORIENTED_EDGE ( 'NONE', *, *, #858, .F. ) ;
#3052 = EDGE_CURVE ( 'NONE', #2249, #1747, #2958, .T. ) ;
#3053 = EDGE_CURVE ( 'NONE', #3315, #2718, #176, .T. ) ;
#3054 = FILL_AREA_STYLE_COLOUR ( '', #1995 ) ;
#3055 = CARTESIAN_POINT ( 'NONE',  ( -1.157255039115526740, 1.310568902367873489, 1.040000000000001590 ) ) ;
#3056 = VERTEX_POINT ( 'NONE', #1775 ) ;
#3057 = DIRECTION ( 'NONE',  ( -6.133828865332359403E-17, -1.000000000000000000, 0.0000000000000000000 ) ) ;
#3058 = ADVANCED_FACE ( 'NONE', ( #1376 ), #1647, .T. ) ;
#3059 = DIRECTION ( 'NONE',  ( 0.0000000000000000000, 1.000000000000000000, 0.0000000000000000000 ) ) ;
#3060 = LINE ( 'NONE', #2206, #959 ) ;
#3061 = CARTESIAN_POINT ( 'NONE',  ( -1.649999999999999689, 0.4749999999999999778, 0.3099999999999999978 ) ) ;
#3062 = VECTOR ( 'NONE', #1341, 1000.000000000000000 ) ;
#3063 = DIRECTION ( 'NONE',  ( -1.224646799147353207E-16, -1.000000000000000000, 0.0000000000000000000 ) ) ;
#3064 = PLANE ( 'NONE',  #1126 ) ;
#3065 = VECTOR ( 'NONE', #1649, 1000.000000000000114 ) ;
#3066 = CARTESIAN_POINT ( 'NONE',  ( 1.524999999999999911, 0.1750000000000009048, 0.0000000000000000000 ) ) ;
#3067 = CARTESIAN_POINT ( 'NONE',  ( 1.492417687067639998, -0.4749999999999998113, 0.3100000000000000533 ) ) ;
#3068 = LINE ( 'NONE', #2177, #3502 ) ;
#3069 = ORIENTED_EDGE ( 'NONE', *, *, #1431, .F. ) ;
#3070 = DIRECTION ( 'NONE',  ( 1.000000000000000000, -0.0000000000000000000, 0.0000000000000000000 ) ) ;
#3071 = ORIENTED_EDGE ( 'NONE', *, *, #1144, .T. ) ;
#3072 = EDGE_CURVE ( 'NONE', #1601, #327, #970, .T. ) ;
#3073 = FACE_OUTER_BOUND ( 'NONE', #609, .T. ) ;
#3074 = ORIENTED_EDGE ( 'NONE', *, *, #1720, .T. ) ;
#3075 = LINE ( 'NONE', #1952, #3554 ) ;
#3076 = VECTOR ( 'NONE', #536, 1000.000000000000000 ) ;
#3077 = ADVANCED_FACE ( 'NONE', ( #1398 ), #197, .T. ) ;
#3078 =( GEOMETRIC_REPRESENTATION_CONTEXT ( 3 ) GLOBAL_UNCERTAINTY_ASSIGNED_CONTEXT ( ( #2401 ) ) GLOBAL_UNIT_ASSIGNED_CONTEXT ( ( #803, #2971, #3545 ) ) REPRESENTATION_CONTEXT ( 'NONE', 'WORKASPACE' ) );
#3079 = EDGE_CURVE ( 'NONE', #2155, #55, #2448, .T. ) ;
#3080 = CARTESIAN_POINT ( 'NONE',  ( -1.325651190893909925, 1.325651190893909925, 1.040000000000020020 ) ) ;
#3081 = PRESENTATION_LAYER_ASSIGNMENT (  '', '', ( #2495 ) ) ;
#3082 = DIRECTION ( 'NONE',  ( -1.000000000000000000, 0.0000000000000000000, -0.0000000000000000000 ) ) ;
#3083 = CARTESIAN_POINT ( 'NONE',  ( 1.325651190893911702, 1.325651190893915476, 1.040000001456733658 ) ) ;
#3084 = ORIENTED_EDGE ( 'NONE', *, *, #2134, .T. ) ;
#3085 = VECTOR ( 'NONE', #3291, 1000.000000000000000 ) ;
#3086 = VECTOR ( 'NONE', #1542, 1000.000000000000000 ) ;
#3087 = DIRECTION ( 'NONE',  ( 0.0000000000000000000, -0.0000000000000000000, 1.000000000000000000 ) ) ;
#3088 = VECTOR ( 'NONE', #743, 1000.000000000000000 ) ;
#3089 = ORIENTED_EDGE ( 'NONE', *, *, #2312, .T. ) ;
#3090 =( NAMED_UNIT ( * ) SI_UNIT ( $, .STERADIAN. ) SOLID_ANGLE_UNIT ( ) );
#3091 = EDGE_LOOP ( 'NONE', ( #2875, #2700, #2069 ) ) ;
#3092 = CIRCLE ( 'NONE', #565, 0.1485429187816511287 ) ;
#3093 = CARTESIAN_POINT ( 'NONE',  ( -0.3250000000000000666, -1.183999999999999941, 0.3099999999999999978 ) ) ;
#3094 = LINE ( 'NONE', #1159, #1147 ) ;
#3095 = EDGE_LOOP ( 'NONE', ( #3153, #67, #301, #987 ) ) ;
#3096 = CARTESIAN_POINT ( 'NONE',  ( -1.424999538579269975, 1.335288710190760009, 0.9514548762039279906 ) ) ;
#3097 = SURFACE_SIDE_STYLE ('',( #1974 ) ) ;
#3098 = EDGE_CURVE ( 'NONE', #1405, #740, #3643, .T. ) ;
#3099 = EDGE_CURVE ( 'NONE', #2586, #1362, #1064, .T. ) ;
#3100 = FACE_OUTER_BOUND ( 'NONE', #2157, .T. ) ;
#3101 = DIRECTION ( 'NONE',  ( -1.000000000000000000, -0.0000000000000000000, 0.0000000000000000000 ) ) ;
#3102 = EDGE_CURVE ( 'NONE', #2590, #1239, #236, .T. ) ;
#3103 = DIRECTION ( 'NONE',  ( 0.0000000000000000000, 1.000000000000000000, 0.0000000000000000000 ) ) ;
#3104 = ORIENTED_EDGE ( 'NONE', *, *, #3483, .T. ) ;
#3105 = ORIENTED_EDGE ( 'NONE', *, *, #2354, .T. ) ;
#3106 = PLANE ( 'NONE',  #3300 ) ;
#3107 = ORIENTED_EDGE ( 'NONE', *, *, #2288, .T. ) ;
#3108 = CARTESIAN_POINT ( 'NONE',  ( -0.04100000000000028622, 1.149999999999999911, 0.05000000000000000278 ) ) ;
#3109 = DIRECTION ( 'NONE',  ( 1.000000000000000000, 0.0000000000000000000, 0.0000000000000000000 ) ) ;
#3110 = CARTESIAN_POINT ( 'NONE',  ( -1.325651190893909925, 1.325651190893909925, 1.040000000000000036 ) ) ;
#3111 = CARTESIAN_POINT ( 'NONE',  ( -1.649999999999999911, 0.0000000000000000000, 0.3099999999999999978 ) ) ;
#3112 = DIRECTION ( 'NONE',  ( 0.7071067811865474617, -0.7071067811865474617, 0.0000000000000000000 ) ) ;
#3113 = DIRECTION ( 'NONE',  ( -1.000000000000000000, 0.0000000000000000000, -0.0000000000000000000 ) ) ;
#3114 = EDGE_CURVE ( 'NONE', #2944, #1567, #2217, .T. ) ;
#3115 = DIRECTION ( 'NONE',  ( 1.000000000000000000, -0.0000000000000000000, 0.0000000000000000000 ) ) ;
#3116 = VECTOR ( 'NONE', #1393, 1000.000000000000000 ) ;
#3117 = VECTOR ( 'NONE', #3396, 1000.000000000000000 ) ;
#3118 = CARTESIAN_POINT ( 'NONE',  ( -1.325651190893909925, -1.325651190893909925, 0.9399999999999999467 ) ) ;
#3119 = ORIENTED_EDGE ( 'NONE', *, *, #2141, .T. ) ;
#3120 = CARTESIAN_POINT ( 'NONE',  ( -1.649999999999999689, 0.1749999999999999889, 0.3099999999999999978 ) ) ;
#3121 = CARTESIAN_POINT ( 'NONE',  ( -1.162332172174954659, 1.003941175863179991, 1.040000000000000036 ) ) ;
#3122 = ORIENTED_EDGE ( 'NONE', *, *, #241, .T. ) ;
#3123 = LINE ( 'NONE', #549, #3501 ) ;
#3124 = LINE ( 'NONE', #606, #297 ) ;
#3125 = ORIENTED_EDGE ( 'NONE', *, *, #1765, .T. ) ;
#3126 = CARTESIAN_POINT ( 'NONE',  ( -1.649999999999999911, 0.0000000000000000000, 0.3099999999999999978 ) ) ;
#3127 = VECTOR ( 'NONE', #3323, 1000.000000000000000 ) ;
#3128 = DIRECTION ( 'NONE',  ( 0.0000000000000000000, 1.000000000000000000, 0.0000000000000000000 ) ) ;
#3129 = LINE ( 'NONE', #1153, #3436 ) ;
#3130 = MECHANICAL_DESIGN_GEOMETRIC_PRESENTATION_REPRESENTATION (  '', ( #2842 ), #1845 ) ;
#3131 = CARTESIAN_POINT ( 'NONE',  ( 1.325651190893909925, -1.325651190893909925, 0.9399999999999999467 ) ) ;
#3132 = AXIS2_PLACEMENT_3D ( 'NONE', #3118, #1683, #2032 ) ;
#3133 = CARTESIAN_POINT ( 'NONE',  ( -1.219999999999999973, 0.4749999999999999778, 0.03000000000000002318 ) ) ;
#3134 = ORIENTED_EDGE ( 'NONE', *, *, #3419, .F. ) ;
#3135 = CARTESIAN_POINT ( 'NONE',  ( -0.07500000000000019151, -1.649999999999999689, 0.3099999999999999978 ) ) ;
#3136 = VERTEX_POINT ( 'NONE', #2194 ) ;
#3137 = FACE_OUTER_BOUND ( 'NONE', #3390, .T. ) ;
#3138 = VECTOR ( 'NONE', #923, 1000.000000000000000 ) ;
#3139 = EDGE_CURVE ( 'NONE', #932, #317, #1887, .T. ) ;
#3140 = VECTOR ( 'NONE', #2349, 1000.000000000000000 ) ;
#3141 = FACE_OUTER_BOUND ( 'NONE', #2951, .T. ) ;
#3142 = ORIENTED_EDGE ( 'NONE', *, *, #1812, .T. ) ;
#3143 = CARTESIAN_POINT ( 'NONE',  ( 1.219999999999999973, -1.054999999999999938, 0.03000000000000000930 ) ) ;
#3144 = VERTEX_POINT ( 'NONE', #810 ) ;
#3145 = VECTOR ( 'NONE', #3223, 1000.000000000000114 ) ;
#3146 = CARTESIAN_POINT ( 'NONE',  ( -0.3250000000000000666, 1.649999999999999689, 0.3099999999999999978 ) ) ;
#3147 = FACE_OUTER_BOUND ( 'NONE', #1754, .T. ) ;
#3148 = VERTEX_POINT ( 'NONE', #3276 ) ;
#3149 = CARTESIAN_POINT ( 'NONE',  ( -1.219999999999999973, -0.4749999999999999778, 0.3099999999999999978 ) ) ;
#3150 = CARTESIAN_POINT ( 'NONE',  ( 1.219999999999999973, 0.1749999999999999889, 0.03000000000000000930 ) ) ;
#3151 = DIRECTION ( 'NONE',  ( -0.0000000000000000000, -1.000000000000000000, 0.0000000000000000000 ) ) ;
#3152 = DIRECTION ( 'NONE',  ( 3.872871016134269937E-16, 1.000000000000000000, 0.0000000000000000000 ) ) ;
#3153 = ORIENTED_EDGE ( 'NONE', *, *, #3098, .F. ) ;
#3154 = CARTESIAN_POINT ( 'NONE',  ( 1.325651190893909925, -1.325651190893909925, 1.040000000000000036 ) ) ;
#3155 = ORIENTED_EDGE ( 'NONE', *, *, #782, .T. ) ;
#3156 = DIRECTION ( 'NONE',  ( -1.000000000000000000, 6.133828865332359403E-17, 0.0000000000000000000 ) ) ;
#3157 = DIRECTION ( 'NONE',  ( 1.000000000000000000, -0.0000000000000000000, 0.0000000000000000000 ) ) ;
#3158 = ORIENTED_EDGE ( 'NONE', *, *, #1370, .F. ) ;
#3159 = CARTESIAN_POINT ( 'NONE',  ( -1.219999999999999973, 0.0000000000000000000, 0.05000000000000000278 ) ) ;
#3160 = ADVANCED_FACE ( 'NONE', ( #2799 ), #467, .F. ) ;
#3161 = ORIENTED_EDGE ( 'NONE', *, *, #267, .F. ) ;
#3162 = ADVANCED_FACE ( 'NONE', ( #3350 ), #3295, .T. ) ;
#3163 = LINE ( 'NONE', #2357, #534 ) ;
#3164 = CARTESIAN_POINT ( 'NONE',  ( -1.649999999999999689, 0.8249999999999998446, 0.3099999999999999978 ) ) ;
#3165 = EDGE_LOOP ( 'NONE', ( #3015, #2378, #2902, #2817 ) ) ;
#3166 = ADVANCED_FACE ( 'NONE', ( #2745 ), #507, .T. ) ;
#3167 = PRESENTATION_STYLE_ASSIGNMENT (( #131 ) ) ;
#3168 = CARTESIAN_POINT ( 'NONE',  ( 1.649999999999999911, -1.125000000000000222, 0.03000000000000000930 ) ) ;
#3169 = CARTESIAN_POINT ( 'NONE',  ( 1.519744788236719213, -0.4749999999999999223, 0.04999999999999989869 ) ) ;
#3170 = UNCERTAINTY_MEASURE_WITH_UNIT (LENGTH_MEASURE( 1.000000000000000082E-05 ), #2026, 'distance_accuracy_value', 'NONE');
#3171 = DIRECTION ( 'NONE',  ( 1.000000000000000000, 0.0000000000000000000, 0.0000000000000000000 ) ) ;
#3172 = CARTESIAN_POINT ( 'NONE',  ( 1.519744788236719879, 1.125000000000000222, 0.04999999999999995420 ) ) ;
#3173 = ORIENTED_EDGE ( 'NONE', *, *, #2250, .F. ) ;
#3174 = FILL_AREA_STYLE_COLOUR ( '', #3526 ) ;
#3175 = AXIS2_PLACEMENT_3D ( 'NONE', #730, #2514, #709 ) ;
#3176 = DIRECTION ( 'NONE',  ( 1.000000000000000000, -0.0000000000000000000, 0.0000000000000000000 ) ) ;
#3177 = FILL_AREA_STYLE ('',( #2370 ) ) ;
#3178 = ORIENTED_EDGE ( 'NONE', *, *, #1678, .T. ) ;
#3179 = CARTESIAN_POINT ( 'NONE',  ( -1.072266741503327792, 0.8842613253634649118, 0.9899999999999997691 ) ) ;
#3180 = ORIENTED_EDGE ( 'NONE', *, *, #2673, .T. ) ;
#3181 = PLANE ( 'NONE',  #1491 ) ;
#3182 = ORIENTED_EDGE ( 'NONE', *, *, #2360, .F. ) ;
#3183 = EDGE_CURVE ( 'NONE', #42, #119, #2153, .T. ) ;
#3184 = EDGE_CURVE ( 'NONE', #968, #2269, #3068, .T. ) ;
#3185 = DIRECTION ( 'NONE',  ( -0.1045284632676540398, -0.0000000000000000000, 0.9945218953682732899 ) ) ;
#3186 = VECTOR ( 'NONE', #3082, 1000.000000000000000 ) ;
#3187 = CARTESIAN_POINT ( 'NONE',  ( 1.219999999999999973, -0.2449999999999999956, 0.3099999999999999978 ) ) ;
#3188 = CIRCLE ( 'NONE', #2787, 0.09999999999999993616 ) ;
#3189 = VECTOR ( 'NONE', #1691, 1000.000000000000000 ) ;
#3190 = ORIENTED_EDGE ( 'NONE', *, *, #1227, .F. ) ;
#3191 = ORIENTED_EDGE ( 'NONE', *, *, #439, .F. ) ;
#3192 = MECHANICAL_DESIGN_GEOMETRIC_PRESENTATION_REPRESENTATION (  '', ( #2078 ), #2262 ) ;
#3193 = AXIS2_PLACEMENT_3D ( 'NONE', #1577, #3226, #1831 ) ;
#3194 = CARTESIAN_POINT ( 'NONE',  ( 1.519744788236720101, -1.125000000000000222, 0.05000000000000000278 ) ) ;
#3195 = VECTOR ( 'NONE', #825, 1000.000000000000000 ) ;
#3196 = PLANE ( 'NONE',  #2884 ) ;
#3197 = ORIENTED_EDGE ( 'NONE', *, *, #3099, .F. ) ;
#3198 = FACE_OUTER_BOUND ( 'NONE', #544, .T. ) ;
#3199 = EDGE_LOOP ( 'NONE', ( #3191, #3523, #653, #1271 ) ) ;
#3200 = COLOUR_RGB ( '',0.1529411764705882470, 0.1529411764705882470, 0.1529411764705882470 ) ;
#3201 = VECTOR ( 'NONE', #3231, 1000.000000000000000 ) ;
#3202 = LINE ( 'NONE', #2101, #3476 ) ;
#3203 = FILL_AREA_STYLE_COLOUR ( '', #1436 ) ;
#3204 = COLOUR_RGB ( '',0.1529411764705882470, 0.1529411764705882470, 0.1529411764705882470 ) ;
#3205 = EDGE_LOOP ( 'NONE', ( #255, #3190, #753, #3593, #531, #3589 ) ) ;
#3206 = CARTESIAN_POINT ( 'NONE',  ( -1.325637774972369787, -1.415692997656780028, 1.040000000000000036 ) ) ;
#3207 =( NAMED_UNIT ( * ) SI_UNIT ( $, .STERADIAN. ) SOLID_ANGLE_UNIT ( ) );
#3208 = DIRECTION ( 'NONE',  ( 0.1045284632676540398, 0.0000000000000000000, -0.9945218953682732899 ) ) ;
#3209 = ADVANCED_FACE ( 'NONE', ( #752 ), #208, .F. ) ;
#3210 = EDGE_CURVE ( 'NONE', #2724, #2451, #1641, .T. ) ;
#3211 = DIRECTION ( 'NONE',  ( 0.1039620511844980000, -0.1039620511844980000, -0.9891328443778539814 ) ) ;
#3212 = ORIENTED_EDGE ( 'NONE', *, *, #3307, .F. ) ;
#3213 = FILL_AREA_STYLE ('',( #3174 ) ) ;
#3214 = ORIENTED_EDGE ( 'NONE', *, *, #1634, .F. ) ;
#3215 = EDGE_CURVE ( 'NONE', #586, #351, #2712, .T. ) ;
#3216 = DIRECTION ( 'NONE',  ( -6.468928640617810500E-17, 1.000000000000000000, 0.0000000000000000000 ) ) ;
#3217 = CARTESIAN_POINT ( 'NONE',  ( 1.649999999999999911, 0.4749999999999999778, 0.3099999999999999978 ) ) ;
#3218 = ORIENTED_EDGE ( 'NONE', *, *, #624, .T. ) ;
#3219 = DIRECTION ( 'NONE',  ( 0.0000000000000000000, -0.0000000000000000000, 1.000000000000000000 ) ) ;
#3220 = EDGE_LOOP ( 'NONE', ( #2094, #1295 ) ) ;
#3221 = CARTESIAN_POINT ( 'NONE',  ( 1.519744788236719213, -0.1749999999999998501, 0.04999999999999989869 ) ) ;
#3222 = ORIENTED_EDGE ( 'NONE', *, *, #895, .F. ) ;
#3223 = DIRECTION ( 'NONE',  ( 0.0000000000000000000, -0.1045284632676540398, 0.9945218953682732899 ) ) ;
#3224 = LINE ( 'NONE', #1199, #3016 ) ;
#3225 = CARTESIAN_POINT ( 'NONE',  ( -0.04100000000000020989, 1.059358363155489924, 0.3099999999999999978 ) ) ;
#3226 = DIRECTION ( 'NONE',  ( -0.0000000000000000000, 1.000000000000000000, -0.0000000000000000000 ) ) ;
#3227 = ADVANCED_FACE ( 'NONE', ( #461 ), #3269, .F. ) ;
#3228 = ORIENTED_EDGE ( 'NONE', *, *, #2814, .T. ) ;
#3229 = ORIENTED_EDGE ( 'NONE', *, *, #1228, .T. ) ;
#3230 = SHAPE_DEFINITION_REPRESENTATION ( #1760, #51 ) ;
#3231 = DIRECTION ( 'NONE',  ( -6.133828865332359403E-17, -1.000000000000000000, 0.0000000000000000000 ) ) ;
#3232 = EDGE_CURVE ( 'NONE', #3279, #2249, #502, .T. ) ;
#3233 = EDGE_CURVE ( 'NONE', #125, #2509, #1350, .T. ) ;
#3234 = FACE_OUTER_BOUND ( 'NONE', #1048, .T. ) ;
#3235 = VERTEX_POINT ( 'NONE', #2477 ) ;
#3236 = CARTESIAN_POINT ( 'NONE',  ( 1.649999999999999911, -0.8249999999999999556, 0.3099999999999999978 ) ) ;
#3237 = ORIENTED_EDGE ( 'NONE', *, *, #1951, .T. ) ;
#3238 = AXIS2_PLACEMENT_3D ( 'NONE', #2198, #1069, #145 ) ;
#3239 =( LENGTH_UNIT ( ) NAMED_UNIT ( * ) SI_UNIT ( .MILLI., .METRE. ) );
#3240 = DIRECTION ( 'NONE',  ( -0.0000000000000000000, -1.000000000000000000, 0.0000000000000000000 ) ) ;
#3241 = ORIENTED_EDGE ( 'NONE', *, *, #506, .F. ) ;
#3242 = CARTESIAN_POINT ( 'NONE',  ( 1.325636372652100103, 1.425103541233990079, 0.9504513057678951604 ) ) ;
#3243 = CARTESIAN_POINT ( 'NONE',  ( 0.0000000000000000000, 0.0000000000000000000, 0.9899999999999999911 ) ) ;
#3244 = DIRECTION ( 'NONE',  ( -0.1039620511844980000, 0.1039620511844980000, -0.9891328443778539814 ) ) ;
#3245 = DIRECTION ( 'NONE',  ( 0.0000000000000000000, 0.0000000000000000000, 1.000000000000000000 ) ) ;
#3246 = SURFACE_STYLE_USAGE ( .BOTH. , #2067 ) ;
#3247 = ORIENTED_EDGE ( 'NONE', *, *, #267, .T. ) ;
#3248 = DIRECTION ( 'NONE',  ( 0.0000000000000000000, 1.000000000000000000, 0.0000000000000000000 ) ) ;
#3249 = ORIENTED_EDGE ( 'NONE', *, *, #2694, .T. ) ;
#3250 =( GEOMETRIC_REPRESENTATION_CONTEXT ( 3 ) GLOBAL_UNCERTAINTY_ASSIGNED_CONTEXT ( ( #2364 ) ) GLOBAL_UNIT_ASSIGNED_CONTEXT ( ( #3432, #961, #3207 ) ) REPRESENTATION_CONTEXT ( 'NONE', 'WORKASPACE' ) );
#3251 = CARTESIAN_POINT ( 'NONE',  ( 1.219999999999999973, 0.0000000000000000000, 0.05000000000000000278 ) ) ;
#3252 = VERTEX_POINT ( 'NONE', #1310 ) ;
#3253 = CARTESIAN_POINT ( 'NONE',  ( -0.04100000000000022377, -1.149999999999999911, 0.05000000000000001665 ) ) ;
#3254 = ORIENTED_EDGE ( 'NONE', *, *, #624, .F. ) ;
#3255 =( GEOMETRIC_REPRESENTATION_CONTEXT ( 3 ) GLOBAL_UNCERTAINTY_ASSIGNED_CONTEXT ( ( #3434 ) ) GLOBAL_UNIT_ASSIGNED_CONTEXT ( ( #1692, #875, #840 ) ) REPRESENTATION_CONTEXT ( 'NONE', 'WORKASPACE' ) );
#3256 = EDGE_CURVE ( 'NONE', #2683, #3294, #1332, .T. ) ;
#3257 = CIRCLE ( 'NONE', #3132, 0.1000000000000000472 ) ;
#3258 = EDGE_CURVE ( 'NONE', #1195, #2981, #1368, .T. ) ;
#3259 = AXIS2_PLACEMENT_3D ( 'NONE', #156, #2464, #3586 ) ;
#3260 = SURFACE_STYLE_USAGE ( .BOTH. , #1841 ) ;
#3261 =( NAMED_UNIT ( * ) SI_UNIT ( $, .STERADIAN. ) SOLID_ANGLE_UNIT ( ) );
#3262 = ORIENTED_EDGE ( 'NONE', *, *, #2767, .F. ) ;
#3263 = CARTESIAN_POINT ( 'NONE',  ( -1.478681396979909302, 1.519744788236714994, 0.05000000000000003053 ) ) ;
#3264 = CARTESIAN_POINT ( 'NONE',  ( 1.492417687067639998, -0.8249999999999999556, 0.3100000000000000533 ) ) ;
#3265 =( GEOMETRIC_REPRESENTATION_CONTEXT ( 3 ) GLOBAL_UNCERTAINTY_ASSIGNED_CONTEXT ( ( #2476 ) ) GLOBAL_UNIT_ASSIGNED_CONTEXT ( ( #1626, #1020, #1938 ) ) REPRESENTATION_CONTEXT ( 'NONE', 'WORKASPACE' ) );
#3266 = STYLED_ITEM ( 'NONE', ( #2985 ), #3581 ) ;
#3267 = DIRECTION ( 'NONE',  ( -1.000000000000000000, 0.0000000000000000000, -0.0000000000000000000 ) ) ;
#3268 = DIRECTION ( 'NONE',  ( 0.0000000000000000000, 0.0000000000000000000, -1.000000000000000000 ) ) ;
#3269 = PLANE ( 'NONE',  #860 ) ;
#3270 = VECTOR ( 'NONE', #1623, 1000.000000000000000 ) ;
#3271 = EDGE_LOOP ( 'NONE', ( #2397, #2743, #546, #408 ) ) ;
#3272 = DIRECTION ( 'NONE',  ( -1.224646799147353207E-16, -1.000000000000000000, 0.0000000000000000000 ) ) ;
#3273 = ORIENTED_EDGE ( 'NONE', *, *, #303, .F. ) ;
#3274 = B_SPLINE_CURVE_WITH_KNOTS ( 'NONE', 3,
 ( #3356, #1967, #3635, #2766, #1402, #3369 ),
 .UNSPECIFIED., .F., .F.,
 ( 4, 2, 4 ),
 ( 0.0000000000000000000, 0.5000000000000000000, 1.000000000000000000 ),
 .UNSPECIFIED. ) ;
#3275 = APPLICATION_PROTOCOL_DEFINITION ( 'draft international standard', 'automotive_design', 1998, #1922 ) ;
#3276 = CARTESIAN_POINT ( 'NONE',  ( -1.649999999999999689, 0.8249999999999998446, 0.03000000000000001277 ) ) ;
#3277 = VERTEX_POINT ( 'NONE', #3061 ) ;
#3278 = DIRECTION ( 'NONE',  ( 0.0000000000000000000, 0.0000000000000000000, -1.000000000000000000 ) ) ;
#3279 = VERTEX_POINT ( 'NONE', #3621 ) ;
#3280 = FACE_OUTER_BOUND ( 'NONE', #1070, .T. ) ;
#3281 = EDGE_CURVE ( 'NONE', #1772, #2753, #3604, .T. ) ;
#3282 = DIRECTION ( 'NONE',  ( 0.7071067811865480168, 0.7071067811865470176, 0.0000000000000000000 ) ) ;
#3283 = ORIENTED_EDGE ( 'NONE', *, *, #2185, .T. ) ;
#3284 = CARTESIAN_POINT ( 'NONE',  ( -1.519744788236716104, 1.420292598699889330, 0.04999999999999985706 ) ) ;
#3285 = CYLINDRICAL_SURFACE ( 'NONE', #3333, 0.09999999999999996392 ) ;
#3286 = SURFACE_STYLE_USAGE ( .BOTH. , #3005 ) ;
#3287 = ADVANCED_FACE ( 'NONE', ( #1898 ), #1077, .T. ) ;
#3288 = LINE ( 'NONE', #1897, #2209 ) ;
#3289 = UNCERTAINTY_MEASURE_WITH_UNIT (LENGTH_MEASURE( 1.000000000000000082E-05 ), #3468, 'distance_accuracy_value', 'NONE');
#3290 = STYLED_ITEM ( 'NONE', ( #120 ), #51 ) ;
#3291 = DIRECTION ( 'NONE',  ( -0.0000000000000000000, -1.000000000000000000, -0.0000000000000000000 ) ) ;
#3292 = CARTESIAN_POINT ( 'NONE',  ( -1.649999999999999911, 0.0000000000000000000, 0.03000000000000000236 ) ) ;
#3293 = DIRECTION ( 'NONE',  ( 0.0000000000000000000, -1.000000000000000000, -0.0000000000000000000 ) ) ;
#3294 = VERTEX_POINT ( 'NONE', #805 ) ;
#3295 = PLANE ( 'NONE',  #1198 ) ;
#3296 = VERTEX_POINT ( 'NONE', #2419 ) ;
#3297 = CARTESIAN_POINT ( 'NONE',  ( -0.8621820786145817372, 1.003941175863180213, 0.9932635181990742135 ) ) ;
#3298 = EDGE_LOOP ( 'NONE', ( #3370, #3577, #2469 ) ) ;
#3299 =( NAMED_UNIT ( * ) PLANE_ANGLE_UNIT ( ) SI_UNIT ( $, .RADIAN. ) );
#3300 = AXIS2_PLACEMENT_3D ( 'NONE', #1673, #1932, #1158 ) ;
#3301 = ORIENTED_EDGE ( 'NONE', *, *, #3233, .F. ) ;
#3302 = DIRECTION ( 'NONE',  ( 0.0000000000000000000, 1.000000000000000000, 0.0000000000000000000 ) ) ;
#3303 = FACE_OUTER_BOUND ( 'NONE', #390, .T. ) ;
#3304 = VECTOR ( 'NONE', #625, 1000.000000000000000 ) ;
#3305 = DIRECTION ( 'NONE',  ( -1.000000000000000000, 0.0000000000000000000, -0.0000000000000000000 ) ) ;
#3306 = EDGE_CURVE ( 'NONE', #3313, #2269, #1919, .T. ) ;
#3307 = EDGE_CURVE ( 'NONE', #1237, #886, #2227, .T. ) ;
#3308 = CARTESIAN_POINT ( 'NONE',  ( 1.425103380434535438, -1.325651190893910147, 0.9504528463271652017 ) ) ;
#3309 = PRESENTATION_STYLE_ASSIGNMENT (( #1184 ) ) ;
#3310 = ORIENTED_EDGE ( 'NONE', *, *, #2744, .F. ) ;
#3311 = CARTESIAN_POINT ( 'NONE',  ( 0.0000000000000000000, 0.0000000000000000000, 0.3099999999999999978 ) ) ;
#3312 = VECTOR ( 'NONE', #2258, 1000.000000000000114 ) ;
#3313 = VERTEX_POINT ( 'NONE', #822 ) ;
#3314 = CARTESIAN_POINT ( 'NONE',  ( -0.04100000000000009887, -1.054999999999999938, 0.03000000000000001624 ) ) ;
#3315 = VERTEX_POINT ( 'NONE', #2443 ) ;
#3316 =( GEOMETRIC_REPRESENTATION_CONTEXT ( 3 ) GLOBAL_UNCERTAINTY_ASSIGNED_CONTEXT ( ( #700 ) ) GLOBAL_UNIT_ASSIGNED_CONTEXT ( ( #1864, #780, #1877 ) ) REPRESENTATION_CONTEXT ( 'NONE', 'WORKASPACE' ) );
#3317 = CARTESIAN_POINT ( 'NONE',  ( -1.325651190699960624, 1.425103401607888065, 0.9504528485321886988 ) ) ;
#3318 = CARTESIAN_POINT ( 'NONE',  ( -0.07500000000000020539, -1.183999999999999941, 0.05000000000000000278 ) ) ;
#3319 = AXIS2_PLACEMENT_3D ( 'NONE', #3383, #612, #3113 ) ;
#3321 = ORIENTED_EDGE ( 'NONE', *, *, #898, .F. ) ;
#3320 = VECTOR ( 'NONE', #1168, 1000.000000000000000 ) ;
#3322 = SURFACE_SIDE_STYLE ('',( #516 ) ) ;
#3323 = DIRECTION ( 'NONE',  ( -0.0000000000000000000, -0.0000000000000000000, 1.000000000000000000 ) ) ;
#3324 = CARTESIAN_POINT ( 'NONE',  ( -1.219999999999999973, -0.8249999999999999556, 0.3099999999999999978 ) ) ;
#3325 = COLOUR_RGB ( '',0.1529411764705882470, 0.1529411764705882470, 0.1529411764705882470 ) ;
#3326 = DIRECTION ( 'NONE',  ( 0.0000000000000000000, 0.0000000000000000000, 1.000000000000000000 ) ) ;
#3327 = AXIS2_PLACEMENT_3D ( 'NONE', #2152, #2758, #518 ) ;
#3328 = CARTESIAN_POINT ( 'NONE',  ( -0.04100000000000020295, -1.149999999999999911, 0.03000000000000002318 ) ) ;
#3329 = CARTESIAN_POINT ( 'NONE',  ( -1.219999999999999973, -0.4749999999999999778, 0.3099999999999999978 ) ) ;
#3330 = EDGE_CURVE ( 'NONE', #165, #451, #3571, .T. ) ;
#3331 = ADVANCED_FACE ( 'NONE', ( #1879 ), #479, .T. ) ;
#3332 = LINE ( 'NONE', #2480, #2736 ) ;
#3333 = AXIS2_PLACEMENT_3D ( 'NONE', #1844, #187, #1876 ) ;
#3334 = CARTESIAN_POINT ( 'NONE',  ( 1.219999999999999973, 1.125000000000000222, 0.3099999999999999978 ) ) ;
#3335 = EDGE_CURVE ( 'NONE', #1850, #1362, #2840, .T. ) ;
#3336 = VERTEX_POINT ( 'NONE', #23 ) ;
#3337 = LINE ( 'NONE', #3633, #2889 ) ;
#3338 = ORIENTED_EDGE ( 'NONE', *, *, #3395, .F. ) ;
#3339 = DIRECTION ( 'NONE',  ( 0.1045284632676540398, 0.0000000000000000000, 0.9945218953682732899 ) ) ;
#3340 = ORIENTED_EDGE ( 'NONE', *, *, #3551, .F. ) ;
#3341 = CARTESIAN_POINT ( 'NONE',  ( -1.524999999999999911, 0.8249999999999997335, 0.0000000000000000000 ) ) ;
#3342 = CARTESIAN_POINT ( 'NONE',  ( -1.519744788236717437, 0.4749999999999995337, 0.04999999999999973216 ) ) ;
#3343 = CARTESIAN_POINT ( 'NONE',  ( 1.325651190893909703, 1.425103380430739142, 0.9504528463267660765 ) ) ;
#3344 = CARTESIAN_POINT ( 'NONE',  ( -1.716239405786870176, -1.425103380430737365, 0.9504528463267657434 ) ) ;
#3345 = LINE ( 'NONE', #1566, #3000 ) ;
#3346 = CARTESIAN_POINT ( 'NONE',  ( 0.0000000000000000000, 0.0000000000000000000, 0.03000000000000000236 ) ) ;
#3347 = CARTESIAN_POINT ( 'NONE',  ( -0.07500000000000020539, 1.183999999999999941, 0.03000000000000002318 ) ) ;
#3348 = EDGE_CURVE ( 'NONE', #2467, #3277, #891, .T. ) ;
#3349 = EDGE_CURVE ( 'NONE', #1578, #372, #3378, .T. ) ;
#3350 = FACE_OUTER_BOUND ( 'NONE', #2520, .T. ) ;
#3351 = ORIENTED_EDGE ( 'NONE', *, *, #1499, .F. ) ;
#3352 = FILL_AREA_STYLE_COLOUR ( '', #1296 ) ;
#3353 = ORIENTED_EDGE ( 'NONE', *, *, #1908, .T. ) ;
#3354 = EDGE_CURVE ( 'NONE', #2590, #279, #2257, .T. ) ;
#3355 = ADVANCED_FACE ( 'NONE', ( #574 ), #283, .T. ) ;
#3356 = CARTESIAN_POINT ( 'NONE',  ( -1.325651180250988714, -1.425103380550819754, 0.9504528452207727796 ) ) ;
#3357 = CARTESIAN_POINT ( 'NONE',  ( -0.8553982570815289455, 1.301027013426482304, 1.031736481776670322 ) ) ;
#3358 = ORIENTED_EDGE ( 'NONE', *, *, #2580, .T. ) ;
#3359 =( NAMED_UNIT ( * ) PLANE_ANGLE_UNIT ( ) SI_UNIT ( $, .RADIAN. ) );
#3360 = CARTESIAN_POINT ( 'NONE',  ( 0.0000000000000000000, 1.325651190893909925, 1.040000000000000036 ) ) ;
#3361 = CARTESIAN_POINT ( 'NONE',  ( 0.0000000000000000000, 1.649999999999999911, 0.3099999999999999978 ) ) ;
#3362 = LINE ( 'NONE', #26, #3312 ) ;
#3363 = CARTESIAN_POINT ( 'NONE',  ( 1.649999999999999911, 0.0000000000000000000, 0.3099999999999999978 ) ) ;
#3364 =( GEOMETRIC_REPRESENTATION_CONTEXT ( 3 ) GLOBAL_UNCERTAINTY_ASSIGNED_CONTEXT ( ( #629 ) ) GLOBAL_UNIT_ASSIGNED_CONTEXT ( ( #2996, #2747, #217 ) ) REPRESENTATION_CONTEXT ( 'NONE', 'WORKASPACE' ) );
#3365 = CARTESIAN_POINT ( 'NONE',  ( -0.9225131748294709277, 0.8611619074934150353, 1.039999999999999369 ) ) ;
#3366 = PLANE ( 'NONE',  #2014 ) ;
#3367 = VERTEX_POINT ( 'NONE', #1986 ) ;
#3368 = ORIENTED_EDGE ( 'NONE', *, *, #3114, .T. ) ;
#3369 = CARTESIAN_POINT ( 'NONE',  ( -1.425103401607039411, -1.325651190704125737, 0.9504528485405793203 ) ) ;
#3370 = ORIENTED_EDGE ( 'NONE', *, *, #1654, .F. ) ;
#3371 = CARTESIAN_POINT ( 'NONE',  ( -1.153365729548374130, 1.302790283233568713, 1.036736481776671326 ) ) ;
#3372 = EDGE_CURVE ( 'NONE', #155, #1110, #558, .T. ) ;
#3373 = ORIENTED_EDGE ( 'NONE', *, *, #1007, .T. ) ;
#3374 = EDGE_CURVE ( 'NONE', #2753, #2724, #1708, .T. ) ;
#3375 = FACE_OUTER_BOUND ( 'NONE', #2456, .T. ) ;
#3376 = VECTOR ( 'NONE', #2566, 1000.000000000000000 ) ;
#3377 = AXIS2_PLACEMENT_3D ( 'NONE', #2511, #20, #282 ) ;
#3378 = LINE ( 'NONE', #2823, #1098 ) ;
#3379 = AXIS2_PLACEMENT_3D ( 'NONE', #956, #2080, #2102 ) ;
#3380 = VECTOR ( 'NONE', #845, 1000.000000000000000 ) ;
#3381 = VECTOR ( 'NONE', #2156, 1000.000000000000000 ) ;
#3382 = CARTESIAN_POINT ( 'NONE',  ( -1.524999999999999911, -1.125000000000000888, 0.0000000000000000000 ) ) ;
#3383 = CARTESIAN_POINT ( 'NONE',  ( 0.0000000000000000000, 0.0000000000000000000, 0.3099999999999999978 ) ) ;
#3384 = CARTESIAN_POINT ( 'NONE',  ( -1.219999999999999973, 0.8249999999999999556, 0.3099999999999999978 ) ) ;
#3385 = COLOUR_RGB ( '',0.1529411764705882470, 0.1529411764705882470, 0.1529411764705882470 ) ;
#3386 = DIRECTION ( 'NONE',  ( 1.000000000000000000, 0.0000000000000000000, 0.0000000000000000000 ) ) ;
#3387 = MECHANICAL_DESIGN_GEOMETRIC_PRESENTATION_REPRESENTATION (  '', ( #862 ), #381 ) ;
#3388 = ORIENTED_EDGE ( 'NONE', *, *, #2360, .T. ) ;
#3389 = CARTESIAN_POINT ( 'NONE',  ( 1.219999999999999973, -1.054999999999999938, 0.03000000000000002318 ) ) ;
#3390 = EDGE_LOOP ( 'NONE', ( #109, #414, #847, #2068 ) ) ;
#3391 = SURFACE_STYLE_USAGE ( .BOTH. , #3406 ) ;
#3392 = ORIENTED_EDGE ( 'NONE', *, *, #1552, .F. ) ;
#3393 = CARTESIAN_POINT ( 'NONE',  ( -0.8545166221779858517, 1.003941175863180213, 1.036736481776671104 ) ) ;
#3394 = ORIENTED_EDGE ( 'NONE', *, *, #898, .T. ) ;
#3395 = EDGE_CURVE ( 'NONE', #2683, #379, #3413, .T. ) ;
#3396 = DIRECTION ( 'NONE',  ( -1.000000000000000000, -0.0000000000000000000, 0.0000000000000000000 ) ) ;
#3397 = DIRECTION ( 'NONE',  ( -0.0000000000000000000, 0.0000000000000000000, -1.000000000000000000 ) ) ;
#3398 = ADVANCED_FACE ( 'NONE', ( #329 ), #2221, .F. ) ;
#3399 = DIRECTION ( 'NONE',  ( -0.1045284632676540398, -0.0000000000000000000, -0.9945218953682732899 ) ) ;
#3400 = PLANE ( 'NONE',  #3319 ) ;
#3401 = CARTESIAN_POINT ( 'NONE',  ( -1.325651190893909925, -1.325651190893909925, 1.039999999999990044 ) ) ;
#3402 = PLANE ( 'NONE',  #551 ) ;
#3403 = ORIENTED_EDGE ( 'NONE', *, *, #170, .F. ) ;
#3404 = CARTESIAN_POINT ( 'NONE',  ( -1.146581908037177522, 0.7186597115151851511, 0.9982635181726939866 ) ) ;
#3405 = EDGE_LOOP ( 'NONE', ( #1268, #2220, #185, #2505 ) ) ;
#3406 = SURFACE_SIDE_STYLE ('',( #2781 ) ) ;
#3407 = ORIENTED_EDGE ( 'NONE', *, *, #595, .F. ) ;
#3408 = LINE ( 'NONE', #36, #91 ) ;
#3409 = VERTEX_POINT ( 'NONE', #2616 ) ;
#3410 = LINE ( 'NONE', #3360, #3117 ) ;
#3411 = CARTESIAN_POINT ( 'NONE',  ( -1.325637774960490178, 1.415692997643589690, 1.039999999999999813 ) ) ;
#3412 = ORIENTED_EDGE ( 'NONE', *, *, #640, .F. ) ;
#3413 = LINE ( 'NONE', #1730, #2742 ) ;
#3414 = CARTESIAN_POINT ( 'NONE',  ( 1.219999999999999973, -1.054999999999999938, 0.3099999999999999978 ) ) ;
#3415 = LINE ( 'NONE', #1751, #1191 ) ;
#3416 = CARTESIAN_POINT ( 'NONE',  ( -1.325651190893909925, -1.325651190893909925, 1.040000000000000036 ) ) ;
#3417 = VECTOR ( 'NONE', #1372, 1000.000000000000000 ) ;
#3418 = EDGE_CURVE ( 'NONE', #1850, #351, #698, .T. ) ;
#3419 = EDGE_CURVE ( 'NONE', #1211, #570, #2893, .T. ) ;
#3420 = VECTOR ( 'NONE', #3109, 1000.000000000000000 ) ;
#3421 = LINE ( 'NONE', #2007, #2844 ) ;
#3422 = ORIENTED_EDGE ( 'NONE', *, *, #2515, .F. ) ;
#3423 =( LENGTH_UNIT ( ) NAMED_UNIT ( * ) SI_UNIT ( .MILLI., .METRE. ) );
#3424 = ORIENTED_EDGE ( 'NONE', *, *, #3335, .T. ) ;
#3425 = LINE ( 'NONE', #2018, #3138 ) ;
#3426 = ORIENTED_EDGE ( 'NONE', *, *, #3079, .T. ) ;
#3427 = DIRECTION ( 'NONE',  ( -0.0000000000000000000, 0.0000000000000000000, -1.000000000000000000 ) ) ;
#3429 = ORIENTED_EDGE ( 'NONE', *, *, #895, .T. ) ;
#3428 = VECTOR ( 'NONE', #2497, 1000.000000000000000 ) ;
#3430 = AXIS2_PLACEMENT_3D ( 'NONE', #2187, #3025, #2023 ) ;
#3431 = MECHANICAL_DESIGN_GEOMETRIC_PRESENTATION_REPRESENTATION (  '', ( #2959 ), #3078 ) ;
#3432 =( LENGTH_UNIT ( ) NAMED_UNIT ( * ) SI_UNIT ( .MILLI., .METRE. ) );
#3433 = CARTESIAN_POINT ( 'NONE',  ( -1.524999999999999911, -1.519744788236716104, 0.04999999999999968359 ) ) ;
#3434 = UNCERTAINTY_MEASURE_WITH_UNIT (LENGTH_MEASURE( 1.000000000000000082E-05 ), #1692, 'distance_accuracy_value', 'NONE');
#3435 =( NAMED_UNIT ( * ) PLANE_ANGLE_UNIT ( ) SI_UNIT ( $, .RADIAN. ) );
#3436 = VECTOR ( 'NONE', #78, 1000.000000000000000 ) ;
#3437 = DIRECTION ( 'NONE',  ( -1.000000000000000000, 0.0000000000000000000, 0.0000000000000000000 ) ) ;
#3438 = CARTESIAN_POINT ( 'NONE',  ( -0.07500000000000020539, 1.649999999999999911, 0.3099999999999999978 ) ) ;
#3439 = ADVANCED_FACE ( 'NONE', ( #1808 ), #3470, .T. ) ;
#3440 = EDGE_LOOP ( 'NONE', ( #216, #828, #792, #1560 ) ) ;
#3441 = PRESENTATION_STYLE_ASSIGNMENT (( #2314 ) ) ;
#3442 = VECTOR ( 'NONE', #564, 1000.000000000000114 ) ;
#3443 = SURFACE_STYLE_USAGE ( .BOTH. , #50 ) ;
#3444 = VECTOR ( 'NONE', #238, 1000.000000000000000 ) ;
#3445 = VECTOR ( 'NONE', #1504, 1000.000000000000000 ) ;
#3446 = EDGE_CURVE ( 'NONE', #1823, #740, #2380, .T. ) ;
#3447 = LINE ( 'NONE', #951, #887 ) ;
#3448 = EDGE_LOOP ( 'NONE', ( #3564, #1453, #3358, #906 ) ) ;
#3449 = CARTESIAN_POINT ( 'NONE',  ( -0.3250000000000000666, 1.183999999999999941, 0.3099999999999999978 ) ) ;
#3450 = ORIENTED_EDGE ( 'NONE', *, *, #2832, .T. ) ;
#3451 = COLOUR_RGB ( '',0.1529411764705882470, 0.1529411764705882470, 0.1529411764705882470 ) ;
#3452 = FACE_OUTER_BOUND ( 'NONE', #3506, .T. ) ;
#3453 = ORIENTED_EDGE ( 'NONE', *, *, #2673, .F. ) ;
#3454 = DIRECTION ( 'NONE',  ( -1.000000000000000000, 0.0000000000000000000, -0.0000000000000000000 ) ) ;
#3455 = DIRECTION ( 'NONE',  ( 0.0000000000000000000, 0.0000000000000000000, 1.000000000000000000 ) ) ;
#3456 = CARTESIAN_POINT ( 'NONE',  ( -1.325651190893909925, 1.325651190893909925, 0.9399999999999999467 ) ) ;
#3457 = CARTESIAN_POINT ( 'NONE',  ( 1.239999999999999991, 0.8249999999999999556, 0.03000000000000000930 ) ) ;
#3458 = ORIENTED_EDGE ( 'NONE', *, *, #3052, .F. ) ;
#3459 = CARTESIAN_POINT ( 'NONE',  ( 1.346314792028860063, -1.413612771881230135, 1.040000000000000036 ) ) ;
#3460 = ORIENTED_EDGE ( 'NONE', *, *, #2306, .F. ) ;
#3461 = FACE_OUTER_BOUND ( 'NONE', #924, .T. ) ;
#3462 = FACE_OUTER_BOUND ( 'NONE', #3199, .T. ) ;
#3463 = ORIENTED_EDGE ( 'NONE', *, *, #126, .F. ) ;
#3464 = CARTESIAN_POINT ( 'NONE',  ( -1.085369176896910703, 1.146720444232949720, 1.039999999999999369 ) ) ;
#3465 = ADVANCED_FACE ( 'NONE', ( #2633 ), #76, .T. ) ;
#3466 = EDGE_CURVE ( 'NONE', #1610, #214, #114, .T. ) ;
#3467 = CARTESIAN_POINT ( 'NONE',  ( -1.649999999999999689, 1.125000000000000222, 0.03000000000000001277 ) ) ;
#3468 =( LENGTH_UNIT ( ) NAMED_UNIT ( * ) SI_UNIT ( .MILLI., .METRE. ) );
#3469 = VERTEX_POINT ( 'NONE', #3264 ) ;
#3470 = PLANE ( 'NONE',  #2387 ) ;
#3471 = DIRECTION ( 'NONE',  ( 0.0000000000000000000, 1.000000000000000000, 0.0000000000000000000 ) ) ;
#3472 = PRESENTATION_LAYER_ASSIGNMENT (  '', '', ( #1418 ) ) ;
#3473 = ORIENTED_EDGE ( 'NONE', *, *, #2289, .F. ) ;
#3474 =( NAMED_UNIT ( * ) PLANE_ANGLE_UNIT ( ) SI_UNIT ( $, .RADIAN. ) );
#3475 = ORIENTED_EDGE ( 'NONE', *, *, #2872, .F. ) ;
#3476 = VECTOR ( 'NONE', #1824, 1000.000000000000000 ) ;
#3477 = CARTESIAN_POINT ( 'NONE',  ( 1.219999999999999973, 0.0000000000000000000, 0.03000000000000000236 ) ) ;
#3478 = DIRECTION ( 'NONE',  ( 0.0000000000000000000, 1.000000000000000000, 0.0000000000000000000 ) ) ;
#3479 = VERTEX_POINT ( 'NONE', #1863 ) ;
#3480 = CARTESIAN_POINT ( 'NONE',  ( -1.136879089334777104, 0.9676290833008941439, 0.9899999999999997691 ) ) ;
#3481 = ORIENTED_EDGE ( 'NONE', *, *, #660, .F. ) ;
#3482 = CARTESIAN_POINT ( 'NONE',  ( -0.3589999999999999858, 1.149999999999999911, 0.02999999999999991562 ) ) ;
#3483 = EDGE_CURVE ( 'NONE', #1362, #2974, #800, .T. ) ;
#3484 = CARTESIAN_POINT ( 'NONE',  ( 1.649999999999999911, -1.125000000000000222, 0.3099999999999999978 ) ) ;
#3485 = VERTEX_POINT ( 'NONE', #1364 ) ;
#3486 = DIRECTION ( 'NONE',  ( -1.000000000000000000, 0.0000000000000000000, -0.0000000000000000000 ) ) ;
#3487 = COLOUR_RGB ( '',0.1529411764705882470, 0.1529411764705882470, 0.1529411764705882470 ) ;
#3488 = EDGE_CURVE ( 'NONE', #3367, #2063, #760, .T. ) ;
#3489 = DIRECTION ( 'NONE',  ( 0.0000000000000000000, 0.0000000000000000000, -1.000000000000000000 ) ) ;
#3490 = VECTOR ( 'NONE', #1955, 1000.000000000000000 ) ;
#3491 = CARTESIAN_POINT ( 'NONE',  ( -1.325651190699960624, 1.425103401607888065, 0.9504528485321886988 ) ) ;
#3492 = VECTOR ( 'NONE', #3527, 1000.000000000000000 ) ;
#3493 = ORIENTED_EDGE ( 'NONE', *, *, #3512, .T. ) ;
#3494 = CARTESIAN_POINT ( 'NONE',  ( 1.410725218524210067, -1.351277487831100244, 1.039999999999989821 ) ) ;
#3495 = COLOUR_RGB ( '',0.1529411764705882470, 0.1529411764705882470, 0.1529411764705882470 ) ;
#3496 = CARTESIAN_POINT ( 'NONE',  ( -1.649999999999999911, -0.8249999999999999556, 0.03000000000000002318 ) ) ;
#3497 = COLOUR_RGB ( '',0.1529411764705882470, 0.1529411764705882470, 0.1529411764705882470 ) ;
#3498 = SURFACE_STYLE_FILL_AREA ( #3177 ) ;
#3499 = DIRECTION ( 'NONE',  ( 0.0000000000000000000, 1.000000000000000000, -0.0000000000000000000 ) ) ;
#3500 = ORIENTED_EDGE ( 'NONE', *, *, #2786, .F. ) ;
#3501 = VECTOR ( 'NONE', #2270, 1000.000000000000000 ) ;
#3502 = VECTOR ( 'NONE', #769, 1000.000000000000000 ) ;
#3503 = CARTESIAN_POINT ( 'NONE',  ( -0.07499999999999976130, -1.524999999999999911, 0.0000000000000000000 ) ) ;
#3504 = CARTESIAN_POINT ( 'NONE',  ( -0.3250000000000008438, 1.492417687067639998, 0.3100000000000001643 ) ) ;
#3505 = AXIS2_PLACEMENT_3D ( 'NONE', #2276, #1749, #589 ) ;
#3506 = EDGE_LOOP ( 'NONE', ( #3155, #276, #2230, #1508, #1826, #815 ) ) ;
#3507 = CARTESIAN_POINT ( 'NONE',  ( 1.381238393696349931, 1.409252488532829917, 0.9546293008966669769 ) ) ;
#3508 =( LENGTH_UNIT ( ) NAMED_UNIT ( * ) SI_UNIT ( .MILLI., .METRE. ) );
#3509 = PRODUCT_RELATED_PRODUCT_CATEGORY ( 'part', '', ( #2880 ) ) ;
#3510 = EDGE_CURVE ( 'NONE', #3409, #733, #497, .T. ) ;
#3511 = LINE ( 'NONE', #3225, #3492 ) ;
#3512 = EDGE_CURVE ( 'NONE', #1337, #3144, #2967, .T. ) ;
#3513 = EDGE_CURVE ( 'NONE', #155, #2534, #3021, .T. ) ;
#3514 = DIRECTION ( 'NONE',  ( 0.0000000000000000000, 0.0000000000000000000, -1.000000000000000000 ) ) ;
#3515 = VERTEX_POINT ( 'NONE', #2146 ) ;
#3516 = ORIENTED_EDGE ( 'NONE', *, *, #15, .T. ) ;
#3517 = DIRECTION ( 'NONE',  ( 0.0000000000000000000, 0.0000000000000000000, -1.000000000000000000 ) ) ;
#3518 = FACE_OUTER_BOUND ( 'NONE', #2961, .T. ) ;
#3519 = ORIENTED_EDGE ( 'NONE', *, *, #1275, .T. ) ;
#3520 = ORIENTED_EDGE ( 'NONE', *, *, #3184, .F. ) ;
#3521 = PLANE ( 'NONE',  #1761 ) ;
#3522 = PLANE ( 'NONE',  #2549 ) ;
#3523 = ORIENTED_EDGE ( 'NONE', *, *, #60, .T. ) ;
#3524 = FILL_AREA_STYLE_COLOUR ( '', #3325 ) ;
#3525 = FILL_AREA_STYLE_COLOUR ( '', #3451 ) ;
#3526 = COLOUR_RGB ( '',0.1529411764705882470, 0.1529411764705882470, 0.1529411764705882470 ) ;
#3527 = DIRECTION ( 'NONE',  ( -0.0000000000000000000, 0.0000000000000000000, -1.000000000000000000 ) ) ;
#3528 = CARTESIAN_POINT ( 'NONE',  ( 1.492417687067639998, -1.524999999999999911, 0.3100000000000001088 ) ) ;
#3529 = EDGE_CURVE ( 'NONE', #2509, #657, #3582, .T. ) ;
#3530 = ADVANCED_FACE ( 'NONE', ( #3303 ), #2168, .F. ) ;
#3531 = ORIENTED_EDGE ( 'NONE', *, *, #3418, .T. ) ;
#3532 = DIRECTION ( 'NONE',  ( 0.0000000000000000000, -0.1045284632676540398, 0.9945218953682732899 ) ) ;
#3533 = ORIENTED_EDGE ( 'NONE', *, *, #2061, .T. ) ;
#3534 = LINE ( 'NONE', #3477, #3445 ) ;
#3535 = DIRECTION ( 'NONE',  ( -0.1736481776418800083, 2.126576849268993461E-17, 0.9848077530166250426 ) ) ;
#3536 = ORIENTED_EDGE ( 'NONE', *, *, #623, .F. ) ;
#3537 = LINE ( 'NONE', #1323, #2969 ) ;
#3538 = ORIENTED_EDGE ( 'NONE', *, *, #2214, .F. ) ;
#3539 = PRESENTATION_LAYER_ASSIGNMENT (  '', '', ( #5 ) ) ;
#3540 = CARTESIAN_POINT ( 'NONE',  ( -0.3589999999999999858, 0.0000000000000000000, 0.05000000000000000278 ) ) ;
#3541 = VECTOR ( 'NONE', #3070, 1000.000000000000000 ) ;
#3542 = ORIENTED_EDGE ( 'NONE', *, *, #1036, .T. ) ;
#3543 = PLANE ( 'NONE',  #2266 ) ;
#3544 = CARTESIAN_POINT ( 'NONE',  ( -0.07500000000000020539, 1.183999999999999941, 0.03000000000000001277 ) ) ;
#3545 =( NAMED_UNIT ( * ) SI_UNIT ( $, .STERADIAN. ) SOLID_ANGLE_UNIT ( ) );
#3546 = DIRECTION ( 'NONE',  ( 0.1039620511845018580, 0.1039620511844982914, -0.9891328443778534263 ) ) ;
#3547 = DIRECTION ( 'NONE',  ( 0.0000000000000000000, -1.000000000000000000, -0.0000000000000000000 ) ) ;
#3548 = ORIENTED_EDGE ( 'NONE', *, *, #1882, .F. ) ;
#3549 = LINE ( 'NONE', #450, #1381 ) ;
#3550 = VECTOR ( 'NONE', #980, 1000.000000000000000 ) ;
#3551 = EDGE_CURVE ( 'NONE', #3485, #214, #1573, .T. ) ;
#3552 = VECTOR ( 'NONE', #1937, 1000.000000000000114 ) ;
#3553 = CARTESIAN_POINT ( 'NONE',  ( 1.239999999999999991, -0.8249999999999999556, 0.3099999999999999978 ) ) ;
#3554 = VECTOR ( 'NONE', #264, 1000.000000000000000 ) ;
#3555 = FILL_AREA_STYLE ('',( #453 ) ) ;
#3556 = VERTEX_POINT ( 'NONE', #3544 ) ;
#3557 = ORIENTED_EDGE ( 'NONE', *, *, #324, .F. ) ;
#3558 = VECTOR ( 'NONE', #3563, 1000.000000000000000 ) ;
#3559 = VECTOR ( 'NONE', #3471, 1000.000000000000000 ) ;
#3560 = EDGE_CURVE ( 'NONE', #693, #1747, #2473, .T. ) ;
#3561 =( GEOMETRIC_REPRESENTATION_CONTEXT ( 3 ) GLOBAL_UNCERTAINTY_ASSIGNED_CONTEXT ( ( #1590 ) ) GLOBAL_UNIT_ASSIGNED_CONTEXT ( ( #1055, #2202, #799 ) ) REPRESENTATION_CONTEXT ( 'NONE', 'WORKASPACE' ) );
#3562 = DIRECTION ( 'NONE',  ( -1.000000000000000000, 0.0000000000000000000, -0.0000000000000000000 ) ) ;
#3563 = DIRECTION ( 'NONE',  ( -0.0000000000000000000, -1.000000000000000000, 0.0000000000000000000 ) ) ;
#3564 = ORIENTED_EDGE ( 'NONE', *, *, #878, .F. ) ;
#3565 = DIRECTION ( 'NONE',  ( 0.0000000000000000000, 1.000000000000000000, 0.0000000000000000000 ) ) ;
#3566 = CARTESIAN_POINT ( 'NONE',  ( -1.649999999999999911, -1.125000000000000222, 0.3099999999999999978 ) ) ;
#3567 = VECTOR ( 'NONE', #2789, 1000.000000000000000 ) ;
#3568 =( GEOMETRIC_REPRESENTATION_CONTEXT ( 3 ) GLOBAL_UNCERTAINTY_ASSIGNED_CONTEXT ( ( #2619 ) ) GLOBAL_UNIT_ASSIGNED_CONTEXT ( ( #459, #1639, #244 ) ) REPRESENTATION_CONTEXT ( 'NONE', 'WORKASPACE' ) );
#3569 = CARTESIAN_POINT ( 'NONE',  ( -0.3250000000000000666, 1.649999999999999911, 0.3099999999999999978 ) ) ;
#3570 = CARTESIAN_POINT ( 'NONE',  ( 0.0000000000000000000, -1.649999999999999911, 0.3099999999999999978 ) ) ;
#3571 = LINE ( 'NONE', #1044, #615 ) ;
#3572 = FACE_OUTER_BOUND ( 'NONE', #69, .T. ) ;
#3573 = CARTESIAN_POINT ( 'NONE',  ( -1.492417687067639998, 1.125000000000000000, 0.3100000000000001088 ) ) ;
#3574 = ORIENTED_EDGE ( 'NONE', *, *, #1840, .F. ) ;
#3575 = DIRECTION ( 'NONE',  ( 0.7071067811865500152, 0.7071067811865450192, 0.0000000000000000000 ) ) ;
#3576 = ORIENTED_EDGE ( 'NONE', *, *, #600, .F. ) ;
#3577 = ORIENTED_EDGE ( 'NONE', *, *, #1141, .F. ) ;
#3578 = DIRECTION ( 'NONE',  ( -0.1039620511844980000, -0.1039620511844980000, -0.9891328443778539814 ) ) ;
#3579 = EDGE_CURVE ( 'NONE', #1183, #1999, #2417, .T. ) ;
#3580 = ORIENTED_EDGE ( 'NONE', *, *, #2383, .T. ) ;
#3581 = ADVANCED_FACE ( 'NONE', ( #1917 ), #3285, .T. ) ;
#3582 = LINE ( 'NONE', #3003, #3270 ) ;
#3583 = LINE ( 'NONE', #1287, #3127 ) ;
#3584 = CARTESIAN_POINT ( 'NONE',  ( 0.0000000000000000000, 0.0000000000000000000, 0.3099999999999999978 ) ) ;
#3585 = DIRECTION ( 'NONE',  ( -1.000000000000000000, 0.0000000000000000000, -0.0000000000000000000 ) ) ;
#3586 = DIRECTION ( 'NONE',  ( 0.0000000000000000000, 0.0000000000000000000, 1.000000000000000000 ) ) ;
#3587 = CARTESIAN_POINT ( 'NONE',  ( -1.085160602635307336, 0.8613704817550187354, 1.040000000000000036 ) ) ;
#3588 = DIRECTION ( 'NONE',  ( 0.0000000000000000000, 0.0000000000000000000, -1.000000000000000000 ) ) ;
#3589 = ORIENTED_EDGE ( 'NONE', *, *, #2515, .T. ) ;
#3590 = CARTESIAN_POINT ( 'NONE',  ( -1.136733830515987087, 1.269526485168794183, 0.9900000000000001021 ) ) ;
#3591 = EDGE_LOOP ( 'NONE', ( #2100, #3426, #2748, #2915, #1011, #985, #904, #2286, #1401, #178, #117, #2325, #566, #3249, #1242, #1301, #2122, #1915, #2353, #308 ) ) ;
#3592 = CYLINDRICAL_SURFACE ( 'NONE', #181, 0.1000000000000000472 ) ;
#3593 = ORIENTED_EDGE ( 'NONE', *, *, #3354, .T. ) ;
#3594 = DIRECTION ( 'NONE',  ( -0.9945218953682734009, 0.0000000000000000000, 0.1045284632676538733 ) ) ;
#3595 = VECTOR ( 'NONE', #2943, 1000.000000000000000 ) ;
#3596 = MANIFOLD_SOLID_BREP ( 'Imported1', #723 ) ;
#3597 = ORIENTED_EDGE ( 'NONE', *, *, #1274, .F. ) ;
#3598 = DIRECTION ( 'NONE',  ( 1.000000000000000000, -0.0000000000000000000, 0.0000000000000000000 ) ) ;
#3599 = DIRECTION ( 'NONE',  ( -1.000000000000000000, 0.0000000000000000000, -0.0000000000000000000 ) ) ;
#3600 = AXIS2_PLACEMENT_3D ( 'NONE', #2375, #1192, #96 ) ;
#3601 = EDGE_CURVE ( 'NONE', #2367, #1262, #3092, .T. ) ;
#3602 = EDGE_CURVE ( 'NONE', #458, #2137, #2035, .T. ) ;
#3603 = LINE ( 'NONE', #3324, #1717 ) ;
#3604 = LINE ( 'NONE', #3007, #3624 ) ;
#3605 = ADVANCED_FACE ( 'NONE', ( #1716 ), #1657, .T. ) ;
#3606 = CARTESIAN_POINT ( 'NONE',  ( -1.162332172174953104, 1.003941175863179991, 1.030000000000000027 ) ) ;
#3607 = DIRECTION ( 'NONE',  ( 0.0000000000000000000, 0.0000000000000000000, -1.000000000000000000 ) ) ;
#3608 = CARTESIAN_POINT ( 'NONE',  ( -1.146720444232949720, 0.9225131748294452816, 1.040000000000000036 ) ) ;
#3609 = DIRECTION ( 'NONE',  ( -1.000000000000000000, -0.0000000000000000000, -0.0000000000000000000 ) ) ;
#3610 = AXIS2_PLACEMENT_3D ( 'NONE', #2362, #1532, #2126 ) ;
#3611 = ORIENTED_EDGE ( 'NONE', *, *, #2873, .T. ) ;
#3612 = CARTESIAN_POINT ( 'NONE',  ( -1.141810963553231861, 0.7282016004830766942, 0.9900000000000016565 ) ) ;
#3613 = VERTEX_POINT ( 'NONE', #1171 ) ;
#3614 = FACE_OUTER_BOUND ( 'NONE', #3405, .T. ) ;
#3616 = ORIENTED_EDGE ( 'NONE', *, *, #2581, .T. ) ;
#3615 = VECTOR ( 'NONE', #2598, 1000.000000000000000 ) ;
#3617 = DIRECTION ( 'NONE',  ( 0.0000000000000000000, 0.0000000000000000000, -1.000000000000000000 ) ) ;
#3618 = SURFACE_STYLE_USAGE ( .BOTH. , #2490 ) ;
#3619 = PLANE ( 'NONE',  #1958 ) ;
#3620 = MECHANICAL_DESIGN_GEOMETRIC_PRESENTATION_REPRESENTATION (  '', ( #1557 ), #1145 ) ;
#3621 = CARTESIAN_POINT ( 'NONE',  ( 1.219999999999999973, -1.054999999999999938, 0.05000000000000001665 ) ) ;
#3622 = ADVANCED_FACE ( 'NONE', ( #1756 ), #819, .T. ) ;
#3623 = AXIS2_PLACEMENT_3D ( 'NONE', #692, #1803, #1524 ) ;
#3624 = VECTOR ( 'NONE', #1101, 1000.000000000000000 ) ;
#3625 = CARTESIAN_POINT ( 'NONE',  ( -0.07500000000000020539, 1.183999999999999941, 0.05000000000000001665 ) ) ;
#3626 = CARTESIAN_POINT ( 'NONE',  ( 0.0000000000000000000, 0.1749999999999999889, 0.05000000000000000278 ) ) ;
#3627 = VECTOR ( 'NONE', #2438, 1000.000000000000000 ) ;
#3628 = ORIENTED_EDGE ( 'NONE', *, *, #713, .T. ) ;
#3629 = EDGE_CURVE ( 'NONE', #42, #3056, #2447, .T. ) ;
#3630 = ADVANCED_FACE ( 'NONE', ( #3137 ), #2332, .T. ) ;
#3631 = DIRECTION ( 'NONE',  ( -0.1039620511844982775, -0.1039620511845023298, 0.9891328443778533153 ) ) ;
#3632 = VERTEX_POINT ( 'NONE', #618 ) ;
#3633 = CARTESIAN_POINT ( 'NONE',  ( -1.492417687067639998, 1.524999999999999911, 0.3100000000000001088 ) ) ;
#3634 = EDGE_LOOP ( 'NONE', ( #141, #688, #854, #798 ) ) ;
#3635 = CARTESIAN_POINT ( 'NONE',  ( -1.377210201886731822, -1.413976688251876057, 0.9547024542757257537 ) ) ;
#3636 = SURFACE_STYLE_USAGE ( .BOTH. , #2285 ) ;
#3637 = EDGE_LOOP ( 'NONE', ( #937, #355, #3222, #2103 ) ) ;
#3638 = SURFACE_STYLE_USAGE ( .BOTH. , #2562 ) ;
#3639 = FACE_OUTER_BOUND ( 'NONE', #1324, .T. ) ;
#3640 = CARTESIAN_POINT ( 'NONE',  ( 1.649999999999999911, 0.4749999999999999778, 0.3099999999999999978 ) ) ;
#3641 = LINE ( 'NONE', #3384, #729 ) ;
#3642 = LINE ( 'NONE', #1119, #204 ) ;
#3643 = LINE ( 'NONE', #2777, #1202 ) ;
#3644 = EDGE_CURVE ( 'NONE', #2055, #1110, #632, .T. ) ;
#3645 = ADVANCED_FACE ( 'NONE', ( #3461 ), #935, .T. ) ;
#3646 = ORIENTED_EDGE ( 'NONE', *, *, #1292, .T. ) ;
#3647 = SURFACE_STYLE_FILL_AREA ( #1928 ) ;
#3648 = ORIENTED_EDGE ( 'NONE', *, *, #761, .F. ) ;
#3649 = LINE ( 'NONE', #1360, #1942 ) ;
ENDSEC;
END-ISO-10303-21;
